[
  {
    "Id": "218913",
    "ThreadId": "64335",
    "Html": "<p>Hi. First let me say - fantastic library!</p>\r\n<p>I am trying to create a graph with both hierarchical relatioships (edges) and associative/casual relationships (edges). I don't see a way very easily to do this in the IBidrectionalGraph, although I noticed a HierarchicalGraph. HierarchicalGraph seems to support both Hierarchical and General edges (perfect!). Except that I am unable to get anything to display whne rendering the graph using &lt;GraphLayout&gt;.</p>\r\n<p>Has anyone used or done something like this before? And are there any samples available?</p>",
    "PostedDate": "2009-08-03T12:03:06.753-07:00",
    "UserRole": null,
    "MarkedAsAnswerDate": null
  },
  {
    "Id": "240305",
    "ThreadId": "64335",
    "Html": "<p>I need to do the exact same thing.&nbsp; I'm just trying out various things for now to familiarize myself with the codebase.</p>\r\n<p>(I haven't worked with WPF or QuickGraph before.)</p>\r\n<p>Please post any progress you make, if you haven't finished yet.&nbsp; Perhaps we can coordinate.</p>\r\n<p>&nbsp;</p>",
    "PostedDate": "2009-09-30T01:49:34.503-07:00",
    "UserRole": null,
    "MarkedAsAnswerDate": null
  },
  {
    "Id": "242363",
    "ThreadId": "64335",
    "Html": "<p>Do you see any binding errors when running in debug mode (they appear in the output window)?</p>\r\n<p>Most likely, you need to derive your own GraphLayout class that provides the specific types of your elements (Vertex and Edge view model classes).&nbsp; See MyGraphLayout in the sample project.&nbsp; If you are still having trouble, show us the binding error messages you are seeing (if any) and we'll try to help.</p>",
    "PostedDate": "2009-10-05T17:55:17.113-07:00",
    "UserRole": null,
    "MarkedAsAnswerDate": null
  }
]