[
  {
    "Id": "829851",
    "ThreadId": "353937",
    "Html": "\r\n<p>Hi</p>\r\n<p>I need to draw a unidrected graph in my program.</p>\r\n<p>But maybe the default graph is directed,</p>\r\n<p>I change the default graph type but it meanless;</p>\r\n<p>Somebody who have idea or method can help me</p>\r\n<p>Thanks!!!</p>\r\n<p>&nbsp;</p>\r\n",
    "PostedDate": "2012-04-29T02:49:22.89-07:00",
    "UserRole": null,
    "MarkedAsAnswerDate": null
  },
  {
    "Id": "894383",
    "ThreadId": "353937",
    "Html": "<p>Did you figure this out? It looks like Graph# is only for directed graphs.</p>",
    "PostedDate": "2012-08-01T15:51:02.547-07:00",
    "UserRole": null,
    "MarkedAsAnswerDate": null
  }
]