[
  {
    "Id": "212173",
    "ThreadId": "62519",
    "Html": "<p>Hey guys,</p>\r\n<p>I just download GraphSharp and it is very nice. I 've try example on youtube, everything works great. Please does anyone can point me to a sample</p>\r\n<p>that shows how I can create a graph of vertices and edges and add events to vertices.</p>\r\n<p><br>Thanks in advance for your help.</p>\r\n<p>Regards</p>\r\n<p>Joe</p>",
    "PostedDate": "2009-07-15T09:30:15.263-07:00",
    "UserRole": null,
    "MarkedAsAnswerDate": null
  },
  {
    "Id": "212926",
    "ThreadId": "62519",
    "Html": "<p>Hi joe awal, you can &nbsp;<a title=\"Grapf# Download Page\" href=\"http://graphsharp.codeplex.com/Release/ProjectReleases.aspx?ReleaseId=28088\">download </a>the source code of the control and then execute the example application. There you can see a lot of code very useful to understand the hoew the control works.</p>\r\n<p>To attach an event to a graph, you can take a look at <a href=\"http://graphsharp.codeplex.com/Thread/View.aspx?ThreadId=59315\">this discussion</a>&nbsp;that show how to easily attach WPF event to a vertex control.</p>\r\n<p>Enjoy!</p>",
    "PostedDate": "2009-07-17T01:38:24.88-07:00",
    "UserRole": null,
    "MarkedAsAnswerDate": null
  }
]