[
  {
    "Id": "726412",
    "ThreadId": "286415",
    "Html": "<p>Hi ,</p>\n<p>&nbsp;</p>\n<p>1-i'm trying to change the direction of the layout (layout algorithm parameter-layout direction) for</p>\n<p>the tree to be LeftToRight (by default its shown TopToBottom) but &nbsp;i couldn't find the attribute</p>\n<p>or the property to do so.</p>\n<p>&nbsp;</p>\n<p>Xaml:</p>\n<pre><span>&nbsp;&nbsp;&nbsp;&nbsp;&nbsp;&nbsp;&nbsp;&nbsp;</span><span>&lt;</span><span>zoom</span><span>:</span><span>ZoomControl</span><span>&nbsp;DockPanel.Dock</span><span>=</span><span>\"Bottom\"</span><span>&nbsp;Name</span><span>=</span><span>\"Zoom\"</span>&nbsp;<span>&nbsp;Zoom</span><span>=</span><span>\"0.2\"</span>\n\t\t\t\t\t\t\t<span>\tZoomBoxOpacity</span><span>=</span><span>\"0.5\"</span><span>&nbsp;Background</span><span>=</span><span>\"White\"</span><span>&nbsp;Margin</span><span>=</span><span>\"-2,8,2,-8\"</span><span>&gt;</span>\n<span>&nbsp;&nbsp;&nbsp;&nbsp;&nbsp;&nbsp;&nbsp;&nbsp;&nbsp;&nbsp;&nbsp;&nbsp;</span><span>&lt;</span><span>tree</span><span>:</span><span>PocGraphLayout</span>&nbsp;\n\t\t\t\t\t\t\t\t<span>\tDestructionTransition</span><span>=\"{</span><span>x</span><span>:</span><span>Null</span><span>}</span><span>\"</span>\n\t\t\t\t\t\t\t\t<span>\tIsAnimationEnabled</span><span>=</span><span>\"False\"</span>\n\t\t\t\t\t\t\t\t<span>\tx</span><span>:</span><span>Name</span><span>=</span><span>\"graphLayout\"</span><span>&nbsp;Margin</span><span>=</span><span>\"10\"</span>\n\t\t\t\t\t\t\t\t<span>\tGraph</span><span>=\"{</span><span>Binding</span><span>&nbsp;Path</span><span>=</span><span>Graph</span><span>}</span><span>\"</span>\n\t\t\t\t\t\t\t\t<span>\tOverlapRemovalAlgorithmType</span><span>=</span><span>\"FSA\"</span>\n&nbsp;&nbsp;&nbsp;&nbsp;&nbsp;&nbsp;&nbsp;&nbsp;&nbsp;&nbsp;&nbsp;&nbsp;&nbsp;&nbsp;&nbsp;&nbsp;&nbsp;&nbsp;&nbsp;&nbsp;&nbsp;&nbsp;&nbsp;&nbsp;&nbsp;&nbsp;&nbsp;&nbsp;&nbsp;&nbsp;&nbsp;&nbsp;&nbsp;&nbsp;&nbsp;<span>&nbsp;<span style=\"white-space: pre;\">\t\t\t\t\t</span>LayoutAlgorithmType</span><span>=</span><span>\"Tree\"</span>\n\t\t\t\t\t\t\t\t<span>\tHighlightAlgorithmType</span><span>=</span><span>\"Simple\"</span>&nbsp;\n\t\t\t\t\t\t\t\t<span>\tLayoutMode</span><span>=</span><span>\"Simple\"</span>&nbsp;&nbsp;&nbsp;&nbsp;&nbsp;\n\t\t\t\t\t\t\t\t<span>\tOverridesDefaultStyle</span><span>=</span><span>\"True\"</span>&nbsp;\n\t\t\t\t\t\t\t\t<span>\tOverlapRemovalConstraint</span><span>=</span><span>\"Must\"</span>&nbsp;&nbsp;&nbsp;&nbsp;&nbsp;\n\t\t\t\t\t\t\t\t<span>\tEdgeRoutingConstraint</span><span>=</span><span>\"Must\"</span><span>/&gt;</span>\n<span>&nbsp;&nbsp;&nbsp;&nbsp;&nbsp;&nbsp;&nbsp;&nbsp;&nbsp;&nbsp;&nbsp;</span>\n<span>&nbsp;&nbsp;&nbsp;&nbsp;&nbsp;&nbsp;&nbsp;&nbsp;</span><span>&lt;/</span><span>zoom</span><span>:</span><span>ZoomControl</span><span>&gt;</span></pre>\n<pre><span><br /></span></pre>\n<pre><span>Code behind:</span></pre>\n<pre><span><pre>&nbsp;&nbsp;&nbsp;&nbsp;&nbsp;&nbsp;&nbsp;&nbsp;&nbsp;&nbsp;&nbsp;&nbsp;<span>TryVeiwModel</span>&nbsp;tryVeiw&nbsp;=&nbsp;<span>new</span>&nbsp;<span>TryVeiwModel</span>();\n&nbsp;&nbsp;&nbsp;&nbsp;&nbsp;&nbsp;&nbsp;&nbsp;&nbsp;&nbsp;&nbsp;&nbsp;graphLayout.DataContext&nbsp;=&nbsp;tryVeiw;\n&nbsp;&nbsp;&nbsp;&nbsp;&nbsp;&nbsp;&nbsp;&nbsp;&nbsp;&nbsp;&nbsp;&nbsp;Zoom.Mode&nbsp;=&nbsp;<span>ZoomControlModes</span>.Fill;</pre>\n<br /></span></pre>\n<pre><span><br /></span></pre>\n<pre><span>2-I'm also trying to add another wpf control inside the graph area lats say a text box,so</span></pre>\n<pre><span>it will be shown as the zoom control&nbsp;</span>to the left of the graph.So is that possible??</pre>\n<pre><br /></pre>\n<pre>Thanks in advance</pre>",
    "PostedDate": "2012-01-17T06:42:13.89-08:00",
    "UserRole": null,
    "MarkedAsAnswerDate": null
  }
]