[
  {
    "Id": "833726",
    "ThreadId": "354996",
    "Html": "\r\n<p>Hi, I added Graph# support to the <a href=\"http://o2platform.com\">Owasp O2 Platform</a> project a while back, and here are a couple examples of it in action:</p>\r\n<ul>\r\n<li><a href=\"http://www.youtube.com/watch?v=M4h4ofirTLs\">O2 Platform v4.0 Installer and quick tour of its scripting tools</a>&nbsp;(video) - see the O2's Graph# REPL environment in action from minute 3:40\r\n</li><li><a href=\"http://diniscruz.blogspot.co.uk/2012/05/visualizing-teammentor-links-structure.html\">Visualizing TeamMentor Link's structure (with Graphs)</a>&nbsp;\r\n</li><li><a href=\"http://o2platform.wordpress.com/2011/07/30/what-graph-support-exists-in-o2-today/\">What &lsquo;Graph&rsquo; support exists in O2 today</a>&nbsp;- see first set of images\r\n</li><li><a href=\"https://github.com/o2platform/O2.Platform.Scripts/blob/master/Utils/ExtensionMethods/API_Visualization/GraphSharp_ExtensionMethods.cs\">GraphSharp_ExtensionMethods.cs</a>&nbsp;extension methods that make it easy to add Nodes and Edges in O2's REPL\r\n scripting environment (here is a <a href=\"http://youtu.be/gogzmJNoSrU\">video showing this O2 REPL scripting environment</a> in action)\r\n</li></ul>\r\n<p>I would like to update O2 to the latest version of Graph#, and I can see that you are using Git as the repository.</p>\r\n<p>Since I use GitHub to manage O2's code, could I create a Fork there (in GitHub), make my changes (namely the extension methods) and then send you the Pull Requests?</p>\r\n",
    "PostedDate": "2012-05-08T17:23:38.607-07:00",
    "UserRole": null,
    "MarkedAsAnswerDate": null
  },
  {
    "Id": "834220",
    "ThreadId": "354996",
    "Html": "<p>Sure, i'm waiting for the pull request.</p>\r\n<p>Thanks in advance.</p>",
    "PostedDate": "2012-05-09T12:38:22.873-07:00",
    "UserRole": null,
    "MarkedAsAnswerDate": null
  },
  {
    "Id": "1070302",
    "ThreadId": "354996",
    "Html": "Superb tool. Can you tell me how I can add it in my wpf project?<br />\n",
    "PostedDate": "2013-07-18T22:22:34.57-07:00",
    "UserRole": null,
    "MarkedAsAnswerDate": null
  }
]