[
  {
    "Id": "604226",
    "ThreadId": "255584",
    "Html": "<p>Hi,</p>\n<p>&nbsp;&nbsp;&nbsp;&nbsp;&nbsp;&nbsp;&nbsp;&nbsp; Is there any way to add ContextMenu on backgroud (GraphLayout)? I tried couple different approaches but none of them worked.</p>\n<p>&nbsp;&nbsp;&nbsp;&nbsp;&nbsp;&nbsp;&nbsp;&nbsp; Thanks very much for your help.</p>",
    "PostedDate": "2011-04-28T09:28:47.89-07:00",
    "UserRole": null,
    "MarkedAsAnswerDate": null
  },
  {
    "Id": "604302",
    "ThreadId": "255584",
    "Html": "<p>Finally figured it out:</p>\r\n<p>under zoom control, add the following code</p>\r\n<p>&lt;zoom:ZoomControl.ContextMenu&gt;<br />&nbsp;&nbsp;&nbsp;&nbsp;&nbsp;&nbsp;&nbsp;&nbsp;&nbsp;&nbsp;&nbsp;&nbsp;&nbsp;&nbsp;&nbsp; &lt;ContextMenu&gt;<br />&nbsp;&nbsp;&nbsp;&nbsp;&nbsp;&nbsp;&nbsp;&nbsp;&nbsp;&nbsp;&nbsp;&nbsp;&nbsp;&nbsp;&nbsp;&nbsp;&nbsp;&nbsp;&nbsp; &lt;ContextMenu.Items&gt;<br />&nbsp;&nbsp;&nbsp;&nbsp;&nbsp;&nbsp;&nbsp;&nbsp;&nbsp;&nbsp;&nbsp;&nbsp;&nbsp;&nbsp;&nbsp;&nbsp;&nbsp;&nbsp;&nbsp;&nbsp;&nbsp;&nbsp;&nbsp; &lt;MenuItem Header=\"Search by Name\" /&gt;<br />&nbsp;&nbsp;&nbsp;&nbsp;&nbsp;&nbsp;&nbsp;&nbsp;&nbsp;&nbsp;&nbsp;&nbsp;&nbsp;&nbsp;&nbsp;&nbsp;&nbsp;&nbsp;&nbsp;&nbsp;&nbsp;&nbsp;&nbsp; &lt;MenuItem Header=\"New Node\"/&gt;<br />&nbsp;&nbsp;&nbsp;&nbsp;&nbsp;&nbsp;&nbsp;&nbsp;&nbsp;&nbsp;&nbsp;&nbsp;&nbsp;&nbsp;&nbsp;&nbsp;&nbsp;&nbsp;&nbsp; &lt;/ContextMenu.Items&gt;<br />&nbsp;&nbsp;&nbsp;&nbsp;&nbsp;&nbsp;&nbsp;&nbsp;&nbsp;&nbsp;&nbsp;&nbsp;&nbsp;&nbsp;&nbsp; &lt;/ContextMenu&gt;<br />&lt;/zoom:ZoomControl.ContextMenu&gt;</p>\r\n<p>You can add click event you want.</p>\r\n<p>&nbsp;</p>",
    "PostedDate": "2011-04-28T11:16:17.91-07:00",
    "UserRole": null,
    "MarkedAsAnswerDate": null
  }
]