[
  {
    "Id": "903898",
    "ThreadId": "393025",
    "Html": "\r\n<p>Thanks for great tool.</p>\r\n<p>I am waiting for new version with following updates:</p>\r\n<p>1) <strong>Silverlight compatibility.</strong></p>\r\n<p>2) Faster graph rendering performance.</p>\r\n<p>4) 3D graph</p>\r\n<p>3)&nbsp;Easier&nbsp;customization for vertex and edge.</p>\r\n<p>4) Edge label support.</p>\r\n<p>5)&nbsp;Flexible interaction between mouse and edge&amp;vertex.</p>\r\n<p>6) Custom layout: position locking for certain edges; position rule (exp, edge A should be on the left of edge B).</p>\r\n<p>7) More stability (less sudden crash).</p>\r\n<p>9) Graphlayout to Image with high quality.</p>\r\n<p>And&nbsp;finally&nbsp;I hope faster version update.</p>\r\n<p>&nbsp;</p>\r\n<p>Thanks a lot!</p>\r\n",
    "PostedDate": "2012-08-24T22:58:05.69-07:00",
    "UserRole": null,
    "MarkedAsAnswerDate": null
  }
]