[
  {
    "Id": "684140",
    "ThreadId": "275868",
    "Html": "\r\n<p>i'm trying to refresh the the graph area, and setting it a new graph, is there a way to hide the animation of removing and showing the graphs.</p>\r\n",
    "PostedDate": "2011-10-14T00:31:35.85-07:00",
    "UserRole": null,
    "MarkedAsAnswerDate": null
  },
  {
    "Id": "684185",
    "ThreadId": "275868",
    "Html": "<p>Set the <strong>IsAnimationEnabled property</strong> of your GraphLayout instance to <strong>false</strong>.</p>\n<p>Disabling&nbsp;only the graph destruction animation: <strong>gl.DestructionTransition = null</strong></p>\n<p>Disabling&nbsp;only the animation when vertices change their position: <strong>gl.MoveAnimation = null</strong></p>",
    "PostedDate": "2011-10-14T02:08:29.317-07:00",
    "UserRole": null,
    "MarkedAsAnswerDate": null
  },
  {
    "Id": "684197",
    "ThreadId": "275868",
    "Html": "<p>Well my problem didn't get solved...</p>\r\n<p>let me make it more clear:</p>\r\n<p>I have a button that displays the Tree diagram, with a specific calculation.</p>\r\n<p>when i click on another button, it should load the new tree in the same place, with removing the old one.</p>\r\n<p>any idea how to redraw a new tree diagram in the same place as the old one?</p>\r\n<p>&nbsp;</p>\r\n<p>thanks in advance..</p>",
    "PostedDate": "2011-10-14T02:43:48.783-07:00",
    "UserRole": null,
    "MarkedAsAnswerDate": null
  },
  {
    "Id": "684254",
    "ThreadId": "275868",
    "Html": "<p>Could you attach some pictures about the problem?</p>",
    "PostedDate": "2011-10-14T05:43:32.387-07:00",
    "UserRole": null,
    "MarkedAsAnswerDate": null
  },
  {
    "Id": "685038",
    "ThreadId": "275868",
    "Html": "<p>If you direct to the link below:&nbsp;</p>\r\n<p>http://i122.photobucket.com/albums/o249/Blackeagle7610/Untitled.png</p>\r\n<p>The \"ONE\" is the fist tree that is displayed.</p>\r\n<p>then \"Two\" is the second tree that should be displayed, as u can see, they are overlapped untill the animation ends and removes the \"ONE\" tree.</p>",
    "PostedDate": "2011-10-16T23:53:13.293-07:00",
    "UserRole": null,
    "MarkedAsAnswerDate": null
  },
  {
    "Id": "685080",
    "ThreadId": "275868",
    "Html": "<p>I've just checked in some minor changes that will solve your problem (if you follow my instructions, your ONE graph will be disappear immediately).</p>\n<p>Get the latest source (from the hg repo), and build the project, update the Graph# references in your own project, then in your xaml set the DestructionTransition={x:Null} of your graph layout control (you don't need to set the isanimationenabled property to false).</p>\n<p>Hope this helps.</p>",
    "PostedDate": "2011-10-17T01:50:54.327-07:00",
    "UserRole": null,
    "MarkedAsAnswerDate": null
  },
  {
    "Id": "685103",
    "ThreadId": "275868",
    "Html": "<p>Perfect solution</p>\r\n<p>Thank you very much :D</p>",
    "PostedDate": "2011-10-17T02:33:17.96-07:00",
    "UserRole": null,
    "MarkedAsAnswerDate": null
  }
]