[
  {
    "Id": "906635",
    "ThreadId": "393843",
    "Html": "\r\n<p>Can I do the following with graph#</p>\r\n<p>creating nodes by click on canvas</p>\r\n<p>creating edges between two vertices with mouse</p>\r\n<p>change color of edges during the run time</p>\r\n<p>handle click event of nodes during the run time</p>\r\n<p>I could not find any documentation on graph# so that will be great if someone can provide me some tips.</p>\r\n<p>Thanks</p>\r\n",
    "PostedDate": "2012-08-30T20:55:33.167-07:00",
    "UserRole": null,
    "MarkedAsAnswerDate": null
  },
  {
    "Id": "906682",
    "ThreadId": "393843",
    "Html": "<p>HI all,</p>\r\n<p>that is exactly the same feature I'm trying to achieve. Can any Graph#-Gurus help here?</p>",
    "PostedDate": "2012-08-30T23:45:44.997-07:00",
    "UserRole": null,
    "MarkedAsAnswerDate": null
  },
  {
    "Id": "949228",
    "ThreadId": "393843",
    "Html": "\r\n<p>same question here</p>\r\n",
    "PostedDate": "2012-11-29T13:19:13.103-08:00",
    "UserRole": null,
    "MarkedAsAnswerDate": null
  },
  {
    "Id": "949518",
    "ThreadId": "393843",
    "Html": "\r\n<p>You can do all of those things with Graph#, they are more general WPF than specific Graph# issues, though.</p>\r\n<p>Creating nodes by clicking on canvas: Add an event handler for the mouse even that you want to cause the adding of a node (right-click for example) to the ZoomControl. I personally don't do this but add a context\r\n<a id=\"_GPLITA_3\" title=\"Click to Continue &gt; by Shopping Sidekick\" style=\"text-decoration:underline\">\r\nmenu</a> to the ZoomControl and a menu option in there to add a node:</p>\r\n<p>&nbsp;</p>\r\n<div style=\"color:black; background-color:white\">\r\n<pre><span style=\"color:blue\">&lt;</span><span style=\"color:#a31515\">zoom</span><span style=\"color:blue\">:</span><span style=\"color:#a31515\">ZoomControl</span>   <span style=\"color:red\">.....</span> <span style=\"color:blue\">&gt;</span> \n<span style=\"color:green\">&lt;!-- the graphlayout --&gt;</span>\n   <span style=\"color:blue\">&lt;</span><span style=\"color:#a31515\">zoom</span><span style=\"color:blue\">:</span><span style=\"color:#a31515\">ZoomControl.ContextMenu</span><span style=\"color:blue\">&gt;</span>\n         <span style=\"color:blue\">&lt;</span><span style=\"color:#a31515\">ContextMenu</span><span style=\"color:blue\">&gt;</span>\n               <span style=\"color:blue\">&lt;</span><span style=\"color:#a31515\">MenuItem</span> <span style=\"color:red\">Header</span><span style=\"color:blue\">=</span><span style=\"color:black\">&quot;</span><span style=\"color:blue\">Add Node</span><span style=\"color:black\">&quot;</span> <span style=\"color:red\">Click</span><span style=\"color:blue\">=</span><span style=\"color:black\">&quot;</span><span style=\"color:blue\">AddNodeMenuClick</span><span style=\"color:black\">&quot;</span><span style=\"color:blue\">/&gt;</span>\n                <span style=\"color:green\">&lt;!-- other menus--&gt;</span>\n           <span style=\"color:blue\">&lt;/</span><span style=\"color:#a31515\">ContextMenu</span><span style=\"color:blue\">&gt;</span>\n     <span style=\"color:blue\">&lt;/</span><span style=\"color:#a31515\">zoom</span><span style=\"color:blue\">:</span><span style=\"color:#a31515\">ZoomControl.ContextMenu</span><span style=\"color:blue\">&gt;</span>\n<span style=\"color:blue\">&lt;/</span><span style=\"color:#a31515\">zoom</span><span style=\"color:blue\">:</span><span style=\"color:#a31515\">ZoomControl</span><span style=\"color:blue\">&gt;</span>\n</pre>\r\n</div>\r\n<p>&nbsp;</p>\r\n<p>In the AddNodeMenuClick handler you ask the user for all the information you need in order to create a node (its name etc.) using a dialog or some other input form. I use a ChildWindow from the WpfToolkit.Extended library (http://wpftoolkit.codeplex.com/wikipage?title=ChildWindow&amp;referringTitle=Documentation)\r\n that looks like this:</p>\r\n<p>&nbsp;</p>\r\n<div style=\"color:black; background-color:white\">\r\n<pre>      <span style=\"color:blue\">&lt;</span><span style=\"color:#a31515\">xctk</span><span style=\"color:blue\">:</span><span style=\"color:#a31515\">ChildWindow</span> <span style=\"color:red\">Name</span><span style=\"color:blue\">=</span><span style=\"color:black\">&quot;</span><span style=\"color:blue\">addVertexWindow</span><span style=\"color:black\">&quot;</span> <span style=\"color:red\">Caption</span><span style=\"color:blue\">=</span><span style=\"color:black\">&quot;</span><span style=\"color:blue\">Add Vertex</span><span style=\"color:black\">&quot;</span> <span style=\"color:red\">IsModal</span><span style=\"color:blue\">=</span><span style=\"color:black\">&quot;</span><span style=\"color:blue\">True</span><span style=\"color:black\">&quot;</span> <span style=\"color:red\">WindowStartupLocation</span><span style=\"color:blue\">=</span><span style=\"color:black\">&quot;</span><span style=\"color:blue\">Center</span><span style=\"color:black\">&quot;</span><span style=\"color:blue\">&gt;</span>\n            <span style=\"color:blue\">&lt;</span><span style=\"color:#a31515\">Grid</span> <span style=\"color:red\">Margin</span><span style=\"color:blue\">=</span><span style=\"color:black\">&quot;</span><span style=\"color:blue\">10</span><span style=\"color:black\">&quot;</span> <span style=\"color:blue\">&gt;</span>\n                <span style=\"color:blue\">&lt;</span><span style=\"color:#a31515\">Grid.RowDefinitions</span><span style=\"color:blue\">&gt;</span>\n                    <span style=\"color:blue\">&lt;</span><span style=\"color:#a31515\">RowDefinition</span> <span style=\"color:red\">Height</span><span style=\"color:blue\">=</span><span style=\"color:black\">&quot;</span><span style=\"color:blue\">Auto</span><span style=\"color:black\">&quot;</span><span style=\"color:blue\">/&gt;</span>\n                    <span style=\"color:blue\">&lt;</span><span style=\"color:#a31515\">RowDefinition</span> <span style=\"color:red\">Height</span><span style=\"color:blue\">=</span><span style=\"color:black\">&quot;</span><span style=\"color:blue\">Auto</span><span style=\"color:black\">&quot;</span><span style=\"color:blue\">/&gt;</span>\n                    <span style=\"color:blue\">&lt;</span><span style=\"color:#a31515\">RowDefinition</span> <span style=\"color:red\">Height</span><span style=\"color:blue\">=</span><span style=\"color:black\">&quot;</span><span style=\"color:blue\">Auto</span><span style=\"color:black\">&quot;</span><span style=\"color:blue\">/&gt;</span>\n                <span style=\"color:blue\">&lt;/</span><span style=\"color:#a31515\">Grid.RowDefinitions</span><span style=\"color:blue\">&gt;</span>\n                <span style=\"color:blue\">&lt;</span><span style=\"color:#a31515\">Grid.ColumnDefinitions</span><span style=\"color:blue\">&gt;</span>\n                    <span style=\"color:blue\">&lt;</span><span style=\"color:#a31515\">ColumnDefinition</span> <span style=\"color:red\">Width</span><span style=\"color:blue\">=</span><span style=\"color:black\">&quot;</span><span style=\"color:blue\">*</span><span style=\"color:black\">&quot;</span><span style=\"color:blue\">/&gt;</span>\n                <span style=\"color:blue\">&lt;/</span><span style=\"color:#a31515\">Grid.ColumnDefinitions</span><span style=\"color:blue\">&gt;</span>\n\n                <span style=\"color:blue\">&lt;</span><span style=\"color:#a31515\">TextBlock</span> <span style=\"color:red\">Grid.Row</span><span style=\"color:blue\">=</span><span style=\"color:black\">&quot;</span><span style=\"color:blue\">0</span><span style=\"color:black\">&quot;</span> <span style=\"color:red\">Text</span><span style=\"color:blue\">=</span><span style=\"color:black\">&quot;</span><span style=\"color:blue\">Table Name: </span><span style=\"color:black\">&quot;</span> <span style=\"color:red\">Margin</span><span style=\"color:blue\">=</span><span style=\"color:black\">&quot;</span><span style=\"color:blue\">2</span><span style=\"color:black\">&quot;</span> <span style=\"color:red\">VerticalAlignment</span><span style=\"color:blue\">=</span><span style=\"color:black\">&quot;</span><span style=\"color:blue\">Center</span><span style=\"color:black\">&quot;</span> <span style=\"color:blue\">/&gt;</span>\n                <span style=\"color:blue\">&lt;</span><span style=\"color:#a31515\">TextBox</span> <span style=\"color:red\">Name</span><span style=\"color:blue\">=</span><span style=\"color:black\">&quot;</span><span style=\"color:blue\">tableNameBox</span><span style=\"color:black\">&quot;</span> <span style=\"color:red\">Grid.Row</span><span style=\"color:blue\">=</span><span style=\"color:black\">&quot;</span><span style=\"color:blue\">1</span><span style=\"color:black\">&quot;</span> <span style=\"color:red\">Margin</span><span style=\"color:blue\">=</span><span style=\"color:black\">&quot;</span><span style=\"color:blue\">2</span><span style=\"color:black\">&quot;</span><span style=\"color:blue\">/&gt;</span>\n\n                <span style=\"color:blue\">&lt;</span><span style=\"color:#a31515\">StackPanel</span> <span style=\"color:red\">Grid.Row</span><span style=\"color:blue\">=</span><span style=\"color:black\">&quot;</span><span style=\"color:blue\">2</span><span style=\"color:black\">&quot;</span>  <span style=\"color:red\">Orientation</span><span style=\"color:blue\">=</span><span style=\"color:black\">&quot;</span><span style=\"color:blue\">Horizontal</span><span style=\"color:black\">&quot;</span> <span style=\"color:red\">HorizontalAlignment</span><span style=\"color:blue\">=</span><span style=\"color:black\">&quot;</span><span style=\"color:blue\">Center</span><span style=\"color:black\">&quot;</span> <span style=\"color:red\">Margin</span><span style=\"color:blue\">=</span><span style=\"color:black\">&quot;</span><span style=\"color:blue\">0,10,0,0</span><span style=\"color:black\">&quot;</span><span style=\"color:blue\">&gt;</span>\n                    <span style=\"color:blue\">&lt;</span><span style=\"color:#a31515\">Button</span> <span style=\"color:red\">Margin</span><span style=\"color:blue\">=</span><span style=\"color:black\">&quot;</span><span style=\"color:blue\">2</span><span style=\"color:black\">&quot;</span> <span style=\"color:red\">Click</span><span style=\"color:blue\">=</span><span style=\"color:black\">&quot;</span><span style=\"color:blue\">ConfirmAddVertexButtonClick</span><span style=\"color:black\">&quot;</span> <span style=\"color:red\">Content</span><span style=\"color:blue\">=</span><span style=\"color:black\">&quot;</span><span style=\"color:blue\"><a id=\"_GPLITA_1\" title=\"Click to Continue &gt; by Shopping Sidekick\" style=\"text-decoration:underline\">Confirm</a></span><span style=\"color:black\">&quot;</span><span style=\"color:blue\">/&gt;</span>\n                    <span style=\"color:blue\">&lt;</span><span style=\"color:#a31515\">Button</span> <span style=\"color:red\">Margin</span><span style=\"color:blue\">=</span><span style=\"color:black\">&quot;</span><span style=\"color:blue\">2</span><span style=\"color:black\">&quot;</span> <span style=\"color:red\">Click</span><span style=\"color:blue\">=</span><span style=\"color:black\">&quot;</span><span style=\"color:blue\">CancelButtonClick</span><span style=\"color:black\">&quot;</span> <span style=\"color:red\">Content</span><span style=\"color:blue\">=</span><span style=\"color:black\">&quot;</span><span style=\"color:blue\">Cancel</span><span style=\"color:black\">&quot;</span><span style=\"color:blue\">/&gt;</span>\n                <span style=\"color:blue\">&lt;/</span><span style=\"color:#a31515\">StackPanel</span><span style=\"color:blue\">&gt;</span>\n            <span style=\"color:blue\">&lt;/</span><span style=\"color:#a31515\">Grid</span><span style=\"color:blue\">&gt;</span>\n        <span style=\"color:blue\">&lt;/</span><span style=\"color:#a31515\">xctk</span><span style=\"color:blue\">:</span><span style=\"color:#a31515\">ChildWindow</span><span style=\"color:blue\">&gt;</span></pre>\r\n</div>\r\n<p>&nbsp;</p>\r\n<p>The&nbsp;AddNodeMenuClick handler just opens this child <a id=\"_GPLITA_2\" title=\"Click to Continue &gt; by Shopping Sidekick\" style=\"text-decoration:underline\">\r\nwindow</a> (or whatever else you want to use, a MessageBox might be enough):</p>\r\n<p>&nbsp;</p>\r\n<div style=\"color:black; background-color:white\">\r\n<pre><span style=\"color:blue\">private</span> <span style=\"color:blue\">void</span> AddNodeMenuClick(<span style=\"color:blue\">object</span> sender, RoutedEventArgs e)\n{\n       addVertexWindow.Show();\n}</pre>\r\n</div>\r\n<p>&nbsp;</p>\r\n<p>Of course you will probably have more than just the table name to ask for. Here's the handler for the Confirm button, 'vm' is the MainWindowViewModel instance.</p>\r\n<p>&nbsp;</p>\r\n<div style=\"color:black; background-color:white\">\r\n<pre><span style=\"color:blue\">private</span> <span style=\"color:blue\">void</span> ConfirmAddVertexButtonClick(<span style=\"color:blue\">object</span> sender, RoutedEventArgs e)\n        {\n            <span style=\"color:blue\">if</span> (tableNameBox.Text == String.Empty)\n            {\n                MessageBox.Show(<span style=\"color:#a31515\">&quot;No table name provided&quot;</span>);\n                <span style=\"color:blue\">return</span>;\n            }\n\n             MyVertex newVertex = <span style=\"color:blue\">new</span> MyVertex(tableNameBox.Text);\n             vm.Graph.AddVertex(newVertex);\n             addVertexWindow.Close();         \n        }\n</pre>\r\n</div>\r\n<p>I don't have any code to show creating edges between two vertices with mouse, but it should be possible again, by adding handlers tot he mouse\r\n<a id=\"_GPLITA_0\" title=\"Click to Continue &gt; by Shopping Sidekick\" href=\"\" style=\"text-decoration:underline\">\r\nevents</a> on VertexControls. Changing colors of vertices and edges can be done by having the MyVertice and MyEdge\r\n<a id=\"_GPLITA_0\" title=\"Click to Continue &gt; by Shopping Sidekick\" style=\"text-decoration:underline\">\r\nclasses</a> (or whatever they are called for you) have a Color property that notifies when it is changed like so:</p>\r\n<p>&nbsp;</p>\r\n<div style=\"color:black; background-color:white\">\r\n<pre>    <span style=\"color:blue\">public</span> <span style=\"color:blue\">class</span> MyEdge : Edge&lt;MyVertex&gt;, INotifyPropertyChanged\n    {\n        <span style=\"color:green\">//.......</span>\n        <span style=\"color:blue\">private</span> Color edgeColour;\n        <span style=\"color:blue\">public</span> Color EdgeColour\n        {\n            <span style=\"color:blue\">get</span> { <span style=\"color:blue\">return</span> edgeColour; }\n            <span style=\"color:blue\">set</span>\n            { \n                edgeColour = value;\n                NotifyPropertyChanged(<span style=\"color:#a31515\">&quot;EdgeColour&quot;</span>);\n            }\n        }\n        <span style=\"color:green\">//.......</span>\n\n        <span style=\"color:blue\">public</span> <span style=\"color:blue\">event</span> PropertyChangedEventHandler PropertyChanged;\n\n        <span style=\"color:blue\">private</span> <span style=\"color:blue\">void</span> NotifyPropertyChanged(<span style=\"color:blue\">string</span> info)\n        {\n            <span style=\"color:blue\">if</span> (PropertyChanged != <span style=\"color:blue\">null</span>)\n            {\n                PropertyChanged(<span style=\"color:blue\">this</span>, <span style=\"color:blue\">new</span> PropertyChangedEventArgs(info));\n            }\n        }\n    }\n</pre>\r\n</div>\r\n<p>Once you have that you can add a Setter in the EdgeControl's style that looks something like this:</p>\r\n<div style=\"color:black; background-color:white\">\r\n<pre><span style=\"color:blue\">&lt;</span><span style=\"color:#a31515\">Setter</span> <span style=\"color:red\">Property</span><span style=\"color:blue\">=</span><span style=\"color:black\">&quot;</span><span style=\"color:blue\">Foreground</span><span style=\"color:black\">&quot;</span> <span style=\"color:red\">Value</span><span style=\"color:blue\">=</span><span style=\"color:black\">&quot;</span><span style=\"color:blue\">{Binding Path=EdgeColour, Converter={StaticResource MyConverter}}</span><span style=\"color:black\">&quot;</span><span style=\"color:blue\">&gt;</span>\n</pre>\r\n</div>\r\n<p>&nbsp;</p>\r\n<p>&nbsp;</p>\r\n<p>The converter is there because the Foreground property doesn't take a Color but a Brush, so in the converter you just need to return a SolidColorBrush with the specified color. Now you just need to be able to change the EdgeColour property at runtime. Again,\r\n I'm using the&nbsp;ColorPicker control from the&nbsp;WpfToolkit.Extended library inside a ChildWindow, which is opened when a context menu option is clicked.</p>\r\n<p>&nbsp;</p>\r\n<div style=\"color:black; background-color:white\">\r\n<pre>        <span style=\"color:blue\">&lt;</span><span style=\"color:#a31515\">xctk</span><span style=\"color:blue\">:</span><span style=\"color:#a31515\">ChildWindow</span> <span style=\"color:red\">Name</span><span style=\"color:blue\">=</span><span style=\"color:black\">&quot;</span><span style=\"color:blue\">individualColourWindow</span><span style=\"color:black\">&quot;</span> <span style=\"color:red\">Caption</span><span style=\"color:blue\">=</span><span style=\"color:black\">&quot;</span><span style=\"color:blue\">Choose Foreground Colour</span><span style=\"color:black\">&quot;</span> <span style=\"color:red\">IsModal</span><span style=\"color:blue\">=</span><span style=\"color:black\">&quot;</span><span style=\"color:blue\">True</span><span style=\"color:black\">&quot;</span> <span style=\"color:red\">WindowStartupLocation</span><span style=\"color:blue\">=</span><span style=\"color:black\">&quot;</span><span style=\"color:blue\">Center</span><span style=\"color:black\">&quot;</span><span style=\"color:blue\">&gt;</span>\n            <span style=\"color:blue\">&lt;</span><span style=\"color:#a31515\">Grid</span> <span style=\"color:red\">Margin</span><span style=\"color:blue\">=</span><span style=\"color:black\">&quot;</span><span style=\"color:blue\">10</span><span style=\"color:black\">&quot;</span> <span style=\"color:blue\">&gt;</span>\n                <span style=\"color:blue\">&lt;</span><span style=\"color:#a31515\">Grid.RowDefinitions</span><span style=\"color:blue\">&gt;</span>\n                    <span style=\"color:blue\">&lt;</span><span style=\"color:#a31515\">RowDefinition</span> <span style=\"color:red\">Height</span><span style=\"color:blue\">=</span><span style=\"color:black\">&quot;</span><span style=\"color:blue\">Auto</span><span style=\"color:black\">&quot;</span><span style=\"color:blue\">/&gt;</span>\n                    <span style=\"color:blue\">&lt;</span><span style=\"color:#a31515\">RowDefinition</span> <span style=\"color:red\">Height</span><span style=\"color:blue\">=</span><span style=\"color:black\">&quot;</span><span style=\"color:blue\">Auto</span><span style=\"color:black\">&quot;</span><span style=\"color:blue\">/&gt;</span>\n                <span style=\"color:blue\">&lt;/</span><span style=\"color:#a31515\">Grid.RowDefinitions</span><span style=\"color:blue\">&gt;</span>\n                <span style=\"color:blue\">&lt;</span><span style=\"color:#a31515\">Grid.ColumnDefinitions</span><span style=\"color:blue\">&gt;</span>\n                    <span style=\"color:blue\">&lt;</span><span style=\"color:#a31515\">ColumnDefinition</span> <span style=\"color:red\">Width</span><span style=\"color:blue\">=</span><span style=\"color:black\">&quot;</span><span style=\"color:blue\">Auto</span><span style=\"color:black\">&quot;</span><span style=\"color:blue\">/&gt;</span>\n                    <span style=\"color:blue\">&lt;</span><span style=\"color:#a31515\">ColumnDefinition</span> <span style=\"color:red\">Width</span><span style=\"color:blue\">=</span><span style=\"color:black\">&quot;</span><span style=\"color:blue\">*</span><span style=\"color:black\">&quot;</span><span style=\"color:blue\">/&gt;</span>\n                <span style=\"color:blue\">&lt;/</span><span style=\"color:#a31515\">Grid.ColumnDefinitions</span><span style=\"color:blue\">&gt;</span>\n\n                <span style=\"color:blue\">&lt;</span><span style=\"color:#a31515\">TextBlock</span> <span style=\"color:red\">Grid.Row</span><span style=\"color:blue\">=</span><span style=\"color:black\">&quot;</span><span style=\"color:blue\">0</span><span style=\"color:black\">&quot;</span> <span style=\"color:red\">Text</span><span style=\"color:blue\">=</span><span style=\"color:black\">&quot;</span><span style=\"color:blue\">Choose Colour:</span><span style=\"color:black\">&quot;</span> <span style=\"color:red\">Margin</span><span style=\"color:blue\">=</span><span style=\"color:black\">&quot;</span><span style=\"color:blue\">2</span><span style=\"color:black\">&quot;</span> <span style=\"color:red\">VerticalAlignment</span><span style=\"color:blue\">=</span><span style=\"color:black\">&quot;</span><span style=\"color:blue\">Center</span><span style=\"color:black\">&quot;</span> <span style=\"color:blue\">/&gt;</span>\n                <span style=\"color:blue\">&lt;</span><span style=\"color:#a31515\">xctk</span><span style=\"color:blue\">:</span><span style=\"color:#a31515\">ColorPicker</span> <span style=\"color:red\">Name</span><span style=\"color:blue\">=</span><span style=\"color:black\">&quot;</span><span style=\"color:blue\">individualColour</span><span style=\"color:black\">&quot;</span> <span style=\"color:red\">Grid.Row</span><span style=\"color:blue\">=</span><span style=\"color:black\">&quot;</span><span style=\"color:blue\">0</span><span style=\"color:black\">&quot;</span> <span style=\"color:red\">Grid.Column</span><span style=\"color:blue\">=</span><span style=\"color:black\">&quot;</span><span style=\"color:blue\">1</span><span style=\"color:black\">&quot;</span> <span style=\"color:red\">Margin</span><span style=\"color:blue\">=</span><span style=\"color:black\">&quot;</span><span style=\"color:blue\">2</span><span style=\"color:black\">&quot;</span> <span style=\"color:red\">SelectedColor</span><span style=\"color:blue\">=</span><span style=\"color:black\">&quot;</span><span style=\"color:blue\">Black</span><span style=\"color:black\">&quot;</span> <span style=\"color:red\">DisplayColorAndName</span><span style=\"color:blue\">=</span><span style=\"color:black\">&quot;</span><span style=\"color:blue\">True</span><span style=\"color:black\">&quot;</span> <span style=\"color:blue\">/&gt;</span>\n\n                <span style=\"color:blue\">&lt;</span><span style=\"color:#a31515\">StackPanel</span> <span style=\"color:red\">Grid.Row</span><span style=\"color:blue\">=</span><span style=\"color:black\">&quot;</span><span style=\"color:blue\">1</span><span style=\"color:black\">&quot;</span> <span style=\"color:red\">Grid.ColumnSpan</span><span style=\"color:blue\">=</span><span style=\"color:black\">&quot;</span><span style=\"color:blue\">2</span><span style=\"color:black\">&quot;</span> <span style=\"color:red\">Orientation</span><span style=\"color:blue\">=</span><span style=\"color:black\">&quot;</span><span style=\"color:blue\">Horizontal</span><span style=\"color:black\">&quot;</span> <span style=\"color:red\">HorizontalAlignment</span><span style=\"color:blue\">=</span><span style=\"color:black\">&quot;</span><span style=\"color:blue\">Center</span><span style=\"color:black\">&quot;</span> <span style=\"color:red\">Margin</span><span style=\"color:blue\">=</span><span style=\"color:black\">&quot;</span><span style=\"color:blue\">0,10,0,0</span><span style=\"color:black\">&quot;</span><span style=\"color:blue\">&gt;</span>\n                    <span style=\"color:blue\">&lt;</span><span style=\"color:#a31515\">Button</span> <span style=\"color:red\">Width</span><span style=\"color:blue\">=</span><span style=\"color:black\">&quot;</span><span style=\"color:blue\">65</span><span style=\"color:black\">&quot;</span> <span style=\"color:red\">Margin</span><span style=\"color:blue\">=</span><span style=\"color:black\">&quot;</span><span style=\"color:blue\">2</span><span style=\"color:black\">&quot;</span> <span style=\"color:red\">Click</span><span style=\"color:blue\">=</span><span style=\"color:black\">&quot;</span><span style=\"color:blue\">OkIndividualColourButtonClick</span><span style=\"color:black\">&quot;</span> <span style=\"color:red\">Content</span><span style=\"color:blue\">=</span><span style=\"color:black\">&quot;</span><span style=\"color:blue\">OK</span><span style=\"color:black\">&quot;</span><span style=\"color:blue\">/&gt;</span>\n                    <span style=\"color:blue\">&lt;</span><span style=\"color:#a31515\">Button</span> <span style=\"color:red\">Width</span><span style=\"color:blue\">=</span><span style=\"color:black\">&quot;</span><span style=\"color:blue\">65</span><span style=\"color:black\">&quot;</span> <span style=\"color:red\">Margin</span><span style=\"color:blue\">=</span><span style=\"color:black\">&quot;</span><span style=\"color:blue\">2</span><span style=\"color:black\">&quot;</span> <span style=\"color:red\">Click</span><span style=\"color:blue\">=</span><span style=\"color:black\">&quot;</span><span style=\"color:blue\">CancelButtonClick</span><span style=\"color:black\">&quot;</span> <span style=\"color:red\">Content</span><span style=\"color:blue\">=</span><span style=\"color:black\">&quot;</span><span style=\"color:blue\">Cancel</span><span style=\"color:black\">&quot;</span><span style=\"color:blue\">/&gt;</span>\n                <span style=\"color:blue\">&lt;/</span><span style=\"color:#a31515\">StackPanel</span><span style=\"color:blue\">&gt;</span>\n            <span style=\"color:blue\">&lt;/</span><span style=\"color:#a31515\">Grid</span><span style=\"color:blue\">&gt;</span>\n        <span style=\"color:blue\">&lt;/</span><span style=\"color:#a31515\">xctk</span><span style=\"color:blue\">:</span><span style=\"color:#a31515\">ChildWindow</span><span style=\"color:blue\">&gt;</span>\n</pre>\r\n</div>\r\n<p>&nbsp;</p>\r\n<p>The OkIndividualColourButton handler:</p>\r\n<p>&nbsp;</p>\r\n<div style=\"color:black; background-color:white\">\r\n<pre>        <span style=\"color:blue\">private</span> <span style=\"color:blue\">void</span> OkIndividualButtonClick(<span style=\"color:blue\">object</span> sender, RoutedEventArgs e)\n        {\n            EdgeControl ec = ((sender <span style=\"color:blue\">as</span> MenuItem).Parent <span style=\"color:blue\">as</span> ContextMenu).PlacementTarget <span style=\"color:blue\">as</span> EdgeControl;\n            (ec.Edge <span style=\"color:blue\">as</span> ERDEdge).EdgeColour = individualColour.SelectedColor;\n            individualColourWindow.Close();\n        }\n</pre>\r\n</div>\r\n<p>Also look at this:&nbsp;http://graphsharp.codeplex.com/discussions/399641</p>\r\n",
    "PostedDate": "2012-11-30T06:11:27.74-08:00",
    "UserRole": null,
    "MarkedAsAnswerDate": null
  }
]