[
  {
    "Id": "1049431",
    "ThreadId": "445163",
    "Html": "Hi,\r<br />\n<br />\nI am new to graphsharp. Can anyone please help me how to highlight the vertex on mouse hover.<br />\n",
    "PostedDate": "2013-05-27T23:52:35.51-07:00",
    "UserRole": null,
    "MarkedAsAnswerDate": null
  },
  {
    "Id": "1049480",
    "ThreadId": "445163",
    "Html": "I got it by doing HighlightAlgorithmType=&quot;Simple&quot; in the graphLayout section in the xaml. But the issue is I also have a highlighting(say H1) done on the vertex based on the context menu click . And this(H1) highlighting is overridden by Simple Highlighting algorithm when i hover the mouse. I need both the highlightings to be present. i.e by default SimpleHighlighting should be there and when i click on the context menu of the vertex i need that H1 highlighting to appear. Not sure how to achieve this. <br />\n",
    "PostedDate": "2013-05-28T02:26:25.297-07:00",
    "UserRole": null,
    "MarkedAsAnswerDate": null
  },
  {
    "Id": "1049985",
    "ThreadId": "445163",
    "Html": "Anyone who will help me on this???<br />\n",
    "PostedDate": "2013-05-29T02:34:49.263-07:00",
    "UserRole": null,
    "MarkedAsAnswerDate": null
  }
]