[
  {
    "Id": "821178",
    "ThreadId": "351538",
    "Html": "\r\n<p>&nbsp; Hi, I'm trying to meet some graph layout goals and wonder if what I'm doing is possible with Graph# or related software.&nbsp;&nbsp;&nbsp; I've used graphviz to draw tasks in build scripts, showing their dependencies.&nbsp; For example, https://github.com/fschwiet/PsakeViz/raw/master/samples/ravendb.default.pdf\r\n is drawn from https://github.com/fschwiet/PsakeViz/blob/master/sample_ravendb_default.ps1.</p>\r\n<p>&nbsp; &nbsp;One thing I don't like about the results is that while tasks are drawn left from right given the direction of the dependencies, the top-down order sometimes doesn't match how things run.&nbsp;&nbsp;&nbsp; For instance, from the example, &quot;default&quot;\r\n depends on &quot;OpenSource&quot; running before &quot;Release&quot;. &nbsp;I would prefer then that &quot;Release&quot; is drawn below &quot;OpenSource&quot;, so the top to bottom order indicates the order they run. &nbsp;Is there a way I can achieve this?</p>\r\n<p>&nbsp; Thanks much.</p>\r\n",
    "PostedDate": "2012-04-07T16:00:35.487-07:00",
    "UserRole": null,
    "MarkedAsAnswerDate": null
  }
]