[
  {
    "Id": "1018064",
    "ThreadId": "437281",
    "Html": "Hi,\r<br />\n<br />\nI'm just starting with Graph#.  I am getting following error. \r<br />\n[References downloaded from <strong>DOWNLOADS</strong> section.]\r<br />\n<br />\n<strong>Error:-</strong>   '...' does not contain a definition for 'GetVertexControl' and no extension method 'GetVertexControl' accepting a first argument ... (are you missing a using directive or an assembly reference?)\t\r<br />\n<br />\nAny help or hints on this?<br />\n",
    "PostedDate": "2013-03-19T22:59:06.033-07:00",
    "UserRole": null,
    "MarkedAsAnswerDate": null
  }
]