[
  {
    "Id": "210039",
    "ThreadId": "61879",
    "Html": "<p>Hey fellas - I think this software is really great. Is there any estimate for when the first edge routing algorithm will be available in GraphSharp? I've been working on this problem myself and as you probably already know it's pretty challenging. I'm having trouble finding resources to help me along. If this capability is currently under development, can anyone recommend any resources? I'm definitely interested in sharing ideas on the topic, especially if it helps GraphSharp in the process. Thanks!</p>\r\n<p>Tom</p>",
    "PostedDate": "2009-07-08T09:46:03.327-07:00",
    "UserRole": null,
    "MarkedAsAnswerDate": null
  }
]