[
  {
    "Id": "243884",
    "ThreadId": "71501",
    "Html": "<p>Don't know if what I'm saying makes sense...</p>\r\n<p>When you drag a vertex to the side of the ?canvas? the canvas grows.</p>\r\n<p>Is there a way to stop this or make it grow slower?</p>\r\n<p>Thanks in advance,</p>\r\n<p>rootme</p>",
    "PostedDate": "2009-10-09T06:39:36.22-07:00",
    "UserRole": null,
    "MarkedAsAnswerDate": null
  },
  {
    "Id": "429607",
    "ThreadId": "71501",
    "Html": "<p>This happens duo to the behaviour of the ZoomControl. Actually, I find it very helpful that the canvas resizes, as it is needed for eg. zooming/panning.</p>",
    "PostedDate": "2010-04-10T13:25:40.413-07:00",
    "UserRole": null,
    "MarkedAsAnswerDate": null
  }
]