[
  {
    "Id": "498171",
    "ThreadId": "228498",
    "Html": "<p>Hello,</p>\r\n<p>I am trying to visualize a GSM network interference graph grouped by network cells,</p>\r\n<p>To do it I've tried to create a graph that have as Parent Vertices my network cells and the network clients as Child Vertices each to it's current cell.</p>\r\n<p>The problem is that the compound Layout&nbsp; doesn't show the content of each cell (parent vertex) correctly (it draws it small and it doesn't feet to its content).</p>\r\n<p>Is there a way to specify the layout algorithm of the child vertices and how to make the parent vertices feet to their content.</p>\r\n<p>Finally excuse me for my English cause it's not my native and thank you.</p>\r\n<p><em>NB: &nbsp; GSM interference graphs are quit big (about a 1000 vertices and 6000 edges)</em></p>",
    "PostedDate": "2010-09-24T10:34:28.687-07:00",
    "UserRole": null,
    "MarkedAsAnswerDate": null
  }
]