[
  {
    "Id": "817463",
    "ThreadId": "350579",
    "Html": "<p>Hello, sorry for my bad english. &nbsp;I need some help.</p>\n<p>Example:</p>\n<p>I have graph like that http://dl.dropbox.com/u/6171308/Example1.png</p>\n<p>I need add edge from 12 to 10, without change positions of vertices.</p>\n<p>To got this http://dl.dropbox.com/u/6171308/Example2.png</p>\n<p>If you add a new edge each time you need to update the graphlayout, then the vertex positions are changed. How add edge on existing graphlayout without re-layout?</p>\n<p>Another question: How i can change layout direction of Sugiyama from \"TopToBottom\" to \"RightToLeft\"?</p>",
    "PostedDate": "2012-03-29T17:49:22.363-07:00",
    "UserRole": null,
    "MarkedAsAnswerDate": null
  },
  {
    "Id": "822946",
    "ThreadId": "350579",
    "Html": "<p>Can some one help whith this problem?</p>",
    "PostedDate": "2012-04-12T08:43:12.3-07:00",
    "UserRole": null,
    "MarkedAsAnswerDate": null
  },
  {
    "Id": "824008",
    "ThreadId": "350579",
    "Html": "<p>Where you add the layout algorithm types add this line and then just choose it with the combo-box :</p>\r\n<p>layoutAlgorithmTypes.Add(\"Simple\");</p>",
    "PostedDate": "2012-04-15T07:33:56.803-07:00",
    "UserRole": null,
    "MarkedAsAnswerDate": null
  },
  {
    "Id": "826235",
    "ThreadId": "350579",
    "Html": "<p>Thank you very much</p>",
    "PostedDate": "2012-04-19T15:51:02.62-07:00",
    "UserRole": null,
    "MarkedAsAnswerDate": null
  }
]