[
  {
    "Id": "708760",
    "ThreadId": "282130",
    "Html": "<p>How to add tooltip to the edges using binding?</p>\n<p>I tried to apply this style but I get an empty tooltip:</p>\n<p><span style=\"font-family: Consolas, 'Courier New', Courier, monospace; white-space: pre;\">&lt;Style&nbsp;TargetType=\"{x:Type&nbsp;graphsharp:EdgeControl}\"&nbsp;&gt;</span></p>\n<pre><span><span style=\"white-space: pre;\">\t</span>&lt;Style.Resources&gt;</span>\n<span>&nbsp;&nbsp;&nbsp;&nbsp;&nbsp;&nbsp;&nbsp;&nbsp;&nbsp;&nbsp;&nbsp;&nbsp;&nbsp;&nbsp;&nbsp;&nbsp;&lt;ToolTip&nbsp;x:Key=\"ToolTipEdgeContent\"&nbsp;&gt;</span>\n<span>&nbsp;&nbsp;&nbsp;&nbsp;&nbsp;&nbsp;&nbsp;&nbsp;&nbsp;&nbsp;&nbsp;&nbsp;&nbsp;&nbsp;&nbsp;&nbsp;&nbsp;&nbsp;&nbsp;&nbsp;&lt;StackPanel&gt;</span>\n<span>&nbsp;&nbsp;&nbsp;&nbsp;&nbsp;&nbsp;&nbsp;&nbsp;&nbsp;&nbsp;&nbsp;&nbsp;&nbsp;&nbsp;&nbsp;&nbsp;&nbsp;&nbsp;&nbsp;&nbsp;&nbsp;&nbsp;&nbsp;&nbsp;&lt;TextBlock&nbsp;Text=\"{Binding&nbsp;ID}\"/&gt;</span>\n<span>&nbsp;&nbsp;&nbsp;&nbsp;&nbsp;&nbsp;&nbsp;&nbsp;&nbsp;&nbsp;&nbsp;&nbsp;&nbsp;&nbsp;&nbsp;&nbsp;&nbsp;&nbsp;&nbsp;&nbsp;&lt;/StackPanel&gt;</span>\n<span>&nbsp;&nbsp;&nbsp;&nbsp;&nbsp;&nbsp;&nbsp;&nbsp;&nbsp;&nbsp;&nbsp;&nbsp;&nbsp;&nbsp;&nbsp;&nbsp;&lt;/ToolTip&gt;</span>\n<span>&nbsp;&nbsp;&nbsp;&nbsp;&nbsp;&nbsp;&nbsp;&nbsp;&nbsp;&nbsp;&nbsp;&nbsp;&lt;/Style.Resources&gt;</span>\n<span>&nbsp;&nbsp;&nbsp;&nbsp;&nbsp;&nbsp;&nbsp;&nbsp;&nbsp;&nbsp;&nbsp;&nbsp;&lt;Setter&nbsp;Property=\"ToolTip\"&nbsp;Value=\"{StaticResource&nbsp;ToolTipEdgeContent}\"/&gt;</span>\n<span>&lt;/Style&gt;</span></pre>\n<pre><br /></pre>\n<p>What could the problem be</p>",
    "PostedDate": "2011-12-07T05:26:43.97-08:00",
    "UserRole": null,
    "MarkedAsAnswerDate": null
  },
  {
    "Id": "708770",
    "ThreadId": "282130",
    "Html": "<p>Hello rabak,</p>\r\n<p>I faced the same problem (look at \"Problems when I compile GraphSharp.Controls from souce code\"). today I use the same xaml cunstruct and it works. It seems to have something to do with not machting .NET versions of the dll's and your app's .net version. I downloaded graphsharp again, recompiled it an since there it worked.</p>\r\n<p>&nbsp;</p>\r\n<p>Hope this helps</p>\r\n<p>NBT0511</p>",
    "PostedDate": "2011-12-07T05:53:06.663-08:00",
    "UserRole": null,
    "MarkedAsAnswerDate": null
  },
  {
    "Id": "708781",
    "ThreadId": "282130",
    "Html": "<p>Hi,</p>\n<p>i have&nbsp;GraphSharpDemo tooltip working, and i have the latest version.&nbsp;</p>\n<p>but still same problem :S</p>\n<p>The tool tip appears but with no data inside it, and i get no exceptions...</p>",
    "PostedDate": "2011-12-07T06:21:49.283-08:00",
    "UserRole": null,
    "MarkedAsAnswerDate": null
  },
  {
    "Id": "714221",
    "ThreadId": "282130",
    "Html": "<p>here is a code sample, the data that i get in the tooltip is: \"Type: \" without displaying the bind value i have been trying everything out, can someone help...</p>\n<p>&nbsp;</p>\n<div style=\"color: black; background-color: white;\">\n<pre>       &lt;DataTemplate x:Key=<span style=\"color: #a31515;\">\"TreeDiagramEdgeTemplate\"</span> DataType=<span style=\"color: #a31515;\">\"{x:Type Graph:PocEdge}\"</span>&gt;\n            &lt;StackPanel Orientation=<span style=\"color: #a31515;\">\"Horizontal\"</span>&gt;\n                &lt;TextBlock Text=<span style=\"color: #a31515;\">\"Type: \"</span>/&gt;\n                &lt;TextBlock Text=<span style=\"color: #a31515;\">\"{Binding Path=Type, Mode=OneWay}\"</span> /&gt;\n            &lt;/StackPanel&gt;\n        &lt;/DataTemplate&gt;\n\n        &lt;Style TargetType=<span style=\"color: #a31515;\">\"{x:Type graphsharp:EdgeControl}\"</span> &gt;\n\n            &lt;Setter Property=<span style=\"color: #a31515;\">\"ToolTip\"</span>&gt;\n                &lt;Setter.Value&gt;\n                    &lt;ContentPresenter  \n\t\t\t\tContentTemplate=<span style=\"color: #a31515;\">\"{StaticResource TreeDiagramEdgeTemplate}\"</span>/&gt;\n                &lt;/Setter.Value&gt;\n            &lt;/Setter&gt;\n\n        &lt;/Style&gt;\n</pre>\n<pre><br /></pre>\n<pre>and the PocEdge Class:</pre>\n</div>\n<p>&nbsp;</p>\n<pre><div style=\"color: black; background-color: white;\"><pre><span style=\"color: blue;\">public</span> <span style=\"color: blue;\">class</span> PocEdge : Edge&lt;PocVertex&gt;\n    {\n        <span style=\"color: blue;\">public</span> <span style=\"color: blue;\">string</span> Type\n        {\n            <span style=\"color: blue;\">get</span>;\n            <span style=\"color: blue;\">private</span> <span style=\"color: blue;\">set</span>;\n        }\n        <span style=\"color: blue;\">public</span> <span style=\"color: blue;\">string</span> ID\n        {\n            <span style=\"color: blue;\">get</span>;\n            <span style=\"color: blue;\">private</span> <span style=\"color: blue;\">set</span>;\n        }\n\n        <span style=\"color: blue;\">public</span> PocEdge(<span style=\"color: blue;\">string</span> id,<span style=\"color: blue;\">string</span> type, PocVertex source, PocVertex target)\n            : <span style=\"color: blue;\">base</span>(source, target)\n        {\n            ID = id;\n            Type= type;\n        }\n    }\n</pre>\n</div>\n<br /></pre>\n<p>I want to be able to display the type property in the tooltip</p>\n<p>&nbsp;</p>\n<p>Thanks&nbsp;</p>\n<p>RIK</p>",
    "PostedDate": "2011-12-19T06:38:49.493-08:00",
    "UserRole": null,
    "MarkedAsAnswerDate": null
  },
  {
    "Id": "714236",
    "ThreadId": "282130",
    "Html": "<p>Found the solution if anyone interested, although its from code behind.</p>\r\n<p>&nbsp;</p>\r\n<p>in the loaded event of the Graph:</p>\r\n<p>\r\n<div style=\"color: black; background-color: white;\">\r\n<pre><span style=\"color: blue;\">foreach</span> (<span style=\"color: blue;\">var</span> e <span style=\"color: blue;\">in</span> graphLayout.Children)\r\n            {\r\n                <span style=\"color: blue;\">if</span> (e <span style=\"color: blue;\">is</span> EdgeControl)\r\n                    (e <span style=\"color: blue;\">as</span> EdgeControl).ToolTip =<span style=\"color: #a31515;\">\"Type: \"</span> + ((e <span style=\"color: blue;\">as</span> EdgeControl).Edge <span style=\"color: blue;\">as</span> PocEdge).Type;\r\n            }\r\n</pre>\r\n</div>\r\nGood luck :D</p>",
    "PostedDate": "2011-12-19T07:02:12.757-08:00",
    "UserRole": null,
    "MarkedAsAnswerDate": null
  },
  {
    "Id": "992827",
    "ThreadId": "282130",
    "Html": "\r\n<p>man you are my savior. It looks like a helpful/useful solution! I have been searching for possible solutions on how to do databinding... I was like... What's wrong with my data binding knowledge... You are a champ! Thanx!</p>\r\n<p>Well, your solution did give me some hint on binding the data on the back of the code, which is an excellent idea!!!</p>\r\n<p>In my case, I create the graph, trying to get the ToolTip working, following <a href=\"http://sachabarbs.wordpress.com/2010/08/31/pretty-cool-graphs-in-wpf/\">\r\nSacha's tutorial</a>. I found his databinding not working on customized edges, displaying IDs only. (I have no idea what the fuck how that works having been reading through the graphsharp source code.)</p>\r\n<p>My problem is, I believe, when the graph is loaded, well, the canvas is loaded. there is no graph there yet. When I create a graph by deserializing a file, loaded event doesn't work anymore here. Hence, I have to update the ToolTip content after the graph\r\n is created. Not a very nice approach since there is no data binding here, and I have to remember that every time there is a new edge edited/updated, I have to update's Edgecontrol.ToolTip...</p>\r\n",
    "PostedDate": "2013-01-27T17:15:44.607-08:00",
    "UserRole": null,
    "MarkedAsAnswerDate": null
  },
  {
    "Id": "1005005",
    "ThreadId": "282130",
    "Html": "I was facing the same issue and eventually worked out a solution: I needed to explicitly set the DataContext of the Tooltip.\r<br />\n<br />\nSo I added the following Setter to the Style:<br />\n<pre><code>            &lt;Setter Property=&quot;ToolTip.DataContext&quot; Value=&quot;{Binding RelativeSource={RelativeSource Self},Path=Edge}&quot; /&gt;</code></pre>\n\nand things started to work.<br />\n",
    "PostedDate": "2013-02-21T19:56:03.907-08:00",
    "UserRole": null,
    "MarkedAsAnswerDate": null
  },
  {
    "Id": "1010124",
    "ThreadId": "282130",
    "Html": "thanks IanOfOz! You're like the wizard of Oz ;-)\r<br />\n<br />\nindeed things started working when setting the ToolTip.DataContext<br />\n",
    "PostedDate": "2013-03-04T11:18:38.323-08:00",
    "UserRole": null,
    "MarkedAsAnswerDate": null
  }
]