[
  {
    "Id": "206485",
    "ThreadId": "60919",
    "Html": "<p>Hi there,</p>\r\n<p>&nbsp;</p>\r\n<p>I'm really liking Graph# so far! Quick question:</p>\r\n<p>How does one override the behavior of having each Vertex on a Graph, so that it doesn't display the ToString() of the object the Vertex represents, but instead uses an ItemTemplate to define the appearance of each Vertex?</p>\r\n<p>&nbsp;</p>\r\n<p>Thanks! And thanks for Graph#!</p>",
    "PostedDate": "2009-06-29T01:06:33.72-07:00",
    "UserRole": null,
    "MarkedAsAnswerDate": null
  },
  {
    "Id": "206535",
    "ThreadId": "60919",
    "Html": "<p>You can use DataTemplates for example:</p>\r\n<p>&nbsp;</p>\r\n<div style=\"color:Black;background-color:White\">\r\n<pre><span style=\"color:Blue\">&lt;</span><span style=\"color:#A31515\">Window</span> <span style=\"color:Red\">...</span><br>                    <span style=\"color:Red\">xmlns:myns</span><span style=\"color:Blue\">=</span><span style=\"color:Black\">&quot;</span><span style=\"color:Blue\">clr-namespace:NamespaceOfYourVertexType[OPTIONALLY needed this: ;assembly=assembly_name_which_contains_your_vertex_class_if_its_not_the_same_as_your_window's_assemlby_(without_dll_postfix)]</span><span style=\"color:Black\">&quot;</span><span style=\"color:Blue\">&gt;</span><br>    <span style=\"color:Blue\">&lt;</span><span style=\"color:#A31515\">Window.Resources</span><span style=\"color:Blue\">&gt;</span><br>    <span style=\"color:Green\">&lt;!-- define with a datatemplate how to show your vertex class--&gt;</span><br>    <span style=\"color:Blue\">&lt;</span><span style=\"color:#A31515\">DataTemplate</span> <span style=\"color:Red\">DataType</span><span style=\"color:Blue\">=</span><span style=\"color:Black\">&quot;</span><span style=\"color:Blue\">{x:Type myns:YourVertexType}</span><span style=\"color:Black\">&quot;</span><span style=\"color:Blue\">&gt;</span><br>        <span style=\"color:Green\">&lt;!-- here goes my vertex representation --&gt;</span><br>    <span style=\"color:Blue\">&lt;/</span><span style=\"color:#A31515\">DataTemplate</span><span style=\"color:Blue\">&gt;</span><br>    <span style=\"color:Blue\">&lt;/</span><span style=\"color:#A31515\">Window.Resources</span><span style=\"color:Blue\">&gt;</span><br><br>    <span style=\"color:Green\">&lt;!-- here is the GraphLayout Control --&gt;</span><br><span style=\"color:Blue\">&lt;/</span><span style=\"color:#A31515\">Window</span><span style=\"color:Blue\">&gt;</span><br><br></pre>\r\n</div>\r\n<p>&nbsp;</p>\r\n<p>&nbsp;</p>",
    "PostedDate": "2009-06-29T03:39:14.983-07:00",
    "UserRole": null,
    "MarkedAsAnswerDate": null
  },
  {
    "Id": "207429",
    "ThreadId": "60919",
    "Html": "<p>this is on of my implementation:</p>\r\n<p>&nbsp;</p>\r\n<p>&nbsp;</p>\r\n<div style=\"color:Black;background-color:White\">\r\n<pre>&nbsp;&nbsp; &nbsp; &nbsp; &nbsp;<span style=\"color:Blue\">&lt;</span><span style=\"color:#A31515\">DataTemplate</span> <span style=\"color:Red\">DataType</span><span style=\"color:Blue\">=</span><span style=\"color:Black\">&quot;</span><span style=\"color:Blue\">{x:Type common_graph:EntityVertex}</span><span style=\"color:Black\">&quot;</span><span style=\"color:Blue\">&gt;</span>\r\n\r\n&nbsp;&nbsp; &nbsp; &nbsp; &nbsp; &nbsp; &nbsp;<span style=\"color:Blue\">&lt;</span><span style=\"color:#A31515\">Border</span> <span style=\"color:Red\">Name</span><span style=\"color:Blue\">=</span><span style=\"color:Black\">&quot;</span><span style=\"color:Blue\">vertexPanel</span><span style=\"color:Black\">&quot;</span>\r\n\r\n&nbsp;&nbsp; &nbsp; &nbsp; &nbsp; &nbsp; &nbsp; &nbsp; &nbsp; &nbsp; &nbsp;<span style=\"color:Red\">Margin</span><span style=\"color:Blue\">=</span><span style=\"color:Black\">&quot;</span><span style=\"color:Blue\">3</span><span style=\"color:Black\">&quot;</span>\r\n\r\n&nbsp;&nbsp; &nbsp; &nbsp; &nbsp; &nbsp; &nbsp; &nbsp; &nbsp; &nbsp; &nbsp;<span style=\"color:Red\">Padding</span><span style=\"color:Blue\">=</span><span style=\"color:Black\">&quot;</span><span style=\"color:Blue\">4</span><span style=\"color:Black\">&quot;</span>\r\n\r\n&nbsp;&nbsp; &nbsp; &nbsp; &nbsp; &nbsp; &nbsp; &nbsp; &nbsp; &nbsp; &nbsp;<span style=\"color:Red\">CornerRadius</span><span style=\"color:Blue\">=</span><span style=\"color:Black\">&quot;</span><span style=\"color:Blue\">5, 5, 5, 5</span><span style=\"color:Black\">&quot;</span>\r\n\r\n&nbsp;&nbsp; &nbsp; &nbsp; &nbsp; &nbsp; &nbsp; &nbsp; &nbsp; &nbsp; &nbsp;<span style=\"color:Red\">BorderThickness</span><span style=\"color:Blue\">=</span><span style=\"color:Black\">&quot;</span><span style=\"color:Blue\">2</span><span style=\"color:Black\">&quot;</span>\r\n\r\n&nbsp;&nbsp; &nbsp; &nbsp; &nbsp; &nbsp; &nbsp; &nbsp; &nbsp; &nbsp; &nbsp;<span style=\"color:Red\">BorderBrush</span><span style=\"color:Blue\">=</span><span style=\"color:Black\">&quot;</span><span style=\"color:Blue\">LightGray</span><span style=\"color:Black\">&quot;</span>\r\n\r\n&nbsp;&nbsp; &nbsp; &nbsp; &nbsp; &nbsp; &nbsp; &nbsp; &nbsp; &nbsp; &nbsp;<span style=\"color:Blue\">&gt;</span>\r\n\r\n&nbsp;&nbsp; &nbsp; &nbsp; &nbsp; &nbsp; &nbsp; &nbsp; &nbsp;<span style=\"color:Blue\">&lt;</span><span style=\"color:#A31515\">StackPanel</span> <span style=\"color:Red\">ToolTip</span><span style=\"color:Blue\">=</span><span style=\"color:Black\">&quot;</span><span style=\"color:Blue\">{Binding Path=Description}</span><span style=\"color:Black\">&quot;</span><span style=\"color:Blue\">&gt;</span>\r\n\r\n&nbsp;&nbsp; &nbsp; &nbsp; &nbsp; &nbsp; &nbsp; &nbsp; &nbsp; &nbsp; &nbsp;<span style=\"color:Blue\">&lt;</span><span style=\"color:#A31515\">TextBlock</span> <span style=\"color:Red\">Text</span><span style=\"color:Blue\">=</span><span style=\"color:Black\">&quot;</span><span style=\"color:Blue\">{Binding Path=Code, FallbackValue=VertexId}</span><span style=\"color:Black\">&quot;</span> <span style=\"color:Red\">TextAlignment</span><span style=\"color:Blue\">=</span><span style=\"color:Black\">&quot;</span><span style=\"color:Blue\">Center</span><span style=\"color:Black\">&quot;</span><span style=\"color:Blue\">/&gt;</span> &nbsp; &nbsp; &nbsp; &nbsp; &nbsp; &nbsp; &nbsp; &nbsp;\r\n\r\n&nbsp;&nbsp; &nbsp; &nbsp; &nbsp; &nbsp; &nbsp; &nbsp; &nbsp;<span style=\"color:Blue\">&lt;/</span><span style=\"color:#A31515\">StackPanel</span><span style=\"color:Blue\">&gt;</span>\r\n\r\n&nbsp;&nbsp; &nbsp; &nbsp; &nbsp; &nbsp; &nbsp;<span style=\"color:Blue\">&lt;/</span><span style=\"color:#A31515\">Border</span><span style=\"color:Blue\">&gt;</span>\r\n\r\n&nbsp;&nbsp; &nbsp; &nbsp; &nbsp; &nbsp; &nbsp;<span style=\"color:Blue\">&lt;</span><span style=\"color:#A31515\">DataTemplate.Triggers</span><span style=\"color:Blue\">&gt;</span>\r\n\r\n&nbsp;&nbsp; &nbsp; &nbsp; &nbsp; &nbsp; &nbsp; &nbsp; &nbsp;<span style=\"color:Blue\">&lt;</span><span style=\"color:#A31515\">DataTrigger</span> <span style=\"color:Red\">Binding</span><span style=\"color:Blue\">=</span><span style=\"color:Black\">&quot;</span><span style=\"color:Blue\">{Binding Path=EntityType.Name}</span><span style=\"color:Black\">&quot;</span> <span style=\"color:Red\">Value</span><span style=\"color:Blue\">=</span><span style=\"color:Black\">&quot;</span><span style=\"color:Blue\">Factory</span><span style=\"color:Black\">&quot;</span><span style=\"color:Blue\">&gt;</span>\r\n\r\n&nbsp;&nbsp; &nbsp; &nbsp; &nbsp; &nbsp; &nbsp; &nbsp; &nbsp; &nbsp; &nbsp;<span style=\"color:Blue\">&lt;</span><span style=\"color:#A31515\">Setter</span> &nbsp;<span style=\"color:Red\">TargetName</span><span style=\"color:Blue\">=</span><span style=\"color:Black\">&quot;</span><span style=\"color:Blue\">vertexPanel</span><span style=\"color:Black\">&quot;</span> <span style=\"color:Red\">Property</span><span style=\"color:Blue\">=</span><span style=\"color:Black\">&quot;</span><span style=\"color:Blue\">Background</span><span style=\"color:Black\">&quot;</span> <span style=\"color:Red\">Value</span><span style=\"color:Blue\">=</span><span style=\"color:Black\">&quot;</span><span style=\"color:Blue\">LightBlue</span><span style=\"color:Black\">&quot;</span><span style=\"color:Blue\">/&gt;</span>\r\n\r\n&nbsp;&nbsp; &nbsp; &nbsp; &nbsp; &nbsp; &nbsp; &nbsp; &nbsp;<span style=\"color:Blue\">&lt;/</span><span style=\"color:#A31515\">DataTrigger</span><span style=\"color:Blue\">&gt;</span>\r\n\r\n&nbsp;&nbsp; &nbsp; &nbsp; &nbsp; &nbsp; &nbsp; &nbsp; &nbsp;<span style=\"color:Blue\">&lt;</span><span style=\"color:#A31515\">DataTrigger</span> <span style=\"color:Red\">Binding</span><span style=\"color:Blue\">=</span><span style=\"color:Black\">&quot;</span><span style=\"color:Blue\">{Binding Path=EntityType.Name}</span><span style=\"color:Black\">&quot;</span> <span style=\"color:Red\">Value</span><span style=\"color:Blue\">=</span><span style=\"color:Black\">&quot;</span><span style=\"color:Blue\">Department</span><span style=\"color:Black\">&quot;</span><span style=\"color:Blue\">&gt;</span>\r\n\r\n&nbsp;&nbsp; &nbsp; &nbsp; &nbsp; &nbsp; &nbsp; &nbsp; &nbsp; &nbsp; &nbsp;<span style=\"color:Blue\">&lt;</span><span style=\"color:#A31515\">Setter</span> &nbsp;<span style=\"color:Red\">TargetName</span><span style=\"color:Blue\">=</span><span style=\"color:Black\">&quot;</span><span style=\"color:Blue\">vertexPanel</span><span style=\"color:Black\">&quot;</span> <span style=\"color:Red\">Property</span><span style=\"color:Blue\">=</span><span style=\"color:Black\">&quot;</span><span style=\"color:Blue\">Background</span><span style=\"color:Black\">&quot;</span> <span style=\"color:Red\">Value</span><span style=\"color:Blue\">=</span><span style=\"color:Black\">&quot;</span><span style=\"color:Blue\">LightGreen</span><span style=\"color:Black\">&quot;</span><span style=\"color:Blue\">/&gt;</span>\r\n\r\n&nbsp;&nbsp; &nbsp; &nbsp; &nbsp; &nbsp; &nbsp; &nbsp; &nbsp;<span style=\"color:Blue\">&lt;/</span><span style=\"color:#A31515\">DataTrigger</span><span style=\"color:Blue\">&gt;</span>\r\n\r\n&nbsp;&nbsp; &nbsp; &nbsp; &nbsp; &nbsp; &nbsp; &nbsp; &nbsp;<span style=\"color:Blue\">&lt;</span><span style=\"color:#A31515\">DataTrigger</span> <span style=\"color:Red\">Binding</span><span style=\"color:Blue\">=</span><span style=\"color:Black\">&quot;</span><span style=\"color:Blue\">{Binding Path=EntityType.Name}</span><span style=\"color:Black\">&quot;</span> <span style=\"color:Red\">Value</span><span style=\"color:Blue\">=</span><span style=\"color:Black\">&quot;</span><span style=\"color:Blue\">ProductionLine</span><span style=\"color:Black\">&quot;</span><span style=\"color:Blue\">&gt;</span>\r\n\r\n&nbsp;&nbsp; &nbsp; &nbsp; &nbsp; &nbsp; &nbsp; &nbsp; &nbsp; &nbsp; &nbsp;<span style=\"color:Blue\">&lt;</span><span style=\"color:#A31515\">Setter</span> &nbsp;<span style=\"color:Red\">TargetName</span><span style=\"color:Blue\">=</span><span style=\"color:Black\">&quot;</span><span style=\"color:Blue\">vertexPanel</span><span style=\"color:Black\">&quot;</span> <span style=\"color:Red\">Property</span><span style=\"color:Blue\">=</span><span style=\"color:Black\">&quot;</span><span style=\"color:Blue\">Background</span><span style=\"color:Black\">&quot;</span> <span style=\"color:Red\">Value</span><span style=\"color:Blue\">=</span><span style=\"color:Black\">&quot;</span><span style=\"color:Blue\">LightYellow</span><span style=\"color:Black\">&quot;</span><span style=\"color:Blue\">/&gt;</span>\r\n\r\n&nbsp;&nbsp; &nbsp; &nbsp; &nbsp; &nbsp; &nbsp; &nbsp; &nbsp;<span style=\"color:Blue\">&lt;/</span><span style=\"color:#A31515\">DataTrigger</span><span style=\"color:Blue\">&gt;</span>\r\n\r\n&nbsp;&nbsp; &nbsp; &nbsp; &nbsp; &nbsp; &nbsp; &nbsp; &nbsp;<span style=\"color:Blue\">&lt;</span><span style=\"color:#A31515\">DataTrigger</span> <span style=\"color:Red\">Binding</span><span style=\"color:Blue\">=</span><span style=\"color:Black\">&quot;</span><span style=\"color:Blue\">{Binding Path=EntityType.Name}</span><span style=\"color:Black\">&quot;</span> <span style=\"color:Red\">Value</span><span style=\"color:Blue\">=</span><span style=\"color:Black\">&quot;</span><span style=\"color:Blue\">Workcenter</span><span style=\"color:Black\">&quot;</span><span style=\"color:Blue\">&gt;</span>\r\n\r\n&nbsp;&nbsp; &nbsp; &nbsp; &nbsp; &nbsp; &nbsp; &nbsp; &nbsp; &nbsp; &nbsp;<span style=\"color:Blue\">&lt;</span><span style=\"color:#A31515\">Setter</span> &nbsp;<span style=\"color:Red\">TargetName</span><span style=\"color:Blue\">=</span><span style=\"color:Black\">&quot;</span><span style=\"color:Blue\">vertexPanel</span><span style=\"color:Black\">&quot;</span> <span style=\"color:Red\">Property</span><span style=\"color:Blue\">=</span><span style=\"color:Black\">&quot;</span><span style=\"color:Blue\">Background</span><span style=\"color:Black\">&quot;</span> <span style=\"color:Red\">Value</span><span style=\"color:Blue\">=</span><span style=\"color:Black\">&quot;</span><span style=\"color:Blue\">Yellow</span><span style=\"color:Black\">&quot;</span><span style=\"color:Blue\">/&gt;</span>\r\n\r\n&nbsp;&nbsp; &nbsp; &nbsp; &nbsp; &nbsp; &nbsp; &nbsp; &nbsp;<span style=\"color:Blue\">&lt;/</span><span style=\"color:#A31515\">DataTrigger</span><span style=\"color:Blue\">&gt;</span>\r\n\r\n&nbsp;&nbsp; &nbsp; &nbsp; &nbsp; &nbsp; &nbsp; &nbsp; &nbsp;<span style=\"color:Blue\">&lt;</span><span style=\"color:#A31515\">DataTrigger</span> <span style=\"color:Red\">Binding</span><span style=\"color:Blue\">=</span><span style=\"color:Black\">&quot;</span><span style=\"color:Blue\">{Binding Path=EntityType.Name}</span><span style=\"color:Black\">&quot;</span> <span style=\"color:Red\">Value</span><span style=\"color:Blue\">=</span><span style=\"color:Black\">&quot;</span><span style=\"color:Blue\">Workstation</span><span style=\"color:Black\">&quot;</span><span style=\"color:Blue\">&gt;</span>\r\n\r\n&nbsp;&nbsp; &nbsp; &nbsp; &nbsp; &nbsp; &nbsp; &nbsp; &nbsp; &nbsp; &nbsp;<span style=\"color:Blue\">&lt;</span><span style=\"color:#A31515\">Setter</span> &nbsp;<span style=\"color:Red\">TargetName</span><span style=\"color:Blue\">=</span><span style=\"color:Black\">&quot;</span><span style=\"color:Blue\">vertexPanel</span><span style=\"color:Black\">&quot;</span> <span style=\"color:Red\">Property</span><span style=\"color:Blue\">=</span><span style=\"color:Black\">&quot;</span><span style=\"color:Blue\">Background</span><span style=\"color:Black\">&quot;</span> <span style=\"color:Red\">Value</span><span style=\"color:Blue\">=</span><span style=\"color:Black\">&quot;</span><span style=\"color:Blue\">WhiteSmoke</span><span style=\"color:Black\">&quot;</span><span style=\"color:Blue\">/&gt;</span>\r\n\r\n&nbsp;&nbsp; &nbsp; &nbsp; &nbsp; &nbsp; &nbsp; &nbsp; &nbsp;<span style=\"color:Blue\">&lt;/</span><span style=\"color:#A31515\">DataTrigger</span><span style=\"color:Blue\">&gt;</span>\r\n\r\n&nbsp;&nbsp; &nbsp; &nbsp; &nbsp; &nbsp; &nbsp; &nbsp; &nbsp;<span style=\"color:Blue\">&lt;</span><span style=\"color:#A31515\">DataTrigger</span> <span style=\"color:Red\">Binding</span><span style=\"color:Blue\">=</span><span style=\"color:Black\">&quot;</span><span style=\"color:Blue\">{Binding Path=EntityType.Name}</span><span style=\"color:Black\">&quot;</span> <span style=\"color:Red\">Value</span><span style=\"color:Blue\">=</span><span style=\"color:Black\">&quot;</span><span style=\"color:Blue\">ProductionMachine</span><span style=\"color:Black\">&quot;</span><span style=\"color:Blue\">&gt;</span>\r\n\r\n&nbsp;&nbsp; &nbsp; &nbsp; &nbsp; &nbsp; &nbsp; &nbsp; &nbsp; &nbsp; &nbsp;<span style=\"color:Blue\">&lt;</span><span style=\"color:#A31515\">Setter</span> &nbsp;<span style=\"color:Red\">TargetName</span><span style=\"color:Blue\">=</span><span style=\"color:Black\">&quot;</span><span style=\"color:Blue\">vertexPanel</span><span style=\"color:Black\">&quot;</span> <span style=\"color:Red\">Property</span><span style=\"color:Blue\">=</span><span style=\"color:Black\">&quot;</span><span style=\"color:Blue\">Background</span><span style=\"color:Black\">&quot;</span> <span style=\"color:Red\">Value</span><span style=\"color:Blue\">=</span><span style=\"color:Black\">&quot;</span><span style=\"color:Blue\">NavajoWhite</span><span style=\"color:Black\">&quot;</span><span style=\"color:Blue\">/&gt;</span>\r\n\r\n&nbsp;&nbsp; &nbsp; &nbsp; &nbsp; &nbsp; &nbsp; &nbsp; &nbsp;<span style=\"color:Blue\">&lt;/</span><span style=\"color:#A31515\">DataTrigger</span><span style=\"color:Blue\">&gt;</span>\r\n\r\n&nbsp;&nbsp; &nbsp; &nbsp; &nbsp; &nbsp; &nbsp;<span style=\"color:Blue\">&lt;/</span><span style=\"color:#A31515\">DataTemplate.Triggers</span><span style=\"color:Blue\">&gt;</span>\r\n\r\n&nbsp;&nbsp; &nbsp; &nbsp; &nbsp;<span style=\"color:Blue\">&lt;/</span><span style=\"color:#A31515\">DataTemplate</span><span style=\"color:Blue\">&gt;</span>\r\n</pre>\r\n</div>\r\n<p>&nbsp;</p>\r\n<p>&nbsp;</p>\r\n<p>&nbsp;</p>",
    "PostedDate": "2009-07-01T01:36:48.323-07:00",
    "UserRole": null,
    "MarkedAsAnswerDate": null
  }
]