[
  {
    "Id": "533774",
    "ThreadId": "237834",
    "Html": "\r\n<p>i want to solve graph coloring problem and i need to create colored graph aftre solving but i cant change the vertex color.</p>\r\n<p>can you help me?</p>\r\n<p>i have another problem:</p>\r\n<p>my graph is bidirectional but edge has direction, i create 1-&gt;2 edge and 2-&gt;1 edge to show bidirectional</p>\r\n<p><span style=\"font-size:x-small\"><span style=\"font-size:x-small\"></p>\r\n<p>graph.AddEdge(<span style=\"color:#0000ff; font-size:x-small\"><span style=\"color:#0000ff; font-size:x-small\">new</span></span><span style=\"font-size:x-small\">\r\n</span><span style=\"color:#2b91af; font-size:x-small\"><span style=\"color:#2b91af; font-size:x-small\">Edge</span></span><span style=\"font-size:x-small\">&lt;</span><span style=\"color:#0000ff; font-size:x-small\"><span style=\"color:#0000ff; font-size:x-small\">string</span></span><span style=\"font-size:x-small\">&gt;(FirstVertexTextBox.Text,\r\n SecondVertexTextBox.Text));</span><span style=\"font-size:x-small\"><span style=\"font-size:x-small\">\r\n</span></span></p>\r\n</span></span><span style=\"font-size:x-small\"><span style=\"font-size:x-small\">\r\n<p>graph.AddEdge(<span style=\"color:#0000ff; font-size:x-small\"><span style=\"color:#0000ff; font-size:x-small\">new</span></span><span style=\"font-size:x-small\">\r\n</span><span style=\"color:#2b91af; font-size:x-small\"><span style=\"color:#2b91af; font-size:x-small\">Edge</span></span><span style=\"font-size:x-small\">&lt;</span><span style=\"color:#0000ff; font-size:x-small\"><span style=\"color:#0000ff; font-size:x-small\">string</span></span><span style=\"font-size:x-small\">&gt;(SecondVertexTextBox.Text,\r\n FirstVertexTextBox.Text));</span></p>\r\n</span></span>\r\n<p>&nbsp;</p>\r\n<p>&nbsp;but when i want to remove edges it dosnt work and dosnt remove them:</p>\r\n<p><span style=\"font-size:x-small\"><span style=\"font-size:x-small\"></p>\r\n<p>graph.RemoveEdge(<span style=\"color:#0000ff; font-size:x-small\"><span style=\"color:#0000ff; font-size:x-small\">new</span></span><span style=\"font-size:x-small\">\r\n</span><span style=\"color:#2b91af; font-size:x-small\"><span style=\"color:#2b91af; font-size:x-small\">Edge</span></span><span style=\"font-size:x-small\">&lt;</span><span style=\"color:#0000ff; font-size:x-small\"><span style=\"color:#0000ff; font-size:x-small\">string</span></span><span style=\"font-size:x-small\">&gt;(FirstVertexTextBox.Text,\r\n SecondVertexTextBox.Text)); </span><span style=\"font-size:x-small\"><span style=\"font-size:x-small\">&nbsp;</span></span></p>\r\n</span></span><span style=\"font-size:x-small\"><span style=\"font-size:x-small\">\r\n<p>graph.RemoveEdge(<span style=\"color:#0000ff; font-size:x-small\"><span style=\"color:#0000ff; font-size:x-small\">new</span></span><span style=\"font-size:x-small\">\r\n</span><span style=\"color:#2b91af; font-size:x-small\"><span style=\"color:#2b91af; font-size:x-small\">Edge</span></span><span style=\"font-size:x-small\">&lt;</span><span style=\"color:#0000ff; font-size:x-small\"><span style=\"color:#0000ff; font-size:x-small\">string</span></span><span style=\"font-size:x-small\">&gt;(SecondVertexTextBox.Text,\r\n FirstVertexTextBox.Text));</span></p>\r\n</span></span>\r\n<p></p>\r\n<p></p>\r\n",
    "PostedDate": "2010-12-09T23:22:11.837-08:00",
    "UserRole": null,
    "MarkedAsAnswerDate": null
  },
  {
    "Id": "534425",
    "ThreadId": "237834",
    "Html": "\r\n<p>see first responce on</p>\r\n<p><a href=\"http://graphsharp.codeplex.com/Thread/View.aspx?ThreadId=224074\">http://graphsharp.codeplex.com/Thread/View.aspx?ThreadId=224074</a></p>\r\n<p>&nbsp;</p>\r\n<p>not certain on the 2nd one - try:</p>\r\n<p>1) ensure that you've defined a proper equality method on your edge class</p>\r\n<p>2) does the code work if you store a reference to the edge that you want to remove instead of creating two identical classes?</p>\r\n<p>let us know what works</p>\r\n",
    "PostedDate": "2010-12-11T11:14:10.333-08:00",
    "UserRole": null,
    "MarkedAsAnswerDate": null
  },
  {
    "Id": "535656",
    "ThreadId": "237834",
    "Html": "\r\n<p>hi guys,</p>\r\n<p>1.i need to create undirected graph and display itbut it doesn't work!</p>\r\n<p>2.i cannt create undirected graph then i used bidircted like this to add a edge:</p>\r\n<p><span style=\"font-size:x-small\"><span style=\"font-size:x-small\"></p>\r\n<p>graph.AddEdge(<span style=\"color:#0000ff; font-size:x-small\"><span style=\"color:#0000ff; font-size:x-small\">new</span></span><span style=\"font-size:x-small\">\r\n</span><span style=\"color:#2b91af; font-size:x-small\"><span style=\"color:#2b91af; font-size:x-small\">Edge</span></span><span style=\"font-size:x-small\">&lt;</span><span style=\"color:#0000ff; font-size:x-small\"><span style=\"color:#0000ff; font-size:x-small\">string</span></span><span style=\"font-size:x-small\">&gt;(FirstVertexTextBox.Text,\r\n SecondVertexTextBox.Text));</span><span style=\"font-size:x-small\"><span style=\"font-size:x-small\">\r\n</span></span></p>\r\n</span></span><span style=\"font-size:x-small\"><span style=\"font-size:x-small\">\r\n<p>graph.AddEdge(<span style=\"color:#0000ff; font-size:x-small\"><span style=\"color:#0000ff; font-size:x-small\">new</span></span><span style=\"font-size:x-small\">\r\n</span><span style=\"color:#2b91af; font-size:x-small\"><span style=\"color:#2b91af; font-size:x-small\">Edge</span></span><span style=\"font-size:x-small\">&lt;</span><span style=\"color:#0000ff; font-size:x-small\"><span style=\"color:#0000ff; font-size:x-small\">string</span></span><span style=\"font-size:x-small\">&gt;(SecondVertexTextBox.Text,\r\n FirstVertexTextBox.Text));</span></p>\r\n<p>but i cannt remove added edge:</p>\r\n</span></span>\r\n<p></p>\r\n<p><span style=\"font-size:x-small\"><span style=\"font-size:x-small\"><span style=\"font-size:x-small\"><span style=\"font-size:x-small\"></p>\r\n<p>graph.RemoveEdge(<span style=\"color:#0000ff; font-size:x-small\"><span style=\"color:#0000ff; font-size:x-small\">new</span></span><span style=\"font-size:x-small\">\r\n</span><span style=\"color:#2b91af; font-size:x-small\"><span style=\"color:#2b91af; font-size:x-small\">Edge</span></span><span style=\"font-size:x-small\">&lt;</span><span style=\"color:#0000ff; font-size:x-small\"><span style=\"color:#0000ff; font-size:x-small\">string</span></span><span style=\"font-size:x-small\">&gt;(FirstVertexTextBox.Text,\r\n SecondVertexTextBox.Text)); </span><span style=\"font-size:x-small\"><span style=\"font-size:x-small\">&nbsp;</span></span></p>\r\n</span></span><span style=\"font-size:x-small\"><span style=\"font-size:x-small\">\r\n<p>graph.RemoveEdge(<span style=\"color:#0000ff; font-size:x-small\"><span style=\"color:#0000ff; font-size:x-small\">new</span></span><span style=\"font-size:x-small\">\r\n</span><span style=\"color:#2b91af; font-size:x-small\"><span style=\"color:#2b91af; font-size:x-small\">Edge</span></span><span style=\"font-size:x-small\">&lt;</span><span style=\"color:#0000ff; font-size:x-small\"><span style=\"color:#0000ff; font-size:x-small\">string</span></span><span style=\"font-size:x-small\">&gt;(SecondVertexTextBox.Text,\r\n FirstVertexTextBox.Text));</span></p>\r\n</span></span></span></span>\r\n<p></p>\r\n<p></p>\r\n<p><span style=\"font-size:x-small\"></span>my second is worng because i should use undirected but i dont have any other choice thefore i use bidirceted, if i can add undirected graph i dont need have the second problm, what should i do??</p>\r\n<p></p>\r\n",
    "PostedDate": "2010-12-14T09:18:22.07-08:00",
    "UserRole": null,
    "MarkedAsAnswerDate": null
  },
  {
    "Id": "535825",
    "ThreadId": "237834",
    "Html": "\r\n<p>i solved remove edge by this:</p>\r\n<p><span style=\"font-size:x-small\"><span style=\"color:#2b91af; font-size:x-small\"><span style=\"color:#2b91af; font-size:x-small\">IEdge</span></span><span style=\"font-size:x-small\">&lt;</span><span style=\"color:#0000ff; font-size:x-small\"><span style=\"color:#0000ff; font-size:x-small\">string</span></span><span style=\"font-size:x-small\">&gt;\r\n edge;</span></span><span style=\"font-size:x-small\"><span style=\"font-size:x-small\">\r\n</p>\r\n<p>_Graph.TryGetEdge(SecondVertexTextBox.Text, FirstVertexTextBox.Text,<span style=\"color:#0000ff; font-size:x-small\"><span style=\"color:#0000ff; font-size:x-small\">out</span></span><span style=\"font-size:x-small\"> edge);</span><span style=\"font-size:x-small\">\r\n</span></p>\r\n</span></span>\r\n<p></p>\r\n<p><span style=\"font-size:x-small\"></p>\r\n<p></p>\r\n<p>_Graph.RemoveEdge(edge);</p>\r\n<span style=\"font-size:x-small\">\r\n<p>_Graph.TryGetEdge(FirstVertexTextBox.Text, SecondVertexTextBox.Text,<span style=\"color:#0000ff; font-size:x-small\"><span style=\"color:#0000ff; font-size:x-small\">out</span></span><span style=\"font-size:x-small\"> edge);</span><span style=\"font-size:x-small\">\r\n</span></p>\r\n</span>\r\n<p></p>\r\n<span style=\"font-size:x-small\">\r\n<p>_Graph.RemoveEdge(edge);</p>\r\n<p><span style=\"font-size:x-small\">&nbsp;</span></p>\r\n</span></span>\r\n<p></p>\r\n<p></p>\r\n<p></p>\r\n",
    "PostedDate": "2010-12-14T14:32:30.413-08:00",
    "UserRole": null,
    "MarkedAsAnswerDate": null
  }
]