[
  {
    "Id": "566249",
    "ThreadId": "246041",
    "Html": "\r\n<p>How can I modify the line-ends of edges? I want to replace the arrows with other shapes. I've inspected the Generic.xaml file, but I can't see how the ends are defined.</p>\r\n",
    "PostedDate": "2011-02-14T18:53:47.84-08:00",
    "UserRole": null,
    "MarkedAsAnswerDate": null
  },
  {
    "Id": "566252",
    "ThreadId": "246041",
    "Html": "<p>Never mind, I found it: GraphSharp.Converters.EdgeRouteToPathConverter.Convert()</p>",
    "PostedDate": "2011-02-14T18:58:45.87-08:00",
    "UserRole": null,
    "MarkedAsAnswerDate": null
  },
  {
    "Id": "660615",
    "ThreadId": "246041",
    "Html": "<blockquote style=\"border: solid .1em #ccc; font-style: italic; margin: .25em 1em 0 1em; padding: 0 .25em 0 .25em;\"><strong>GarethHayter wrote:</strong><br />\r\n<p>Never mind, I found it: GraphSharp.Converters.EdgeRouteToPathConverter.Convert()</p>\r\n</blockquote>\r\n<p>Could someone please explain how this could be used to essentially reverse the direction of an arrow from the default. i.e. remove the arrowhead from one end of the edge and add on to the other? I have had a look at the function listed in the source code, but cannot quite see how to use it.</p>\r\n<p>This would be a great help,</p>\r\n<p>Cheers,<br />Sam</p>",
    "PostedDate": "2011-08-19T07:36:01.103-07:00",
    "UserRole": null,
    "MarkedAsAnswerDate": null
  }
]