[
  {
    "Id": "834550",
    "ThreadId": "355266",
    "Html": "\r\n<p>Hi everybody,</p>\r\n<p>I am quite nbew to the this lib, so my question might be kind of dump... sorry ;-)</p>\r\n<p>In my application I'm displaying a simple graph (BidirectionalGraph). Whenever I replace the graph:<br>\r\n&nbsp;&nbsp;&nbsp;&nbsp;&nbsp;&nbsp;&nbsp;&nbsp; graph = new Graph()<br>\r\n&nbsp;&nbsp;&nbsp;&nbsp;&nbsp;&nbsp;&nbsp;&nbsp; graph.Addvertex(...)&nbsp; //in a loop</p>\r\n<p>the display flickers (= showing the new and the old graph for a while until the the new graph is finally displayed)</p>\r\n<p>I guess&nbsp;that I am not using the lib in the right fashion. Can anybody give me a glue what I am doing wrong. Is there any documentation how to do such a thing.</p>\r\n<p>Thank you very much!</p>\r\n<p>Thomas</p>\r\n<p>&nbsp;</p>\r\n<p>&nbsp;</p>\r\n<p>&nbsp;</p>\r\n",
    "PostedDate": "2012-05-10T05:57:44.317-07:00",
    "UserRole": null,
    "MarkedAsAnswerDate": null
  },
  {
    "Id": "834736",
    "ThreadId": "355266",
    "Html": "<p>I think what you mean on flickr is part of the animation effect.</p>\r\n<p>Set the IsAnimationEnabled property of the GraphLayout to false.</p>",
    "PostedDate": "2012-05-10T11:22:24.667-07:00",
    "UserRole": null,
    "MarkedAsAnswerDate": null
  },
  {
    "Id": "837087",
    "ThreadId": "355266",
    "Html": "<p>Hi Palesz,</p>\r\n<p>thank you for your reply. I have tried setting the AnimationEnabled to false, but it doesn't help - it is still flickering...</p>\r\n<p>nevertheless you provided the right hint: there are three other Properties (AnimationLength, AnimationDisablerEdgeCount and AninationDisablerVertexCount). I set all of these properties to '0' (zero). Now everything is working fine.</p>\r\n<p>&nbsp;</p>\r\n<p>Thank you very much!</p>\r\n<p>Thomas</p>",
    "PostedDate": "2012-05-16T02:11:39.707-07:00",
    "UserRole": null,
    "MarkedAsAnswerDate": null
  },
  {
    "Id": "1029751",
    "ThreadId": "355266",
    "Html": "tshaug,\r<br />\n<br />\nI know this conversation is from a while ago, but thanks for posting your solution. I was having the same issue and your solution fixed it for me.<br />\n<ul>\n<li>IsAnimationEnabled=&quot;False&quot; </li>\n<li>AnimationLength=&quot;0&quot; </li>\n<li>AnimationDisablerEdgeCount=&quot;0&quot; </li>\n<li>AnimationDisablerVertexCount=&quot;0&quot;</li>\n</ul>\n",
    "PostedDate": "2013-04-12T10:57:35.96-07:00",
    "UserRole": null,
    "MarkedAsAnswerDate": null
  }
]