[
  {
    "Id": "956932",
    "ThreadId": "406993",
    "Html": "\r\n<p>Dears, i have developed a solution using Graph sharp.</p>\r\n<p>But i failed to set tags or tool-tips. &nbsp;</p>\r\n<p>Could anyone suggest a complete solution ?</p>\r\n<p>i have tried many solutions across data templates, Triggers , blah blah.</p>\r\n<p>Thanks and your help is highly appreciated.</p>\r\n<p>For sending demos : mzaatar@acm.org</p>\r\n",
    "PostedDate": "2012-12-17T05:31:55.293-08:00",
    "UserRole": null,
    "MarkedAsAnswerDate": null
  },
  {
    "Id": "956944",
    "ThreadId": "406993",
    "Html": "\r\n<p>Modify the ControlTemplate of the EdgeControl. You can find the default ControlTemplate here:</p>\r\n<p>http://graphsharp.codeplex.com/SourceControl/changeset/view/9c108fe2dfa4#Source/Graph#.Controls/Themes/Generic.xaml</p>\r\n",
    "PostedDate": "2012-12-17T05:51:20.32-08:00",
    "UserRole": null,
    "MarkedAsAnswerDate": null
  },
  {
    "Id": "956989",
    "ThreadId": "406993",
    "Html": "\r\n<p>For me, having a ToolTip Setter in the style for the EdgeControl (and/or VertexControl) has worked nicely. For example (my custom edges have a 'Description' property to which I am binding the tool-tip content):</p>\r\n<p>&nbsp;</p>\r\n<div style=\"color:black; background-color:white\">\r\n<pre>      <span style=\"color:blue\">&lt;</span><span style=\"color:#a31515\">Style</span> <span style=\"color:red\">TargetType</span><span style=\"color:blue\">=</span><span style=\"color:black\">&quot;</span><span style=\"color:blue\">{x:Type graphsharp:EdgeControl}</span><span style=\"color:black\">&quot;</span><span style=\"color:blue\">&gt;</span>\r\n            <span style=\"color:blue\">&lt;</span><span style=\"color:#a31515\">Style.Resources</span><span style=\"color:blue\">&gt;</span>\r\n                <span style=\"color:blue\">&lt;</span><span style=\"color:#a31515\">ToolTip</span> <span style=\"color:red\">x:Key</span><span style=\"color:blue\">=</span><span style=\"color:black\">&quot;</span><span style=\"color:blue\">ToolTipContent</span><span style=\"color:black\">&quot;</span><span style=\"color:blue\">&gt;</span>\r\n                    <span style=\"color:blue\">&lt;</span><span style=\"color:#a31515\">StackPanel</span><span style=\"color:blue\">&gt;</span>\r\n                        <span style=\"color:blue\">&lt;</span><span style=\"color:#a31515\">TextBlock</span> <span style=\"color:red\">FontWeight</span><span style=\"color:blue\">=</span><span style=\"color:black\">&quot;</span><span style=\"color:blue\">Bold</span><span style=\"color:black\">&quot;</span> <span style=\"color:red\">Text</span><span style=\"color:blue\">=</span><span style=\"color:black\">&quot;</span><span style=\"color:blue\">Description</span><span style=\"color:black\">&quot;</span><span style=\"color:blue\">/&gt;</span>\r\n                        <span style=\"color:blue\">&lt;</span><span style=\"color:#a31515\">TextBlock</span> <span style=\"color:red\">Text</span><span style=\"color:blue\">=</span><span style=\"color:black\">&quot;</span><span style=\"color:blue\">{Binding Description}</span><span style=\"color:black\">&quot;</span><span style=\"color:blue\">/&gt;</span>\r\n                    <span style=\"color:blue\">&lt;/</span><span style=\"color:#a31515\">StackPanel</span><span style=\"color:blue\">&gt;</span>\r\n                <span style=\"color:blue\">&lt;/</span><span style=\"color:#a31515\">ToolTip</span><span style=\"color:blue\">&gt;</span>\r\n            <span style=\"color:blue\">&lt;/</span><span style=\"color:#a31515\">Style.Resources</span><span style=\"color:blue\">&gt;</span>\r\n            <span style=\"color:blue\">&lt;</span><span style=\"color:#a31515\">Setter</span> <span style=\"color:red\">Property</span><span style=\"color:blue\">=</span><span style=\"color:black\">&quot;</span><span style=\"color:blue\">ToolTip</span><span style=\"color:black\">&quot;</span> <span style=\"color:red\">Value</span><span style=\"color:blue\">=</span><span style=\"color:black\">&quot;</span><span style=\"color:blue\">{StaticResource ToolTipContent}</span><span style=\"color:black\">&quot;</span><span style=\"color:blue\">/&gt;</span>\r\n            .......\r\n     <span style=\"color:blue\">&lt;/</span><span style=\"color:#a31515\">Style</span><span style=\"color:blue\">&gt;</span>\r\n</pre>\r\n</div>\r\n<p>&nbsp;</p>\r\n<p>The only problem I have is that I can't seem to make the tool-tip show for longer than 5 seconds. I've tried adding StaysOpen=&quot;True&quot; to the ToolTip, as well as the following on the EdgeControl style</p>\r\n<p>&nbsp;</p>\r\n<div style=\"color:black; background-color:white\">\r\n<pre><span style=\"color:blue\">&lt;</span><span style=\"color:#a31515\">Setter</span> <span style=\"color:red\">Property</span><span style=\"color:blue\">=</span><span style=\"color:black\">&quot;</span><span style=\"color:blue\">ToolTipService.ShowDuration</span><span style=\"color:black\">&quot;</span> <span style=\"color:red\">Value</span><span style=\"color:blue\">=</span><span style=\"color:black\">&quot;</span><span style=\"color:blue\">10000</span><span style=\"color:black\">&quot;</span><span style=\"color:blue\">/&gt;</span>\r\n</pre>\r\n</div>\r\n<p>but both don't seem to work. It's nothing crucial but I do find it annoying, anyone have a solution?</p>\r\n<p>&nbsp;</p>\r\n",
    "PostedDate": "2012-12-17T06:52:07.48-08:00",
    "UserRole": null,
    "MarkedAsAnswerDate": null
  },
  {
    "Id": "957265",
    "ThreadId": "406993",
    "Html": "\r\n<blockquote style=\"border:solid .1em #ccc; font-style:italic; margin:.25em 1em 0 1em; padding:0 .25em 0 .25em\">\r\n<strong>regulus26 wrote:</strong><br>\r\n<p>For me, having a ToolTip Setter in the style for the EdgeControl (and/or VertexControl) has worked nicely. For example (my custom edges have a 'Description' property to which I am binding the tool-tip content):</p>\r\n<p>&nbsp;</p>\r\n<div style=\"color:black; background-color:white\">\r\n<pre>      <span style=\"color:blue\">&lt;</span><span style=\"color:#a31515\">Style</span> <span style=\"color:red\">TargetType</span><span style=\"color:blue\">=</span><span style=\"color:black\">&quot;</span><span style=\"color:blue\">{x:Type graphsharp:EdgeControl}</span><span style=\"color:black\">&quot;</span><span style=\"color:blue\">&gt;</span>\r\n            <span style=\"color:blue\">&lt;</span><span style=\"color:#a31515\">Style.Resources</span><span style=\"color:blue\">&gt;</span>\r\n                <span style=\"color:blue\">&lt;</span><span style=\"color:#a31515\">ToolTip</span> <span style=\"color:red\">x:Key</span><span style=\"color:blue\">=</span><span style=\"color:black\">&quot;</span><span style=\"color:blue\">ToolTipContent</span><span style=\"color:black\">&quot;</span><span style=\"color:blue\">&gt;</span>\r\n                    <span style=\"color:blue\">&lt;</span><span style=\"color:#a31515\">StackPanel</span><span style=\"color:blue\">&gt;</span>\r\n                        <span style=\"color:blue\">&lt;</span><span style=\"color:#a31515\">TextBlock</span> <span style=\"color:red\">FontWeight</span><span style=\"color:blue\">=</span><span style=\"color:black\">&quot;</span><span style=\"color:blue\">Bold</span><span style=\"color:black\">&quot;</span> <span style=\"color:red\">Text</span><span style=\"color:blue\">=</span><span style=\"color:black\">&quot;</span><span style=\"color:blue\">Description</span><span style=\"color:black\">&quot;</span><span style=\"color:blue\">/&gt;</span>\r\n                        <span style=\"color:blue\">&lt;</span><span style=\"color:#a31515\">TextBlock</span> <span style=\"color:red\">Text</span><span style=\"color:blue\">=</span><span style=\"color:black\">&quot;</span><span style=\"color:blue\">{Binding Description}</span><span style=\"color:black\">&quot;</span><span style=\"color:blue\">/&gt;</span>\r\n                    <span style=\"color:blue\">&lt;/</span><span style=\"color:#a31515\">StackPanel</span><span style=\"color:blue\">&gt;</span>\r\n                <span style=\"color:blue\">&lt;/</span><span style=\"color:#a31515\">ToolTip</span><span style=\"color:blue\">&gt;</span>\r\n            <span style=\"color:blue\">&lt;/</span><span style=\"color:#a31515\">Style.Resources</span><span style=\"color:blue\">&gt;</span>\r\n            <span style=\"color:blue\">&lt;</span><span style=\"color:#a31515\">Setter</span> <span style=\"color:red\">Property</span><span style=\"color:blue\">=</span><span style=\"color:black\">&quot;</span><span style=\"color:blue\">ToolTip</span><span style=\"color:black\">&quot;</span> <span style=\"color:red\">Value</span><span style=\"color:blue\">=</span><span style=\"color:black\">&quot;</span><span style=\"color:blue\">{StaticResource ToolTipContent}</span><span style=\"color:black\">&quot;</span><span style=\"color:blue\">/&gt;</span>\r\n            .......\r\n     <span style=\"color:blue\">&lt;/</span><span style=\"color:#a31515\">Style</span><span style=\"color:blue\">&gt;</span>\r\n</pre>\r\n</div>\r\n<p>&nbsp;</p>\r\n<p>The only problem I have is that I can't seem to make the tool-tip show for longer than 5 seconds. I've tried adding StaysOpen=&quot;True&quot; to the ToolTip, as well as the following on the EdgeControl style</p>\r\n<p>&nbsp;</p>\r\n<div style=\"color:black; background-color:white\">\r\n<pre><span style=\"color:blue\">&lt;</span><span style=\"color:#a31515\">Setter</span> <span style=\"color:red\">Property</span><span style=\"color:blue\">=</span><span style=\"color:black\">&quot;</span><span style=\"color:blue\">ToolTipService.ShowDuration</span><span style=\"color:black\">&quot;</span> <span style=\"color:red\">Value</span><span style=\"color:blue\">=</span><span style=\"color:black\">&quot;</span><span style=\"color:blue\">10000</span><span style=\"color:black\">&quot;</span><span style=\"color:blue\">/&gt;</span>\r\n</pre>\r\n</div>\r\n<p>but both don't seem to work. It's nothing crucial but I do find it annoying, anyone have a solution?</p>\r\n<p>&nbsp;</p>\r\n</blockquote>\r\n<p>It works only when it is in separated solution, when i add the Xaml as User Control or as Window in another application, IT DOESNOT WORK !!!</p>\r\n<p>It tries to find the &quot;Description&quot; (for example) in the view model !!! If i'm right, it searches in different DataContext.</p>\r\n<p>&nbsp;</p>\r\n<p>any Solution ?</p>\r\n",
    "PostedDate": "2012-12-17T13:59:41.59-08:00",
    "UserRole": null,
    "MarkedAsAnswerDate": null
  },
  {
    "Id": "957308",
    "ThreadId": "406993",
    "Html": "\r\n<p>Dears,</p>\r\n<p>Finally The tag appeared :) Thanks to&nbsp;http://graphsharp.codeplex.com/discussions/72119</p>\r\n<p>But the solution needs to be more descriptive, i worked hard to get it working.</p>\r\n<p>If anyone need help, mail me : mzaatar@acm.org</p>\r\n",
    "PostedDate": "2012-12-17T15:12:53.4-08:00",
    "UserRole": null,
    "MarkedAsAnswerDate": null
  },
  {
    "Id": "957334",
    "ThreadId": "406993",
    "Html": "\r\n<p>I think if you familiar with WPF and it's templating the solution is pretty straightforward. If you're not familiar with WPF it's not the Graph# project's problem...</p>\r\n",
    "PostedDate": "2012-12-17T16:45:47.037-08:00",
    "UserRole": null,
    "MarkedAsAnswerDate": null
  },
  {
    "Id": "967852",
    "ThreadId": "406993",
    "Html": "\r\n<blockquote style=\"border:solid .1em #ccc; font-style:italic; margin:.25em 1em 0 1em; padding:0 .25em 0 .25em\">\r\n<strong>regulus26 wrote:</strong><br>\r\n<p>For me, having a ToolTip Setter in the style for the EdgeControl (and/or VertexControl) has worked nicely. For example (my custom edges have a 'Description' property to which I am binding the tool-tip content):</p>\r\n<p>&nbsp;</p>\r\n<div style=\"color:black; background-color:white\">\r\n<pre>      <span style=\"color:blue\">&lt;</span><span style=\"color:#a31515\">Style</span> <span style=\"color:red\">TargetType</span><span style=\"color:blue\">=</span><span style=\"color:black\">&quot;</span><span style=\"color:blue\">{x:Type graphsharp:EdgeControl}</span><span style=\"color:black\">&quot;</span><span style=\"color:blue\">&gt;</span>\r\n            <span style=\"color:blue\">&lt;</span><span style=\"color:#a31515\">Style.Resources</span><span style=\"color:blue\">&gt;</span>\r\n                <span style=\"color:blue\">&lt;</span><span style=\"color:#a31515\">ToolTip</span> <span style=\"color:red\">x:Key</span><span style=\"color:blue\">=</span><span style=\"color:black\">&quot;</span><span style=\"color:blue\">ToolTipContent</span><span style=\"color:black\">&quot;</span><span style=\"color:blue\">&gt;</span>\r\n                    <span style=\"color:blue\">&lt;</span><span style=\"color:#a31515\">StackPanel</span><span style=\"color:blue\">&gt;</span>\r\n                        <span style=\"color:blue\">&lt;</span><span style=\"color:#a31515\">TextBlock</span> <span style=\"color:red\">FontWeight</span><span style=\"color:blue\">=</span><span style=\"color:black\">&quot;</span><span style=\"color:blue\">Bold</span><span style=\"color:black\">&quot;</span> <span style=\"color:red\">Text</span><span style=\"color:blue\">=</span><span style=\"color:black\">&quot;</span><span style=\"color:blue\">Description</span><span style=\"color:black\">&quot;</span><span style=\"color:blue\">/&gt;</span>\r\n                        <span style=\"color:blue\">&lt;</span><span style=\"color:#a31515\">TextBlock</span> <span style=\"color:red\">Text</span><span style=\"color:blue\">=</span><span style=\"color:black\">&quot;</span><span style=\"color:blue\">{Binding Description}</span><span style=\"color:black\">&quot;</span><span style=\"color:blue\">/&gt;</span>\r\n                    <span style=\"color:blue\">&lt;/</span><span style=\"color:#a31515\">StackPanel</span><span style=\"color:blue\">&gt;</span>\r\n                <span style=\"color:blue\">&lt;/</span><span style=\"color:#a31515\">ToolTip</span><span style=\"color:blue\">&gt;</span>\r\n            <span style=\"color:blue\">&lt;/</span><span style=\"color:#a31515\">Style.Resources</span><span style=\"color:blue\">&gt;</span>\r\n            <span style=\"color:blue\">&lt;</span><span style=\"color:#a31515\">Setter</span> <span style=\"color:red\">Property</span><span style=\"color:blue\">=</span><span style=\"color:black\">&quot;</span><span style=\"color:blue\">ToolTip</span><span style=\"color:black\">&quot;</span> <span style=\"color:red\">Value</span><span style=\"color:blue\">=</span><span style=\"color:black\">&quot;</span><span style=\"color:blue\">{StaticResource ToolTipContent}</span><span style=\"color:black\">&quot;</span><span style=\"color:blue\">/&gt;</span>\r\n            .......\r\n     <span style=\"color:blue\">&lt;/</span><span style=\"color:#a31515\">Style</span><span style=\"color:blue\">&gt;</span>\r\n</pre>\r\n</div>\r\n</blockquote>\r\n<p>I'm using the same code in my project. I copied my project from the tutorial:<br>\r\nhttp://sachabarbs.wordpress.com/2010/08/31/pretty-cool-graphs-in-wpf/<br>\r\n<br>\r\nI've only translated the project in vb and changed some names. Now I've done other changes, but the tooltip never worked after the translation. I can't understand why... This should be a problem with WPF, not related with G#. But maybe someone can help me!!!</p>\r\n",
    "PostedDate": "2012-12-24T05:02:51.55-08:00",
    "UserRole": null,
    "MarkedAsAnswerDate": null
  }
]