[
  {
    "Id": "827612",
    "ThreadId": "353298",
    "Html": "\r\n<p>I'm unable to change the layout algorithm! I'm placing the graph on a Element Host (using Windows Forms), and in my code I have:</p>\r\n<p></p>\r\n<div style=\"color:black; background-color:white\">\r\n<pre>layout.LayoutAlgorithmType = <span style=\"color:#a31515\">&quot;CompoundFDP&quot;</span>;\r\n</pre>\r\n</div>\r\n<p></p>\r\n<p>But when I run the program, after the main form is displayed, it raises this Exception:</p>\r\n<p></p>\r\n<div style=\"color:black; background-color:white\">\r\n<pre>System.NullReferenceException was unhandled\r\n  Message=Object reference not <span style=\"color:blue\">set</span> to an instance of an <span style=\"color:blue\">object</span>.\r\n  Source=GraphSharp.Controls\r\n  StackTrace:\r\n       at GraphSharp.Controls.GraphLayout`3.Layout(Boolean continueLayout)\r\n       at GraphSharp.Controls.GraphLayout`3.&lt;&gt;c__DisplayClass1f.&lt;Layout&gt;b__e(Object s, RoutedEventArgs e)\r\n       at System.Windows.RoutedEventHandlerInfo.InvokeHandler(Object target, RoutedEventArgs routedEventArgs)\r\n       at System.Windows.EventRoute.InvokeHandlersImpl(Object source, RoutedEventArgs args, Boolean reRaised)\r\n       at System.Windows.UIElement.RaiseEventImpl(DependencyObject sender, RoutedEventArgs args)\r\n       at System.Windows.UIElement.RaiseEvent(RoutedEventArgs e)\r\n       at System.Windows.BroadcastEventHelper.BroadcastEvent(DependencyObject root, RoutedEvent routedEvent)\r\n       at System.Windows.BroadcastEventHelper.BroadcastLoadedEvent(Object root)\r\n       at MS.Internal.LoadedOrUnloadedOperation.DoWork()\r\n       at System.Windows.Media.MediaContext.FireLoadedPendingCallbacks()\r\n       at System.Windows.Media.MediaContext.FireInvokeOnRenderCallbacks()\r\n       at System.Windows.Media.MediaContext.RenderMessageHandlerCore(Object resizedCompositionTarget)\r\n       at System.Windows.Media.MediaContext.RenderMessageHandler(Object resizedCompositionTarget)\r\n       at System.Windows.Threading.ExceptionWrapper.InternalRealCall(Delegate callback, Object args, Int32 numArgs)\r\n       at MS.Internal.Threading.ExceptionFilterHelper.TryCatchWhen(Object source, Delegate method, Object args, Int32 numArgs, Delegate catchHandler)\r\n       at System.Windows.Threading.DispatcherOperation.InvokeImpl()\r\n       at System.Windows.Threading.DispatcherOperation.InvokeInSecurityContext(Object state)\r\n       at System.Threading.ExecutionContext.runTryCode(Object userData)\r\n       at System.Runtime.CompilerServices.RuntimeHelpers.ExecuteCodeWithGuaranteedCleanup(TryCode code, CleanupCode backoutCode, Object userData)\r\n       at System.Threading.ExecutionContext.RunInternal(ExecutionContext executionContext, ContextCallback callback, Object state)\r\n       at System.Threading.ExecutionContext.Run(ExecutionContext executionContext, ContextCallback callback, Object state, Boolean ignoreSyncCtx)\r\n       at System.Threading.ExecutionContext.Run(ExecutionContext executionContext, ContextCallback callback, Object state)\r\n       at System.Windows.Threading.DispatcherOperation.Invoke()\r\n       at System.Windows.Threading.Dispatcher.ProcessQueue()\r\n       at System.Windows.Threading.Dispatcher.WndProcHook(IntPtr hwnd, Int32 msg, IntPtr wParam, IntPtr lParam, Boolean&amp; handled)\r\n       at MS.Win32.HwndWrapper.WndProc(IntPtr hwnd, Int32 msg, IntPtr wParam, IntPtr lParam, Boolean&amp; handled)\r\n       at MS.Win32.HwndSubclass.DispatcherCallbackOperation(Object o)\r\n       at System.Windows.Threading.ExceptionWrapper.InternalRealCall(Delegate callback, Object args, Int32 numArgs)\r\n       at MS.Internal.Threading.ExceptionFilterHelper.TryCatchWhen(Object source, Delegate method, Object args, Int32 numArgs, Delegate catchHandler)\r\n       at System.Windows.Threading.Dispatcher.InvokeImpl(DispatcherPriority priority, TimeSpan timeout, Delegate method, Object args, Int32 numArgs)\r\n       at MS.Win32.HwndSubclass.SubclassWndProc(IntPtr hwnd, Int32 msg, IntPtr wParam, IntPtr lParam)\r\n       at System.Windows.Forms.UnsafeNativeMethods.DispatchMessageW(MSG&amp; msg)\r\n       at System.Windows.Forms.Application.ComponentManager.System.Windows.Forms.UnsafeNativeMethods.IMsoComponentManager.FPushMessageLoop(IntPtr dwComponentID, Int32 reason, Int32 pvLoopData)\r\n       at System.Windows.Forms.Application.ThreadContext.RunMessageLoopInner(Int32 reason, ApplicationContext context)\r\n       at System.Windows.Forms.Application.ThreadContext.RunMessageLoop(Int32 reason, ApplicationContext context)\r\n       at System.Windows.Forms.Application.Run(Form mainForm)\r\n       at GUI.Program.Main() <span style=\"color:blue\">in</span> C:\\Users\\Tyron\\Documents\\Visual Studio 2010\\Projects\\TicketRecord\\GUI\\Program.cs:line 18\r\n       at System.AppDomain._nExecuteAssembly(RuntimeAssembly assembly, String[] args)\r\n       at System.AppDomain.ExecuteAssembly(String assemblyFile, Evidence assemblySecurity, String[] args)\r\n       at Microsoft.VisualStudio.HostingProcess.HostProc.RunUsersAssembly()\r\n       at System.Threading.ThreadHelper.ThreadStart_Context(Object state)\r\n       at System.Threading.ExecutionContext.Run(ExecutionContext executionContext, ContextCallback callback, Object state, Boolean ignoreSyncCtx)\r\n       at System.Threading.ExecutionContext.Run(ExecutionContext executionContext, ContextCallback callback, Object state)\r\n       at System.Threading.ThreadHelper.ThreadStart()\r\n  InnerException: \r\n\r\n</pre>\r\n</div>\r\nWhat can I do in order to use some of the extra layouts???\r\n<p></p>\r\n<p>Thanks in advance!</p>\r\n",
    "PostedDate": "2012-04-23T18:12:21.803-07:00",
    "UserRole": null,
    "MarkedAsAnswerDate": null
  }
]