[
  {
    "Id": "834052",
    "ThreadId": "355105",
    "Html": "\r\n<p>hi all, is there a way to add SelectedVertex Dependency Property to Graph control?</p>\r\n<p>&nbsp;</p>\r\n<p>thanks</p>\r\n",
    "PostedDate": "2012-05-09T09:09:11.93-07:00",
    "UserRole": null,
    "MarkedAsAnswerDate": null
  },
  {
    "Id": "1019777",
    "ThreadId": "355105",
    "Html": "Did anyone accomplish this? This could be very useful.<br />\n",
    "PostedDate": "2013-03-22T13:09:34.443-07:00",
    "UserRole": null,
    "MarkedAsAnswerDate": null
  },
  {
    "Id": "1031631",
    "ThreadId": "355105",
    "Html": "Something like this:\r<br />\n<br />\nAdd property to GraphCanvas<br />\n<pre><code>        #region DP - SelectedVertex\n        public static readonly DependencyProperty SelectedVertexProperty = DependencyProperty.Register(&quot;SelectedVertex&quot;, typeof(VertexControl),\n                                                typeof(GraphCanvas), new PropertyMetadata(null));\n        public VertexControlSelectedVertex\n        {\n            get { return (VertexControl)GetValue(SelectedVertexProperty); }\n            set { SetValue(SelectedVertexProperty, value); }\n        }\n        #endregion</code></pre>\n\nIn VertexControl.cs  add MouseDown event handler<br />\n<pre><code>        public VertexControl()\n        {\n            MouseDown += VertexControl_MouseDown;\n        }\n        void VertexControl_MouseDown(object sender, System.Windows.Input.MouseButtonEventArgs e)\n        {\n            if (RootCanvas != null)\n                RootCanvas.SelectedVertex = this;\n            e.Handled = true; // if you don't want zoomcontrol scrolling while vertex selection\n        }</code></pre>\n\n",
    "PostedDate": "2013-04-17T02:49:20.347-07:00",
    "UserRole": null,
    "MarkedAsAnswerDate": null
  }
]