[
  {
    "Id": "200743",
    "ThreadId": "59301",
    "Html": "<p>Hey guys! Awesome library, but it's lacking a little in documentation. What do I do to visualize a graph in a standalone C# application?</p>\r\n<p>Thank you!</p>",
    "PostedDate": "2009-06-12T02:55:26.34-07:00",
    "UserRole": null,
    "MarkedAsAnswerDate": null
  },
  {
    "Id": "200776",
    "ThreadId": "59301",
    "Html": "<p>A goos start point is to download the source code and run the example. I suggest you to take a look at the textwindows.xaml cause of is very easy to understand.</p>\r\n<p>&nbsp;</p>",
    "PostedDate": "2009-06-12T04:58:22.08-07:00",
    "UserRole": null,
    "MarkedAsAnswerDate": null
  },
  {
    "Id": "200812",
    "ThreadId": "59301",
    "Html": "<p>I got it! Works excellent! Thank you!</p>",
    "PostedDate": "2009-06-12T06:31:56.05-07:00",
    "UserRole": null,
    "MarkedAsAnswerDate": null
  }
]