[
  {
    "Id": "616174",
    "ThreadId": "258467",
    "Html": "\r\n<p>Hello All:</p>\r\n<p>1.&nbsp;&nbsp; How can I find a specific Vertex and highlight it..&nbsp;&nbsp;</p>\r\n<p>I have created an organizational chart using graph# ,&nbsp; how can i highlight a user in it.</p>\r\n<p>2. Can I set the graph size ? by default is zoom is fill with ZoomControl</p>\r\n<p>Regards..</p>\r\n",
    "PostedDate": "2011-05-21T00:04:39.817-07:00",
    "UserRole": null,
    "MarkedAsAnswerDate": null
  }
]