[
  {
    "Id": "576826",
    "ThreadId": "248770",
    "Html": "\r\n<p>Is there anyway I can speed up the rendering process of a high vertex/edge count graph? I'm currently working with a dataset of switches and clients on a network. When approaching a count of 200&#43; vertices or 600&#43; edges, loading time increases from a split\r\n second, to several, and sometimes even minutes. I understand this has to do with the layout algorithm, but I need to either make it quicker, or some how have the layout rendered on a&nbsp;separate&nbsp;thread; yet still be on the same WPF form. Any suggestions?</p>\r\n",
    "PostedDate": "2011-03-07T12:47:59.72-08:00",
    "UserRole": null,
    "MarkedAsAnswerDate": null
  }
]