[
  {
    "Id": "1459873",
    "ThreadId": "650236",
    "Html": "I also want to know the question:\r<br />\n<br />\nI'm an absolute beginner in C#. I draw some graphs with Graph# a few days ago. Now I don't know how to get labeled edges. By getting information on the internet, I saw this code:\r<br />\n&lt;Style TargetType=&quot;{x:Type graphsharp:EdgeControl}&quot;&gt;<br />\n<pre><code>&lt;Style.Resources&gt;\n    &lt;ToolTip x:Key=&quot;ToolTipContent&quot;&gt;\n        &lt;StackPanel&gt;\n            &lt;TextBlock x:Name=&quot;txtBlock&quot; FontWeight=&quot;Bold&quot; Text=&quot;Kanten Information&quot;/&gt;\n            &lt;TextBlock Text=&quot;{Binding ID}&quot;/&gt;\n            &lt;TextBlock Text=&quot;{Binding AD}&quot;/&gt;\n        &lt;/StackPanel&gt;\n    &lt;/ToolTip&gt;\n&lt;/Style.Resources&gt;\n&lt;Setter Property=&quot;ToolTip&quot; Value=&quot;{StaticResource ToolTipContent}&quot;/&gt;</code></pre>\n\n&lt;/Style&gt;\r<br />\nBut I don't want to show the edge information by using ToolTip. Otherwise it should be visible by using a label which is positioned in the middle of the edge. I've tried it with implementing a template for the edges but it doesn't work, because the visualisation of the edges got lost. \r<br />\n<br />\nThanks for your help!!!<br />\n",
    "PostedDate": "2016-01-20T00:38:30.99-08:00",
    "UserRole": null,
    "MarkedAsAnswerDate": null
  }
]