[
  {
    "Id": "233715",
    "ThreadId": "68686",
    "Html": "<p style=\"margin:0.0px 0.0px 0.0px 0.0px;font:12.0px Helvetica\">Is there any programatic way of disabling, and reenabling the automatic layout mechanism?&nbsp; I'm using the Sugiyama layout and adding and removing vertices and edges at runtime.&nbsp; When the graph has no vertices the layout mechanism fails with an indexing error.&nbsp; I worked around this by displaying a dummy graph when the logical graph is empty.&nbsp; When I add vertices to the &quot;empty&quot; graph I then remove the dummy vertices.&nbsp; However, this does not produce a very pleasing result as the graph is first displayed with the new nodes and edges, plus the dummy graph, and then the layout changes when I remove the dummy entries.&nbsp; Ideally the layout mechanism wouldn't fail when the graph has no vertices.&nbsp; But for now is there any way of disabling and then reenabling the automatic layout mechanism programatically so it doesn't attempt to layout the graph when it is the intermediate state where it contains the real graph plus the dummy one?</p>",
    "PostedDate": "2009-09-11T12:05:17.517-07:00",
    "UserRole": null,
    "MarkedAsAnswerDate": null
  },
  {
    "Id": "256475",
    "ThreadId": "68686",
    "Html": "<p>I had a similar problem. I wanted nodes to be added at runtime without layout, while allowing the user to relayout the whole graph now and then on a button click. This kind of thing works:</p>\r\n<p><span style=\"font-size:x-small\">\r\n<p>&nbsp;<span style=\"color:#0000ff;font-size:x-small\"><span style=\"color:#0000ff;font-size:x-small\">private</span></span><span style=\"font-size:x-small\"> </span><span style=\"color:#0000ff;font-size:x-small\"><span style=\"color:#0000ff;font-size:x-small\">void</span></span><span style=\"font-size:x-small\"> Button_Click_1(</span><span style=\"color:#0000ff;font-size:x-small\"><span style=\"color:#0000ff;font-size:x-small\">object</span></span><span style=\"font-size:x-small\"> sender, </span><span style=\"color:#2b91af;font-size:x-small\"><span style=\"color:#2b91af;font-size:x-small\">RoutedEventArgs</span></span><span style=\"font-size:x-small\"> e)</span></p>\r\n<p>{</p>\r\n<p>\r\n<p>layout.LayoutAlgorithmType = &quot;KK&quot;</p>\r\n<p>layout.Relayout();</p>\r\n<p>layout.LayoutAlgorithmType =&quot;&quot;</p>\r\n<p>}</p>\r\n</p>\r\n</span>\r\n<p>&nbsp;</p>\r\n</p>\r\n<p>&nbsp;</p>",
    "PostedDate": "2009-11-12T13:14:52.3-08:00",
    "UserRole": null,
    "MarkedAsAnswerDate": null
  },
  {
    "Id": "256805",
    "ThreadId": "68686",
    "Html": "<p>@<a id=\"ctl00_ctl00_MasterContent_Content_PostRepeater_ctl00_UserNameLink\" style=\"text-decoration:underline;color:#3e62a6\" href=\"http://www.codeplex.com/site/users/view/KevinMitchell\">KevinMitchell</a>: the problem of the empty Graph is solved now. Be sure that you are using the latest version on the control.</p>\r\n<p>Currently there is no possibility to disable the automatic relayout of the graph.&nbsp;</p>\r\n<p>Please, open a topic &nbsp;in the Issue Tracker</p>\r\n<p>&nbsp;</p>\r\n<p>badang</p>",
    "PostedDate": "2009-11-13T08:21:15.167-08:00",
    "UserRole": null,
    "MarkedAsAnswerDate": null
  },
  {
    "Id": "257285",
    "ThreadId": "68686",
    "Html": "<p>I just set the layout algorithm to empty and the automatic relayout stops (see above code).</p>",
    "PostedDate": "2009-11-15T10:51:47.91-08:00",
    "UserRole": null,
    "MarkedAsAnswerDate": null
  }
]