[
  {
    "Id": "1203275",
    "ThreadId": "529093",
    "Html": "Hi,\r<br />\n<br />\nis there a documentation on how to adapt the xaml file in order to visualize a non standard graph? My particular example is the following graph:<br />\n<pre><code>    public class DDNAGraph : BidirectionalGraph&lt;DDNAVertex, DDNAEdge&gt;\n    {\n        public DDNAGraph() { }\n\n        public DDNAGraph(bool allowParallelEdges)\n            : base(allowParallelEdges) { }\n\n        public DDNAGraph(bool allowParallelEdges, int vertexCapacity)\n            : base(allowParallelEdges, vertexCapacity) { }\n\n    }\n    public class DDNAGraphLayout : GraphLayout&lt;DDNAVertex, DDNAEdge, DDNAGraph&gt; { }\n    public class DDNAEdge : Edge&lt;DDNAVertex&gt;\n    {\n        public DDNAEdge(DDNAVertex source, DDNAVertex target)\n            : base(source, target)\n        {\n        }\n    }\n\n    public class DDNAVertex\n    {\n        public string ID { get; set; }\n        public bool exists { get; set; }\n\n        public DDNAVertex(string id, bool Fexists)\n        {\n            ID = id;\n            exists = Fexists;\n        }\n\n        public override string ToString()\n        {\n            return string.Format(&quot;{0}-{1}&quot;, ID, exists);\n        }\n    }</code></pre>\n\nIt is a graph of documents showing paths of copy pasted content in between them. The long term goal is to allow to user to click on any of the vertices and open up the related document. The ID attribute of the vertices is the path of the represented document.<br />\n",
    "PostedDate": "2014-02-05T18:24:47.88-08:00",
    "UserRole": null,
    "MarkedAsAnswerDate": null
  },
  {
    "Id": "1203358",
    "ThreadId": "529093",
    "Html": "Hi, unfortunately Graph# has no documentation and all you can do is to examine the example app in the source files. Though i can help a bit on that matter may i advice you to look at my GraphX library? It is based on Graph# logic.\r<br />\n<br />\n<a href=\"http://panthernet.ru/en/projects-en/graphx-en\" rel=\"nofollow\">http://panthernet.ru/en/projects-en/graphx-en</a><br />\n",
    "PostedDate": "2014-02-06T01:23:57.923-08:00",
    "UserRole": null,
    "MarkedAsAnswerDate": null
  },
  {
    "Id": "1203360",
    "ThreadId": "529093",
    "Html": "Hi Panthernet, thanks for the quick reply! \r<br />\nHow much of my current code would need changing if I would swap libraries? \r<br />\nAlso, is GraphX able to display a directed graph such as the target node is always put in a lower position then the starting node?\r<br />\n<br />\nThanks for your help!<br />\n",
    "PostedDate": "2014-02-06T01:30:57.817-08:00",
    "UserRole": null,
    "MarkedAsAnswerDate": null
  },
  {
    "Id": "1203395",
    "ThreadId": "529093",
    "Html": "Well, it's quite difficult to judge right now how much code will need to be changed because of modifications that has been made already. The general logic is the same though, you can look at the example projects that are included in the sources and the documentation page on my site.<br />\n",
    "PostedDate": "2014-02-06T04:01:03.13-08:00",
    "UserRole": null,
    "MarkedAsAnswerDate": null
  }
]