[
  {
    "Id": "1052881",
    "ThreadId": "446016",
    "Html": "Hi, I am using Grph#.\r<br />\n<br />\nCan I increase edge lenght and width?<br />\n",
    "PostedDate": "2013-06-04T20:48:47.163-07:00",
    "UserRole": null,
    "MarkedAsAnswerDate": null
  },
  {
    "Id": "1052936",
    "ThreadId": "446016",
    "Html": "Hi, what do you mean by edge lenght? Edge is drawn between vertices and it's lenght depends on the distance between them.\r<br />\nAnd the edge width can be change using <strong>StrokeThickness</strong> property of the <strong>Path</strong> object in the <strong>EdgeControl</strong> template file.\r<br />\n<br />\nFell free to try my <a href=\"http://www.graphx.codeplex.com\" rel=\"nofollow\">GraphX for .NET - advanced WPF graph rendering library</a><br />\n",
    "PostedDate": "2013-06-04T23:39:24.883-07:00",
    "UserRole": null,
    "MarkedAsAnswerDate": null
  },
  {
    "Id": "1053000",
    "ThreadId": "446016",
    "Html": "Thanks. I mean distnace between vertices. Can u write example for change StrokeThickness property in EdgeControl template?<br />\n",
    "PostedDate": "2013-06-05T02:20:06.533-07:00",
    "UserRole": null,
    "MarkedAsAnswerDate": null
  }
]