[
  {
    "Id": "951174",
    "ThreadId": "405529",
    "Html": "\r\n<p>When the graph is created, any vertex will cover an edge if it's put over that edge. I would like to know if there is any way to avoid this, so when I put a vertex over an edge, the entire edge is still visible.<br>\r\n<br>\r\nThanks in advance!</p>\r\n",
    "PostedDate": "2012-12-04T06:38:58.9-08:00",
    "UserRole": null,
    "MarkedAsAnswerDate": null
  },
  {
    "Id": "951269",
    "ThreadId": "405529",
    "Html": "\r\n<p>Try using ZIndex. Your GraphLayout (or the surrounding ZoomControl) needs to be in a Canvas or Grid. Then you just add a higher Canvas.ZIndex property to the EdgeControl style than the VertexControl style, like so:</p>\r\n<p></p>\r\n<div style=\"color:black; background-color:white\">\r\n<pre><span style=\"color:blue\">&lt;</span><span style=\"color:#a31515\">Style</span> <span style=\"color:red\">TargetType</span><span style=\"color:blue\">=</span><span style=\"color:black\">&quot;</span><span style=\"color:blue\">{x:Type graphsharp:VertexControl}</span><span style=\"color:black\">&quot;</span><span style=\"color:blue\">&gt;</span>\r\n     <span style=\"color:blue\">&lt;</span><span style=\"color:#a31515\">Setter</span> <span style=\"color:red\">Property</span><span style=\"color:blue\">=</span><span style=\"color:black\">&quot;</span><span style=\"color:blue\">Canvas.ZIndex</span><span style=\"color:black\">&quot;</span> <span style=\"color:red\">Value</span><span style=\"color:blue\">=</span><span style=\"color:black\">&quot;</span><span style=\"color:blue\">1</span><span style=\"color:black\">&quot;</span> <span style=\"color:blue\">/&gt;</span>\r\n     .....\r\n<span style=\"color:blue\">&lt;/</span><span style=\"color:#a31515\">Style</span><span style=\"color:blue\">&gt;</span>\r\n.....\r\n<span style=\"color:blue\">&lt;</span><span style=\"color:#a31515\">Style</span> <span style=\"color:red\">TargetType</span><span style=\"color:blue\">=</span><span style=\"color:black\">&quot;</span><span style=\"color:blue\">{x:Type graphsharp:EdgeControl}</span><span style=\"color:black\">&quot;</span><span style=\"color:blue\">&gt;</span>\r\n     <span style=\"color:blue\">&lt;</span><span style=\"color:#a31515\">Setter</span> <span style=\"color:red\">Property</span><span style=\"color:blue\">=</span><span style=\"color:black\">&quot;</span><span style=\"color:blue\">Canvas.ZIndex</span><span style=\"color:black\">&quot;</span> <span style=\"color:red\">Value</span><span style=\"color:blue\">=</span><span style=\"color:black\">&quot;</span><span style=\"color:blue\">2</span><span style=\"color:black\">&quot;</span> <span style=\"color:blue\">/&gt;</span>\r\n     .....\r\n<span style=\"color:blue\">&lt;/</span><span style=\"color:#a31515\">Style</span><span style=\"color:blue\">&gt;</span>\r\n</pre>\r\n</div>\r\nThat should make all edges be rendered on top of all vertices. If you just need some of them to be on top, maybe you could have an int property for your custom edge that can be set higher or lower than that of the VertexControls, and then you could bind to\r\n it in the EdgeCotrol style.\r\n<p></p>\r\n",
    "PostedDate": "2012-12-04T09:23:57.187-08:00",
    "UserRole": null,
    "MarkedAsAnswerDate": null
  },
  {
    "Id": "951308",
    "ThreadId": "405529",
    "Html": "\r\n<p>Thank you for the suggestion, I'll try it and leave you some feedback when done! :)</p>\r\n<p>EDIT: It worked perfectly, it was already in a Grid, so I only had to add the code and voil&agrave;! Thank you!</p>\r\n",
    "PostedDate": "2012-12-04T10:49:27.85-08:00",
    "UserRole": null,
    "MarkedAsAnswerDate": null
  }
]