[
  {
    "Id": "1007178",
    "ThreadId": "434597",
    "Html": "I have 2 nodes where there is an edge between A and B and one between B and A. The edges are rendered on top of each other, and I'd like them to be separate - can this be done?<br />\n",
    "PostedDate": "2013-02-26T12:06:20.593-08:00",
    "UserRole": null,
    "MarkedAsAnswerDate": null
  },
  {
    "Id": "1014919",
    "ThreadId": "434597",
    "Html": "have you solve it? i'm looking for the same than you<br />\n",
    "PostedDate": "2013-03-13T17:07:38.507-07:00",
    "UserRole": null,
    "MarkedAsAnswerDate": null
  },
  {
    "Id": "1015078",
    "ThreadId": "434597",
    "Html": "You should check for <strong>EdgeRouteToPathConverter</strong> class. That's the place where connection points are calculated using input data and <strong>GraphConverterHelper.CalculateAttachPoint</strong> method. The only problem is the distinction of IN and OUT edges that can be solved (i suppose) by adding new variable into edge data when you create them and then add additional binding to <strong>EdgeRouteToPathConverter</strong> Multibinding.<br />\n",
    "PostedDate": "2013-03-14T02:02:29.317-07:00",
    "UserRole": null,
    "MarkedAsAnswerDate": null
  }
]