[
  {
    "Id": "1443717",
    "ThreadId": "644757",
    "Html": "I'm an absolute beginner in C#. I draw some graphs with Graph# a few days ago. Now I don't know how to get labeled edges. By getting information on the internet, I saw this code:<br />\n<pre><code>&lt;Style TargetType=&quot;{x:Type graphsharp:EdgeControl}&quot;&gt;\n    &lt;Style.Resources&gt;\n        &lt;ToolTip x:Key=&quot;ToolTipContent&quot;&gt;\n            &lt;StackPanel&gt;\n                &lt;TextBlock x:Name=&quot;txtBlock&quot; FontWeight=&quot;Bold&quot; Text=&quot;Kanten Information&quot;/&gt;\n                &lt;TextBlock Text=&quot;{Binding ID}&quot;/&gt;\n                &lt;TextBlock Text=&quot;{Binding AD}&quot;/&gt;\n            &lt;/StackPanel&gt;\n        &lt;/ToolTip&gt;\n    &lt;/Style.Resources&gt;\n    &lt;Setter Property=&quot;ToolTip&quot; Value=&quot;{StaticResource ToolTipContent}&quot;/&gt;\n&lt;/Style&gt;\n</code></pre>\n\nBut I don't want to show the edge information by using ToolTip. Otherwise it should be visible by using a label which is positioned in the middle of the edge. I've tried it with implementing a template for the edges but it doesn't work, because the visualisation of the edges got lost.\r<br />\n<br />\nThanks for your help!!!<br />\n",
    "PostedDate": "2015-09-09T03:27:43.48-07:00",
    "UserRole": null,
    "MarkedAsAnswerDate": null
  }
]