[
  {
    "Id": "196108",
    "ThreadId": "57998",
    "Html": "<p>Hi guys,</p>\r\n<p>I wanted to have a look at your Graph# component, but when I try to compile I see there's a dependency on Microsoft Code Contracts. As it is not included in the source code, I had a look at the official microsoft web site, but it appears there is only an educational and a commercial license. And the commercial license applies to use in VS team system, which I don't have, I'm using the pro version.</p>\r\n<p>Is it possible to get rid of the Code Contracts dependency? Doesn't look like it's really crucial to the component.</p>\r\n<p>Thanks!</p>\r\n<p>Wout</p>\r\n<p>&nbsp;</p>",
    "PostedDate": "2009-05-31T03:33:38.473-07:00",
    "UserRole": null,
    "MarkedAsAnswerDate": null
  },
  {
    "Id": "196204",
    "ThreadId": "57998",
    "Html": "<p>I made a release today, and I separated the contracts from the Graph# dlls, so you can use the Graph# without using Microsoft.Contracts.</p>\r\n<p>palesz</p>",
    "PostedDate": "2009-05-31T15:51:19.147-07:00",
    "UserRole": null,
    "MarkedAsAnswerDate": null
  }
]