[
  {
    "Id": "423614",
    "ThreadId": "207298",
    "Html": "<p>First of all, thanks for your great work!</p>\r\n<p>At the home page, I found the second picture interesting. And I'd like to make my project have that &quot;theme&quot;.</p>\r\n<p>what kind of Layout Algorithm should I choose and what kind of theme should I apply to vertex and edges?</p>\r\n<p>It will be appreciated if anyone can give me some suggestions.</p>",
    "PostedDate": "2010-03-25T07:56:44.79-07:00",
    "UserRole": null,
    "MarkedAsAnswerDate": null
  }
]