[
  {
    "Id": "808102",
    "ThreadId": "348006",
    "Html": "\r\n<p>Hi</p>\r\n<p>I would like to add a functionality to my Vertices that allows the user to drag&amp;drop to another Vertices and create thereby a new edge between those two edges. The problem is, that several events like MouseMove, MouseLeftButtonUp or the property MouseEventArgs\r\n e.LeftButton won't work as expected if they are placed on a Vertex (by a DataTemplate).</p>\r\n<p>Does anybody know a way to do this?</p>\r\n<p>Regards</p>\r\n",
    "PostedDate": "2012-03-09T07:39:20.65-08:00",
    "UserRole": null,
    "MarkedAsAnswerDate": null
  },
  {
    "Id": "809141",
    "ThreadId": "348006",
    "Html": "<p>I did this by hooking the events within the Template.&nbsp; As you can see below on the content presenter i have a mouseDown, MouseUp and MouseEnter.</p>\r\n<div style=\"color: black; background-color: white;\">\r\n<pre><div style=\"color: black; background-color: white;\"><pre>        <span style=\"color: blue;\">&lt;</span><span style=\"color: #a31515;\">Style</span> <span style=\"color: red;\">TargetType</span><span style=\"color: blue;\">=</span><span style=\"color: blue;\">\"{x:Type Controls:VertexControl}\"</span><span style=\"color: blue;\">&gt;</span>\r\n            <span style=\"color: blue;\">&lt;</span><span style=\"color: #a31515;\">Setter</span> <span style=\"color: red;\">Property</span><span style=\"color: blue;\">=</span><span style=\"color: blue;\">\"Template\"</span><span style=\"color: blue;\">&gt;</span>\r\n                &lt;Setter.Value&gt;\r\n                    <span style=\"color: blue;\">&lt;</span><span style=\"color: #a31515;\">ControlTemplate</span> <span style=\"color: red;\">TargetType</span><span style=\"color: blue;\">=</span><span style=\"color: blue;\">\"{x:Type Controls:VertexControl}\"</span><span style=\"color: blue;\">&gt;</span>\r\n                        <span style=\"color: blue;\">&lt;</span><span style=\"color: #a31515;\">Border</span> <span style=\"color: red;\">BorderBrush</span><span style=\"color: blue;\">=</span><span style=\"color: blue;\">\"White\"</span> \r\n                                    <span style=\"color: red;\">Background</span><span style=\"color: blue;\">=</span><span style=\"color: blue;\">\"Black\"</span>\r\n\t\t\t\t\t\t\t        <span style=\"color: red;\">BorderThickness</span><span style=\"color: blue;\">=</span><span style=\"color: blue;\">\"2\"</span>\r\n\t\t\t\t\t\t\t        <span style=\"color: red;\">CornerRadius</span><span style=\"color: blue;\">=</span><span style=\"color: blue;\">\"10,10,10,10\"</span>\r\n\t\t\t\t\t\t\t        <span style=\"color: red;\">Padding</span><span style=\"color: blue;\">=</span><span style=\"color: blue;\">\"{TemplateBinding Padding}\"</span><span style=\"color: blue;\">&gt;</span>\r\n                            <span style=\"color: blue;\">&lt;</span><span style=\"color: #a31515;\">StackPanel</span> <span style=\"color: red;\">Orientation</span><span style=\"color: blue;\">=</span><span style=\"color: blue;\">\"Vertical\"</span><span style=\"color: blue;\">&gt;</span>                               \r\n                                    <span style=\"color: blue;\">&lt;</span><span style=\"color: #a31515;\">ContentPresenter</span> <span style=\"color: red;\">Content</span><span style=\"color: blue;\">=</span><span style=\"color: blue;\">\"{TemplateBinding Vertex}\"</span>\r\n                                            <span style=\"color: red;\">ContentTemplate</span><span style=\"color: blue;\">=</span><span style=\"color: blue;\">\"{StaticResource demoTemplate}\"</span> <span style=\"color: red;\">MouseUp</span><span style=\"color: blue;\">=</span><span style=\"color: blue;\">\"ContentPresenter_MouseUp\"</span> <span style=\"color: red;\">MouseEnter</span><span style=\"color: blue;\">=</span><span style=\"color: blue;\">\"ContentPresenter_MouseEnter\"</span> <span style=\"color: red;\">MouseDown</span><span style=\"color: blue;\">=</span><span style=\"color: blue;\">\"ContentPresenter_MouseDown\"</span><span style=\"color: blue;\">/&gt;</span>                                \r\n                            <span style=\"color: blue;\">&lt;/</span><span style=\"color: #a31515;\">StackPanel</span><span style=\"color: blue;\">&gt;</span>\r\n                            &lt;Border.Effect&gt;\r\n                                <span style=\"color: blue;\">&lt;</span><span style=\"color: #a31515;\">DropShadowEffect</span> <span style=\"color: red;\">BlurRadius</span><span style=\"color: blue;\">=</span><span style=\"color: blue;\">\"2\"</span> <span style=\"color: red;\">Color</span><span style=\"color: blue;\">=</span><span style=\"color: blue;\">\"LightGray\"</span> \r\n                                    <span style=\"color: red;\">Opacity</span><span style=\"color: blue;\">=</span><span style=\"color: blue;\">\"0.3\"</span> <span style=\"color: red;\">Direction</span><span style=\"color: blue;\">=</span><span style=\"color: blue;\">\"315\"</span><span style=\"color: blue;\">/&gt;</span>\r\n                            &lt;/Border.Effect&gt;\r\n                        <span style=\"color: blue;\">&lt;/</span><span style=\"color: #a31515;\">Border</span><span style=\"color: blue;\">&gt;</span>\r\n                    <span style=\"color: blue;\">&lt;/</span><span style=\"color: #a31515;\">ControlTemplate</span><span style=\"color: blue;\">&gt;</span>\r\n                &lt;/Setter.Value&gt;\r\n            <span style=\"color: blue;\">&lt;/</span><span style=\"color: #a31515;\">Setter</span><span style=\"color: blue;\">&gt;</span>\r\n        <span style=\"color: blue;\">&lt;/</span><span style=\"color: #a31515;\">Style</span><span style=\"color: blue;\">&gt;</span>\r\n</pre>\r\n</div>\r\n</pre>\r\n<pre>With doing the above I was able to use the MouseDown to capture the Vertex im starting with, then the MouseUp to find the last vertex to connect with. I then added it as a new connection via my viewmodel. </pre>\r\n<pre>I did however have to put a button on the page to capture when i wanted to do a new connection and add the below piece of code otherwise the mousedown would just keep moving the vertex. </pre>\r\n<pre><div style=\"color: black; background-color: white;\"><pre>           </pre>\r\n<pre>     <span style=\"color: green;\">//Dont move the item.</span>\r\n                StartDrive= (Drives)((ContentPresenter)e.Source).DataContext;\r\n                _startDriveControl = (VertexControl)((ContentPresenter)e.Source).TemplatedParent;\r\n                _startDriveControl.IsEnabled = <span style=\"color: blue;\">false</span>;\r\n</pre>\r\n<pre>Dont forget to activate the vertex again after the connection has finised. </pre>\r\n<pre>Hope this helps</pre>\r\n</div>\r\n</pre>\r\n</div>",
    "PostedDate": "2012-03-12T08:52:39.827-07:00",
    "UserRole": null,
    "MarkedAsAnswerDate": null
  },
  {
    "Id": "809584",
    "ThreadId": "348006",
    "Html": "<p>Thanks for your Reply! I haven't tried it yet because I use another approach at the moment. What exactly do you mean by \"page\"? The vertex that is supposed to get dragged?</p>",
    "PostedDate": "2012-03-13T06:17:40.89-07:00",
    "UserRole": null,
    "MarkedAsAnswerDate": null
  },
  {
    "Id": "809633",
    "ThreadId": "348006",
    "Html": "<p>just a button somewhere on the XAML page to ensure you disable the vertex you want to connect with. Otherwise when you click down on the vertex (to start connecting to another) it will automatically start dragging the vertex around with your mouse.&nbsp; This means the user will need to click a button 'Add Connection' (which sets a flag) then click on the vertex to start the connection.</p>\r\n<p>My mouse down even then checks to see if my 'add connection' button has been clicked and if so disables the vertex and allows for the connection to continue</p>\r\n<p>hope this makes sense</p>",
    "PostedDate": "2012-03-13T07:30:35.187-07:00",
    "UserRole": null,
    "MarkedAsAnswerDate": null
  },
  {
    "Id": "809638",
    "ThreadId": "348006",
    "Html": "<p>Thanks, that makes sense for me. I'll try it soon.</p>",
    "PostedDate": "2012-03-13T07:36:49.963-07:00",
    "UserRole": null,
    "MarkedAsAnswerDate": null
  },
  {
    "Id": "820771",
    "ThreadId": "348006",
    "Html": "<p>what's demoTemplate?</p>\r\n<p>&nbsp;</p>\r\n<p>can u post the code?</p>\r\n<p>&nbsp;</p>\r\n<p>thanks!</p>",
    "PostedDate": "2012-04-06T03:41:23.417-07:00",
    "UserRole": null,
    "MarkedAsAnswerDate": null
  },
  {
    "Id": "827001",
    "ThreadId": "348006",
    "Html": "<p>Have you tried to connect to the same vertex a self edge , it's not working how to solve that ?!</p>",
    "PostedDate": "2012-04-22T03:12:18.87-07:00",
    "UserRole": null,
    "MarkedAsAnswerDate": null
  }
]