[
  {
    "Id": "993509",
    "ThreadId": "431227",
    "Html": "\r\n<p>Hey,</p>\r\n<p>since I have many problems with MS Glee in order to get a useful Graph Layout, I would like to use Graph Sharp as a graph layout engine for my ASP.NET application.</p>\r\n<p>I think this should be no problem, however, I have problems to get the calculated X and Y coordinates from the nodes.</p>\r\n<p>There has been a solution in prior builds:</p>\r\n<p></p>\r\n<div style=\"color:black; background-color:white\">\r\n<pre><span style=\"color:blue\">double</span> x = GraphCanvas.GetX(graphLayout.GetVertexControl(vertex)); \r\n</pre>\r\n</div>\r\n<p></p>\r\n<p>However, the GetVertexControl function is not available anymore.</p>\r\n<p>Any comments to this problem would be welcome :)</p>\r\n",
    "PostedDate": "2013-01-29T01:59:07.84-08:00",
    "UserRole": null,
    "MarkedAsAnswerDate": null
  },
  {
    "Id": "995560",
    "ThreadId": "431227",
    "Html": "Use the the layout algorithm classes directly, instead of using the GraphCanvas (it's also a good idea to avoid the dependency on WPF controls in an ASP.NET application).<br />\n",
    "PostedDate": "2013-02-02T06:12:55.21-08:00",
    "UserRole": null,
    "MarkedAsAnswerDate": null
  }
]