[
  {
    "Id": "459877",
    "ThreadId": "217305",
    "Html": "<p>Do anyone have any idea how to change the vertex color of a single node?</p>\r\n<p>The node original color is Grey. I manage to change the color using Highlightvertex to red. When mouse over, it will change to blue. After mouse over, the color return back to Grey. Is it possible to keep that node remain red color after the mouse over?</p>\r\n<p>&nbsp;</p>",
    "PostedDate": "2010-06-25T03:07:26.43-07:00",
    "UserRole": null,
    "MarkedAsAnswerDate": null
  },
  {
    "Id": "533770",
    "ThreadId": "217305",
    "Html": "\r\n<p>hi,</p>\r\n<p>i wanna create colored graph and each node has a special color, but i dont know how?</p>\r\n<p>please help me!</p>\r\n<p>tnx</p>\r\n",
    "PostedDate": "2010-12-09T23:17:20.85-08:00",
    "UserRole": null,
    "MarkedAsAnswerDate": null
  },
  {
    "Id": "535472",
    "ThreadId": "217305",
    "Html": "\r\n<p><span lang=\"EN-US\" style=\"font-size:10pt; color:black\">Hi guys, thank you for your interest in Grapfh# control.</span></p>\r\n<p><span lang=\"EN-US\" style=\"font-size:10pt; color:black\">Please, do not ask a question on another question. Would be better open two separate topic.</span></p>\r\n<p><span lang=\"EN-US\" style=\"font-size:10pt; color:black\">@</span><span style=\"font-size:10pt; color:black\"><a href=\"http://www.codeplex.com/site/users/view/windz82\">windz82</a></span></p>\r\n<p><span lang=\"EN-US\" style=\"font-size:10pt; color:black\">To achive your goal, you can use a</span><span lang=\"EN-US\" style=\"font-size:12pt; color:black\">&nbsp;</span><span style=\"font-size:10pt; color:black\"><a title=\"DataTrigger\" href=\"http://msdn.microsoft.com/en-us/library/system.windows.datatrigger.aspx\" target=\"_blank\">DataTrigger</a></span><span lang=\"EN-US\" style=\"font-size:12pt; color:black\">&nbsp;</span><span lang=\"EN-US\" style=\"font-size:10pt; color:black\">that\r\n set the background color of your vertex after mouse over. Take a look at following code:</span></p>\r\n<p><span lang=\"EN-US\" style=\"font-size:10pt; color:black\">&nbsp;&nbsp;&nbsp;&nbsp;&nbsp;&nbsp;\r\n</span><span lang=\"EN-US\" style=\"font-size:10pt; color:blue\">&lt;</span><span lang=\"EN-US\" style=\"font-size:10pt; color:#a31515\">DataTemplate</span><span lang=\"EN-US\" style=\"font-size:10pt; color:black\">\r\n</span><span lang=\"EN-US\" style=\"font-size:10pt; color:red\">DataType</span><span lang=\"EN-US\" style=\"font-size:10pt; color:blue\">=</span><span lang=\"EN-US\" style=\"font-size:10pt; color:black\">&quot;</span><span lang=\"EN-US\" style=\"font-size:10pt; color:blue\">{x:Type\r\n common_graph:EntityVertex}</span><span lang=\"EN-US\" style=\"font-size:10pt; color:black\">&quot;</span><span lang=\"EN-US\" style=\"font-size:10pt; color:blue\">&gt;</span></p>\r\n<p><span lang=\"EN-US\" style=\"font-size:10pt; color:black\">&nbsp;&nbsp;&nbsp;&nbsp;&nbsp;&nbsp;&nbsp;&nbsp;&nbsp;&nbsp;\r\n</span><span lang=\"EN-US\" style=\"font-size:10pt; color:blue\">&lt;</span><span lang=\"EN-US\" style=\"font-size:10pt; color:#a31515\">Border</span><span lang=\"EN-US\" style=\"font-size:10pt; color:black\">\r\n</span><span lang=\"EN-US\" style=\"font-size:10pt; color:red\">x:Name</span><span lang=\"EN-US\" style=\"font-size:10pt; color:blue\">=</span><span lang=\"EN-US\" style=\"font-size:10pt; color:black\">&quot;</span><span lang=\"EN-US\" style=\"font-size:10pt; color:blue\">vertexBorder</span><span lang=\"EN-US\" style=\"font-size:10pt; color:black\">&quot;&gt;</span></p>\r\n<p><span lang=\"EN-US\" style=\"font-size:10pt; color:black\">&nbsp;&nbsp;&nbsp;&nbsp;&nbsp;&nbsp;&nbsp;&nbsp;&nbsp;&nbsp;&nbsp;&nbsp;&nbsp;&nbsp;\r\n</span><span lang=\"EN-US\" style=\"font-size:10pt; color:blue\">&lt;</span><span lang=\"EN-US\" style=\"font-size:10pt; color:#a31515\">StackPanel</span><span lang=\"EN-US\" style=\"font-size:10pt; color:black\">\r\n</span><span lang=\"EN-US\" style=\"font-size:10pt; color:red\">ToolTip</span><span lang=\"EN-US\" style=\"font-size:10pt; color:blue\">=</span><span lang=\"EN-US\" style=\"font-size:10pt; color:black\">&quot;</span><span lang=\"EN-US\" style=\"font-size:10pt; color:blue\">{Binding\r\n Path=Description}</span><span lang=\"EN-US\" style=\"font-size:10pt; color:black\">&quot;\r\n</span><span lang=\"EN-US\" style=\"font-size:10pt; color:red\">x:Name</span><span lang=\"EN-US\" style=\"font-size:10pt; color:blue\">=</span><span lang=\"EN-US\" style=\"font-size:10pt; color:black\">&quot;</span><span lang=\"EN-US\" style=\"font-size:10pt; color:blue\">vertexPanel</span><span lang=\"EN-US\" style=\"font-size:10pt; color:black\">&quot;</span><span lang=\"EN-US\" style=\"font-size:10pt; color:blue\">&gt;</span></p>\r\n<p><span lang=\"EN-US\" style=\"font-size:10pt; color:black\">&nbsp;&nbsp;&nbsp;&nbsp;&nbsp;&nbsp;&nbsp;&nbsp;&nbsp;&nbsp;&nbsp;&nbsp;&nbsp;&nbsp;&nbsp;&nbsp;&nbsp;&nbsp;\r\n</span><span lang=\"EN-US\" style=\"font-size:10pt; color:blue\">&lt;</span><span lang=\"EN-US\" style=\"font-size:10pt; color:#a31515\">TextBlock /</span><span lang=\"EN-US\" style=\"font-size:10pt; color:blue\">&gt;</span></p>\r\n<p><span lang=\"EN-US\" style=\"font-size:10pt; color:black\">&nbsp;&nbsp;&nbsp;&nbsp;&nbsp;&nbsp;&nbsp;&nbsp;&nbsp;&nbsp;&nbsp;&nbsp;&nbsp;&nbsp;\r\n</span><span lang=\"EN-US\" style=\"font-size:10pt; color:blue\">&lt;/</span><span lang=\"EN-US\" style=\"font-size:10pt; color:#a31515\">StackPanel</span><span lang=\"EN-US\" style=\"font-size:10pt; color:blue\">&gt;</span></p>\r\n<p><span lang=\"EN-US\" style=\"font-size:10pt; color:black\">&nbsp;&nbsp;&nbsp;&nbsp;&nbsp;&nbsp;&nbsp;&nbsp;&nbsp;&nbsp;\r\n</span><span lang=\"EN-US\" style=\"font-size:10pt; color:blue\">&lt;/</span><span lang=\"EN-US\" style=\"font-size:10pt; color:#a31515\">Border</span><span lang=\"EN-US\" style=\"font-size:10pt; color:blue\">&gt;</span></p>\r\n<p><span lang=\"EN-US\" style=\"font-size:10pt; color:black\">&nbsp;&nbsp; &nbsp;&nbsp;&nbsp;&nbsp;&nbsp;&nbsp;&nbsp;</span><span lang=\"EN-US\" style=\"font-size:10pt; color:blue\">&lt;</span><span lang=\"EN-US\" style=\"font-size:10pt; color:#a31515\">DataTemplate.Triggers</span><span lang=\"EN-US\" style=\"font-size:10pt; color:blue\">&gt;</span></p>\r\n<p><span lang=\"EN-US\" style=\"font-size:10pt; color:black\">&nbsp;&nbsp;&nbsp;&nbsp;&nbsp;&nbsp;&nbsp;&nbsp;&nbsp;&nbsp;&nbsp;&nbsp;&nbsp;&nbsp;\r\n</span><span lang=\"EN-US\" style=\"font-size:10pt; color:blue\">&lt;</span><span lang=\"EN-US\" style=\"font-size:10pt; color:#a31515\">DataTrigger</span><span lang=\"EN-US\" style=\"font-size:10pt; color:black\">\r\n</span><span lang=\"EN-US\" style=\"font-size:10pt; color:red\">Binding</span><span lang=\"EN-US\" style=\"font-size:10pt; color:blue\">=</span><span lang=\"EN-US\" style=\"font-size:10pt; color:black\">&quot;</span><span lang=\"EN-US\" style=\"font-size:10pt; color:blue\">{Binding\r\n Path=IsSelected}</span><span lang=\"EN-US\" style=\"font-size:10pt; color:black\">&quot; </span>\r\n<span lang=\"EN-US\" style=\"font-size:10pt; color:red\">Value</span><span lang=\"EN-US\" style=\"font-size:10pt; color:blue\">=</span><span lang=\"EN-US\" style=\"font-size:10pt; color:black\">&quot;</span><span lang=\"EN-US\" style=\"font-size:10pt; color:blue\">True</span><span lang=\"EN-US\" style=\"font-size:10pt; color:black\">&quot;</span><span lang=\"EN-US\" style=\"font-size:10pt; color:blue\">&gt;</span></p>\r\n<p><span lang=\"EN-US\" style=\"font-size:10pt; color:black\">&nbsp;&nbsp;&nbsp;&nbsp;&nbsp;&nbsp;&nbsp;&nbsp;&nbsp;&nbsp;&nbsp;&nbsp;&nbsp;&nbsp;&nbsp;&nbsp;&nbsp;&nbsp;\r\n</span><span lang=\"EN-US\" style=\"font-size:10pt; color:blue\">&lt;</span><span lang=\"EN-US\" style=\"font-size:10pt; color:#a31515\">Setter</span><span lang=\"EN-US\" style=\"font-size:10pt; color:black\">\r\n</span><span lang=\"EN-US\" style=\"font-size:10pt; color:red\">TargetName</span><span lang=\"EN-US\" style=\"font-size:10pt; color:blue\">=</span><span lang=\"EN-US\" style=\"font-size:10pt; color:black\">&quot;</span><span lang=\"EN-US\" style=\"font-size:10pt; color:blue\">vertexBorder</span><span lang=\"EN-US\" style=\"font-size:10pt; color:black\">&quot;\r\n</span><span lang=\"EN-US\" style=\"font-size:10pt; color:red\">Property</span><span lang=\"EN-US\" style=\"font-size:10pt; color:blue\">=</span><span lang=\"EN-US\" style=\"font-size:10pt; color:black\">&quot;</span><span lang=\"EN-US\" style=\"font-size:10pt; color:blue\">BorderBrush</span><span lang=\"EN-US\" style=\"font-size:10pt; color:black\">&quot;\r\n</span><span lang=\"EN-US\" style=\"font-size:10pt; color:red\">Value</span><span lang=\"EN-US\" style=\"font-size:10pt; color:blue\">=</span><span lang=\"EN-US\" style=\"font-size:10pt; color:black\">&quot;</span><span lang=\"EN-US\" style=\"font-size:10pt; color:blue\">Black</span><span lang=\"EN-US\" style=\"font-size:10pt; color:black\">&quot;</span><span lang=\"EN-US\" style=\"font-size:10pt; color:blue\">&gt;&lt;/</span><span lang=\"EN-US\" style=\"font-size:10pt; color:#a31515\">Setter</span><span lang=\"EN-US\" style=\"font-size:10pt; color:blue\">&gt;</span></p>\r\n<p><span lang=\"EN-US\" style=\"font-size:10pt; color:black\">&nbsp;&nbsp;&nbsp;&nbsp;&nbsp;&nbsp;&nbsp;&nbsp;&nbsp;&nbsp;&nbsp;&nbsp;&nbsp;&nbsp;\r\n</span><span lang=\"EN-US\" style=\"font-size:10pt; color:blue\">&lt;/</span><span lang=\"EN-US\" style=\"font-size:10pt; color:#a31515\">DataTrigger</span><span lang=\"EN-US\" style=\"font-size:10pt; color:blue\">&gt;</span></p>\r\n<p><span lang=\"EN-US\" style=\"font-size:10pt; color:black\">&nbsp;&nbsp;&nbsp;&nbsp;&nbsp;&nbsp;&nbsp;&nbsp;&nbsp;&nbsp;\r\n</span><span lang=\"EN-US\" style=\"font-size:10pt; color:blue\">&lt;/</span><span lang=\"EN-US\" style=\"font-size:10pt; color:#a31515\">DataTemplate.Triggers</span><span lang=\"EN-US\" style=\"font-size:10pt; color:blue\">&gt;</span></p>\r\n<p><span lang=\"EN-US\" style=\"font-size:10pt; color:black\">&nbsp;&nbsp;&nbsp;&nbsp;&nbsp;&nbsp;\r\n</span><span lang=\"EN-US\" style=\"font-size:10pt; color:blue\">&lt;/</span><span lang=\"EN-US\" style=\"font-size:10pt; color:#a31515\">DataTemplate</span><span lang=\"EN-US\" style=\"font-size:10pt; color:blue\">&gt;</span></p>\r\n<p><span lang=\"EN-US\" style=\"font-size:10pt; color:black\">In this example, I set a</span><span lang=\"EN-US\" style=\"font-size:12pt; color:black\">&nbsp;</span><span style=\"font-size:10pt; color:black\"><a href=\"http://msdn.microsoft.com/en-us/library/system.windows.datatemplate.aspx\" target=\"_blank\">DataTemplate</a></span><span lang=\"EN-US\" style=\"font-size:12pt; color:black\">&nbsp;</span><span lang=\"EN-US\" style=\"font-size:10pt; color:black\">for\r\n my vertex (EntityVertex in my domain) with a</span><span lang=\"EN-US\" style=\"font-size:12pt; color:black\">&nbsp;</span><span style=\"font-size:10pt; color:black\"><a href=\"http://msdn.microsoft.com/en-us/library/system.windows.datatrigger.aspx\" target=\"_blank\">DataTrigger</a></span><span lang=\"EN-US\" style=\"font-size:10pt; color:black\">&nbsp;that\r\n set the border to black where a user select a vertex. When the user click on a vertex i set True the IsSelected property that fires the datatrigger which set the borderbrush property. .\r\n</span><span style=\"font-size:10pt; color:black\">You can easily follow this example.</span></p>\r\n<p><span style=\"font-size:10pt; color:black\">@</span><span style=\"font-size:9pt; color:#30332d\"><a href=\"http://www.codeplex.com/site/users/view/homeshahab\"><span style=\"color:#ce8b10\">homeshahab</span></a></span></p>\r\n<p><span lang=\"EN-US\" style=\"font-size:9pt; color:#30332d\">Of course is possible, for example you can define a property that will discriminate the color of you vertex, and with datatrigger set the color based on its value. Look at the previous example, you\r\n can set color based on id (for example)</span></p>\r\n<p><span lang=\"EN-US\" style=\"font-size:9pt; color:#30332d\">&nbsp;</span></p>\r\n<p><span lang=\"EN-US\" style=\"font-size:10pt; color:black\">&nbsp;&nbsp;&nbsp;&nbsp;&nbsp;&nbsp;&nbsp;&nbsp;&nbsp;&nbsp;&nbsp;&nbsp;&nbsp;&nbsp;\r\n</span><span lang=\"EN-US\" style=\"font-size:10pt; color:blue\">&lt;</span><span lang=\"EN-US\" style=\"font-size:10pt; color:#a31515\">DataTrigger</span><span lang=\"EN-US\" style=\"font-size:10pt; color:black\">\r\n</span><span lang=\"EN-US\" style=\"font-size:10pt; color:red\">Binding</span><span lang=\"EN-US\" style=\"font-size:10pt; color:blue\">=</span><span lang=\"EN-US\" style=\"font-size:10pt; color:black\">&quot;</span><span lang=\"EN-US\" style=\"font-size:10pt; color:blue\">{Binding\r\n Path=Id}</span><span lang=\"EN-US\" style=\"font-size:10pt; color:black\">&quot; </span><span lang=\"EN-US\" style=\"font-size:10pt; color:red\">Value</span><span lang=\"EN-US\" style=\"font-size:10pt; color:blue\">=</span><span lang=\"EN-US\" style=\"font-size:10pt; color:black\">&quot;</span><span lang=\"EN-US\" style=\"font-size:10pt; color:blue\">1</span><span lang=\"EN-US\" style=\"font-size:10pt; color:black\">&quot;</span><span lang=\"EN-US\" style=\"font-size:10pt; color:blue\">&gt;</span></p>\r\n<p><span lang=\"EN-US\" style=\"font-size:10pt; color:black\">&nbsp;&nbsp;&nbsp;&nbsp;&nbsp;&nbsp;&nbsp;&nbsp;&nbsp;&nbsp;&nbsp;&nbsp;&nbsp;&nbsp;&nbsp;&nbsp;&nbsp;&nbsp;\r\n</span><span lang=\"EN-US\" style=\"font-size:10pt; color:blue\">&lt;</span><span lang=\"EN-US\" style=\"font-size:10pt; color:#a31515\">Setter</span><span lang=\"EN-US\" style=\"font-size:10pt; color:black\">\r\n</span><span lang=\"EN-US\" style=\"font-size:10pt; color:red\">TargetName</span><span lang=\"EN-US\" style=\"font-size:10pt; color:blue\">=</span><span lang=\"EN-US\" style=\"font-size:10pt; color:black\">&quot;</span><span lang=\"EN-US\" style=\"font-size:10pt; color:blue\">vertexBorder</span><span lang=\"EN-US\" style=\"font-size:10pt; color:black\">&quot;\r\n</span><span lang=\"EN-US\" style=\"font-size:10pt; color:red\">Property</span><span lang=\"EN-US\" style=\"font-size:10pt; color:blue\">=</span><span lang=\"EN-US\" style=\"font-size:10pt; color:black\">&quot;</span><span lang=\"EN-US\" style=\"font-size:10pt; color:blue\">Backgroundcolor</span><span lang=\"EN-US\" style=\"font-size:10pt; color:black\">&quot;\r\n</span><span lang=\"EN-US\" style=\"font-size:10pt; color:red\">Value</span><span lang=\"EN-US\" style=\"font-size:10pt; color:blue\">=</span><span lang=\"EN-US\" style=\"font-size:10pt; color:black\">&quot;</span><span lang=\"EN-US\" style=\"font-size:10pt; color:blue\">Black</span><span lang=\"EN-US\" style=\"font-size:10pt; color:black\">&quot;</span><span lang=\"EN-US\" style=\"font-size:10pt; color:blue\">&gt;&lt;/</span><span lang=\"EN-US\" style=\"font-size:10pt; color:#a31515\">Setter</span><span lang=\"EN-US\" style=\"font-size:10pt; color:blue\">&gt;</span></p>\r\n<p><span lang=\"EN-US\" style=\"font-size:10pt; color:black\">&nbsp;&nbsp;&nbsp;&nbsp;&nbsp;&nbsp;&nbsp;&nbsp;&nbsp;&nbsp;&nbsp;&nbsp;&nbsp;&nbsp;\r\n</span><span lang=\"EN-US\" style=\"font-size:10pt; color:blue\">&lt;/</span><span lang=\"EN-US\" style=\"font-size:10pt; color:#a31515\">DataTrigger</span><span lang=\"EN-US\" style=\"font-size:10pt; color:blue\">&gt;</span></p>\r\n<p><span lang=\"EN-US\" style=\"font-size:10pt; color:black\">&nbsp;&nbsp;&nbsp;&nbsp;&nbsp;&nbsp;&nbsp;&nbsp;&nbsp;&nbsp;&nbsp;&nbsp;&nbsp;&nbsp;\r\n</span><span lang=\"EN-US\" style=\"font-size:10pt; color:blue\">&lt;</span><span lang=\"EN-US\" style=\"font-size:10pt; color:#a31515\">DataTrigger</span><span lang=\"EN-US\" style=\"font-size:10pt; color:black\">\r\n</span><span lang=\"EN-US\" style=\"font-size:10pt; color:red\">Binding</span><span lang=\"EN-US\" style=\"font-size:10pt; color:blue\">=</span><span lang=\"EN-US\" style=\"font-size:10pt; color:black\">&quot;</span><span lang=\"EN-US\" style=\"font-size:10pt; color:blue\">{Binding\r\n Path= Id }</span><span lang=\"EN-US\" style=\"font-size:10pt; color:black\">&quot; </span>\r\n<span lang=\"EN-US\" style=\"font-size:10pt; color:red\">Value</span><span lang=\"EN-US\" style=\"font-size:10pt; color:blue\">=</span><span lang=\"EN-US\" style=\"font-size:10pt; color:black\">&quot;</span><span lang=\"EN-US\" style=\"font-size:10pt; color:blue\">2</span><span lang=\"EN-US\" style=\"font-size:10pt; color:black\">&quot;</span><span lang=\"EN-US\" style=\"font-size:10pt; color:blue\">&gt;</span></p>\r\n<p><span lang=\"EN-US\" style=\"font-size:10pt; color:black\">&nbsp;&nbsp;&nbsp;&nbsp;&nbsp;&nbsp;&nbsp;&nbsp;&nbsp;&nbsp;&nbsp;&nbsp;&nbsp;&nbsp;&nbsp;&nbsp;&nbsp;&nbsp;\r\n</span><span lang=\"EN-US\" style=\"font-size:10pt; color:blue\">&lt;</span><span lang=\"EN-US\" style=\"font-size:10pt; color:#a31515\">Setter</span><span lang=\"EN-US\" style=\"font-size:10pt; color:black\">\r\n</span><span lang=\"EN-US\" style=\"font-size:10pt; color:red\">TargetName</span><span lang=\"EN-US\" style=\"font-size:10pt; color:blue\">=</span><span lang=\"EN-US\" style=\"font-size:10pt; color:black\">&quot;</span><span lang=\"EN-US\" style=\"font-size:10pt; color:blue\">vertexBorder</span><span lang=\"EN-US\" style=\"font-size:10pt; color:black\">&quot;\r\n</span><span lang=\"EN-US\" style=\"font-size:10pt; color:red\">Property</span><span lang=\"EN-US\" style=\"font-size:10pt; color:blue\">=</span><span lang=\"EN-US\" style=\"font-size:10pt; color:black\">&quot;</span><span lang=\"EN-US\" style=\"font-size:10pt; color:blue\"> Backgroundcolor</span><span lang=\"EN-US\" style=\"font-size:10pt; color:black\">\r\n &quot; </span><span lang=\"EN-US\" style=\"font-size:10pt; color:red\">Value</span><span lang=\"EN-US\" style=\"font-size:10pt; color:blue\">=</span><span lang=\"EN-US\" style=\"font-size:10pt; color:black\">&quot;</span><span lang=\"EN-US\" style=\"font-size:10pt; color:blue\">White</span><span lang=\"EN-US\" style=\"font-size:10pt; color:black\">&quot;</span><span lang=\"EN-US\" style=\"font-size:10pt; color:blue\">&gt;&lt;/</span><span lang=\"EN-US\" style=\"font-size:10pt; color:#a31515\">Setter</span><span lang=\"EN-US\" style=\"font-size:10pt; color:blue\">&gt;</span></p>\r\n<p><span lang=\"EN-US\" style=\"font-size:10pt; color:black\">&nbsp;&nbsp;&nbsp;&nbsp;&nbsp;&nbsp;&nbsp;&nbsp;&nbsp;&nbsp;&nbsp;&nbsp;&nbsp;&nbsp;\r\n</span><span lang=\"EN-US\" style=\"font-size:10pt; color:blue\">&lt;/</span><span lang=\"EN-US\" style=\"font-size:10pt; color:#a31515\">DataTrigger</span><span lang=\"EN-US\" style=\"font-size:10pt; color:blue\">&gt;</span></p>\r\n<p><span lang=\"EN-US\" style=\"font-size:10pt; color:black\">&nbsp;</span></p>\r\n<p><span lang=\"EN-US\" style=\"font-size:10pt; color:black\">&nbsp;&nbsp;&nbsp;&nbsp;&nbsp;&nbsp;&nbsp;&nbsp;&nbsp;&nbsp;&nbsp;&nbsp;&nbsp;&nbsp;\r\n</span><span lang=\"EN-US\" style=\"font-size:10pt; color:blue\">&lt;</span><span lang=\"EN-US\" style=\"font-size:10pt; color:#a31515\">DataTrigger</span><span lang=\"EN-US\" style=\"font-size:10pt; color:black\">\r\n</span><span lang=\"EN-US\" style=\"font-size:10pt; color:red\">Binding</span><span lang=\"EN-US\" style=\"font-size:10pt; color:blue\">=</span><span lang=\"EN-US\" style=\"font-size:10pt; color:black\">&quot;</span><span lang=\"EN-US\" style=\"font-size:10pt; color:blue\">{Binding\r\n Path= Id }</span><span lang=\"EN-US\" style=\"font-size:10pt; color:black\">&quot; </span>\r\n<span lang=\"EN-US\" style=\"font-size:10pt; color:red\">Value</span><span lang=\"EN-US\" style=\"font-size:10pt; color:blue\">=</span><span lang=\"EN-US\" style=\"font-size:10pt; color:black\">&quot;</span><span lang=\"EN-US\" style=\"font-size:10pt; color:blue\">3</span><span lang=\"EN-US\" style=\"font-size:10pt; color:black\">&quot;</span><span lang=\"EN-US\" style=\"font-size:10pt; color:blue\">&gt;</span></p>\r\n<p><span lang=\"EN-US\" style=\"font-size:10pt; color:black\">&nbsp;&nbsp;&nbsp;&nbsp;&nbsp;&nbsp;&nbsp;&nbsp;&nbsp;&nbsp;&nbsp;&nbsp;&nbsp;&nbsp;&nbsp;&nbsp;&nbsp;&nbsp;\r\n</span><span lang=\"EN-US\" style=\"font-size:10pt; color:blue\">&lt;</span><span lang=\"EN-US\" style=\"font-size:10pt; color:#a31515\">Setter</span><span lang=\"EN-US\" style=\"font-size:10pt; color:black\">\r\n</span><span lang=\"EN-US\" style=\"font-size:10pt; color:red\">TargetName</span><span lang=\"EN-US\" style=\"font-size:10pt; color:blue\">=</span><span lang=\"EN-US\" style=\"font-size:10pt; color:black\">&quot;</span><span lang=\"EN-US\" style=\"font-size:10pt; color:blue\">vertexBorder</span><span lang=\"EN-US\" style=\"font-size:10pt; color:black\">&quot;\r\n</span><span lang=\"EN-US\" style=\"font-size:10pt; color:red\">Property</span><span lang=\"EN-US\" style=\"font-size:10pt; color:blue\">=</span><span lang=\"EN-US\" style=\"font-size:10pt; color:black\">&quot;</span><span lang=\"EN-US\" style=\"font-size:10pt; color:blue\"> Backgroundcolor</span><span lang=\"EN-US\" style=\"font-size:10pt; color:black\">\r\n &quot; </span><span lang=\"EN-US\" style=\"font-size:10pt; color:red\">Value</span><span lang=\"EN-US\" style=\"font-size:10pt; color:blue\">=</span><span lang=\"EN-US\" style=\"font-size:10pt; color:black\">&quot;</span><span lang=\"EN-US\" style=\"font-size:10pt; color:blue\">Orange</span><span lang=\"EN-US\" style=\"font-size:10pt; color:black\">&quot;</span><span lang=\"EN-US\" style=\"font-size:10pt; color:blue\">&gt;&lt;/</span><span lang=\"EN-US\" style=\"font-size:10pt; color:#a31515\">Setter</span><span lang=\"EN-US\" style=\"font-size:10pt; color:blue\">&gt;</span></p>\r\n<p><span lang=\"EN-US\" style=\"font-size:10pt; color:black\">&nbsp;&nbsp;&nbsp;&nbsp;&nbsp;&nbsp;&nbsp;&nbsp;&nbsp;&nbsp;&nbsp;&nbsp;&nbsp;&nbsp;\r\n</span><span lang=\"EN-US\" style=\"font-size:10pt; color:blue\">&lt;/</span><span lang=\"EN-US\" style=\"font-size:10pt; color:#a31515\">DataTrigger</span><span lang=\"EN-US\" style=\"font-size:10pt; color:blue\">&gt;</span></p>\r\n<p><span lang=\"EN-US\" style=\"font-size:10pt; color:black\">This is the way.</span></p>\r\n<p><span lang=\"EN-US\" style=\"font-size:10pt; color:black\">&nbsp;</span></p>\r\n<p><span lang=\"EN-US\" style=\"font-size:10pt; color:black\">I bet you have a lot of vertices and several color to set. You can do it programmatically to make dynamic the color association. If you need more help, please contact me.</span></p>\r\n<p><span lang=\"EN-US\" style=\"font-size:10pt; color:black\">&nbsp;</span></p>\r\n<p><span lang=\"EN-US\" style=\"font-size:10pt; color:black\">Enjoy coding!</span></p>\r\n<p><span lang=\"EN-US\" style=\"font-size:10pt; color:black\">&nbsp;</span></p>\r\n<p><span lang=\"EN-US\" style=\"font-size:10pt; color:black\">badagn</span></p>\r\n<p>&nbsp;</p>\r\n",
    "PostedDate": "2010-12-14T03:46:29.31-08:00",
    "UserRole": null,
    "MarkedAsAnswerDate": null
  },
  {
    "Id": "535652",
    "ThreadId": "217305",
    "Html": "\r\n<p>hi</p>\r\n<p>i'm sorry i thought questions are the same.</p>\r\n<p>i open &quot;<span>graph coloring problem</span>&quot;. please check it</p>\r\n<p><a href=\"http://graphsharp.codeplex.com/Thread/View.aspx?ThreadId=237834\">http://graphsharp.codeplex.com/Thread/View.aspx?ThreadId=237834</a></p>\r\n",
    "PostedDate": "2010-12-14T09:10:58.897-08:00",
    "UserRole": null,
    "MarkedAsAnswerDate": null
  },
  {
    "Id": "535668",
    "ThreadId": "217305",
    "Html": "\r\n<table>\r\n<tbody>\r\n<tr>\r\n<td>\r\n<div id=\"x_ctl00_ctl00_MasterContent_Content_PostRepeater_ctl04_BodyDiv\">\r\n<p><span lang=\"EN-US\" style=\"color:black; font-size:10pt\">Hi guys</span></p>\r\n</div>\r\n</td>\r\n</tr>\r\n</tbody>\r\n</table>\r\n<p>i need coloring&nbsp;&nbsp; graph vertex , i should do it dynaically becaese i need it t show graph coloring problem answer. please explain more because it is my first program in WPf.</p>\r\n<p>please step by step i'm new....</p>\r\n<p>tnx</p>\r\n",
    "PostedDate": "2010-12-14T09:47:02.803-08:00",
    "UserRole": null,
    "MarkedAsAnswerDate": null
  },
  {
    "Id": "536001",
    "ThreadId": "217305",
    "Html": "\r\n<p>Hi homeshahab!</p>\r\n<p>If WPF is new for you, then you should start learning WPF (datatemplates, triggers, XAML, ...) - and ask those questions on a WPF forum. If you have those basic skills in WPF, you will solve these dynamic-graph-coloring problem in a super easy and fast way.</p>\r\n<p>So what you need to do, ask those questions (or google them) on a WPF-specific forum:</p>\r\n<ul>\r\n<li>wpf datatemplates/controltemplates? how do they work? </li><li>Datatriggers? </li><li>converters? </li></ul>\r\n<p>Sorry if I don't provide you a specific answer (but I provided you the way you get your answer). I think you should learn these things to use Graph# properly.</p>\r\n",
    "PostedDate": "2010-12-15T01:29:57.17-08:00",
    "UserRole": null,
    "MarkedAsAnswerDate": null
  },
  {
    "Id": "537864",
    "ThreadId": "217305",
    "Html": "\r\n<p>hi</p>\r\n<p>i read about the titles, what should i do now?</p>\r\n<p>plz help me, i dont have enough time</p>\r\n",
    "PostedDate": "2010-12-19T00:52:38.333-08:00",
    "UserRole": null,
    "MarkedAsAnswerDate": null
  },
  {
    "Id": "732212",
    "ThreadId": "217305",
    "Html": "<p>Hi Guys,</p>\r\n<p>I have a question to this solution:</p>\r\n<p>In case of a property of my new class MSVertex I want to change the color (background and border) of a Vertex.&nbsp;</p>\r\n<p>Therefor I wrote this code:</p>\r\n<p>\r\n<div style=\"color: black; background-color: white;\">\r\n<pre><span style=\"color: blue;\">&lt;</span><span style=\"color: #a31515;\">DataTemplate</span> <span style=\"color: red;\">DataType</span><span style=\"color: blue;\">=</span><span style=\"color: black;\">\"</span><span style=\"color: blue;\">{x:Type Sample:MSVertex}</span><span style=\"color: black;\">\"</span><span style=\"color: blue;\">&gt;</span>\r\n        <span style=\"color: blue;\">&lt;</span><span style=\"color: #a31515;\">DataTemplate.Triggers</span><span style=\"color: blue;\">&gt;</span>\r\n        <span style=\"white-space: pre;\">\t</span><span style=\"color: blue;\">&lt;</span><span style=\"color: #a31515;\">DataTrigger</span> <span style=\"color: red;\">Binding</span><span style=\"color: blue;\">=</span><span style=\"color: black;\">\"</span><span style=\"color: blue;\">{Binding Path=Status}</span><span style=\"color: black;\">\"</span> <span style=\"color: red;\">Value</span><span style=\"color: blue;\">=</span><span style=\"color: black;\">\"</span><span style=\"color: blue;\">1</span><span style=\"color: black;\">\"</span><span style=\"color: blue;\">&gt;</span>\r\n                    <span style=\"color: blue;\">&lt;</span><span style=\"color: #a31515;\">Setter</span> <span style=\"color: red;\">TargetName</span><span style=\"color: blue;\">=</span><span style=\"color: black;\">\"</span><span style=\"color: blue;\">vertexBorder</span><span style=\"color: black;\">\"</span> <span style=\"color: red;\">Property</span><span style=\"color: blue;\">=</span><span style=\"color: black;\">\"</span><span style=\"color: blue;\">Backgroundcolor</span><span style=\"color: black;\">\"</span> <span style=\"color: red;\">Value</span><span style=\"color: blue;\">=</span><span style=\"color: black;\">\"</span><span style=\"color: blue;\">blue</span><span style=\"color: black;\">\"</span><span style=\"color: blue;\">&gt;</span><span style=\"color: blue;\">&lt;/</span><span style=\"color: #a31515;\">Setter</span><span style=\"color: blue;\">&gt;</span>\r\n                <span style=\"color: blue;\">&lt;/</span><span style=\"color: #a31515;\">DataTrigger</span><span style=\"color: blue;\">&gt;</span>\r\n<span style=\"white-space: pre;\">\t</span><span style=\"color: blue;\">&lt;/</span><span style=\"color: #a31515;\">DataTemplate.Triggers</span><span style=\"color: blue;\">&gt;</span>\r\n<span style=\"color: blue;\">&lt;/</span><span style=\"color: #a31515;\">DataTemplate</span><span style=\"color: blue;\">&gt;</span>\r\n</pre>\r\n</div>\r\n</p>\r\n<p>Now if I try to run the code, I get the Error: Cannot find the Trigger.Destination \"vertexBorder\"</p>\r\n<p>So how can I define the TargetName or which is the right target name?</p>\r\n<p>Can anyone help me?&nbsp;</p>",
    "PostedDate": "2012-01-29T03:35:28.257-08:00",
    "UserRole": null,
    "MarkedAsAnswerDate": null
  },
  {
    "Id": "732215",
    "ThreadId": "217305",
    "Html": "<p>&nbsp;</p>\n<p><span>I think you're missing the actual DataTemplate in this code:</span></p>\n<div>\n<pre><span>&lt;</span><span>DataTemplate</span> <span>DataType</span><span>=</span>\"<span>{x:Type Sample:MSVertex}</span>\"<span>&gt;</span>\n        <span>&lt;</span><span>DataTemplate.Triggers</span><span>&gt;</span>\n        \t<span>&lt;</span><span>DataTrigger</span> <span>Binding</span><span>=</span>\"<span>{Binding Path=Status}</span>\" <span>Value</span><span>=</span>\"<span>1</span>\"<span>&gt;</span>\n                    <span>&lt;</span><span>Setter</span> <span>TargetName</span><span>=</span>\"<span>vertexBorder</span>\" <span>Property</span><span>=</span>\"<span>Backgroundcolor</span>\" <span>Value</span><span>=</span>\"<span>blue</span>\"<span>&gt;</span><span>&lt;/</span><span>Setter</span><span>&gt;</span>\n                <span>&lt;/</span><span>DataTrigger</span><span>&gt;</span>\n\t<span>&lt;/</span><span>DataTemplate.Triggers</span><span>&gt;</span>\n<span>&lt;/</span><span>DataTemplate</span><span>&gt;</span></pre>\n</div>\n<div>See badang's example (it's the 5th message above your one), the releveant part (you're missing the emphasised border part):</div>\n<div>\n<p><span lang=\"EN-US\">&lt;</span><span lang=\"EN-US\">DataTemplate</span><span lang=\"EN-US\">&nbsp;</span><span lang=\"EN-US\">DataType</span><span lang=\"EN-US\">=</span><span lang=\"EN-US\">\"</span><span lang=\"EN-US\">{x:Type common_graph:EntityVertex}</span><span lang=\"EN-US\">\"</span><span lang=\"EN-US\">&gt;</span></p>\n<p><span lang=\"EN-US\">&nbsp;&nbsp;&nbsp;&nbsp;&nbsp;&nbsp;&nbsp;&nbsp;&nbsp;&nbsp;&nbsp;</span><strong><span lang=\"EN-US\">&lt;</span><span lang=\"EN-US\">Border</span><span lang=\"EN-US\">&nbsp;</span><span lang=\"EN-US\">x:Name</span><span lang=\"EN-US\">=</span><span lang=\"EN-US\">\"</span><span lang=\"EN-US\">vertexBorder</span><span lang=\"EN-US\">\"&gt;</span></strong></p>\n<p><strong><span lang=\"EN-US\">&nbsp;&nbsp;&nbsp;&nbsp;&nbsp;&nbsp;&nbsp;&nbsp;&nbsp;&nbsp;&nbsp;&nbsp;&nbsp;&nbsp;&nbsp;</span><span lang=\"EN-US\">&lt;</span><span lang=\"EN-US\">StackPanel</span><span lang=\"EN-US\">&nbsp;</span><span lang=\"EN-US\">ToolTip</span><span lang=\"EN-US\">=</span><span lang=\"EN-US\">\"</span><span lang=\"EN-US\">{Binding  Path=Description}</span><span lang=\"EN-US\">\"&nbsp;</span><span lang=\"EN-US\">x:Name</span><span lang=\"EN-US\">=</span><span lang=\"EN-US\">\"</span><span lang=\"EN-US\">vertexPanel</span><span lang=\"EN-US\">\"</span><span lang=\"EN-US\">&gt;</span></strong></p>\n<p><strong><span lang=\"EN-US\">&nbsp;&nbsp;&nbsp;&nbsp;&nbsp;&nbsp;&nbsp;&nbsp;&nbsp;&nbsp;&nbsp;&nbsp;&nbsp;&nbsp;&nbsp;&nbsp;&nbsp;&nbsp;&nbsp;</span><span lang=\"EN-US\">&lt;</span><span lang=\"EN-US\">TextBlock /</span><span lang=\"EN-US\">&gt;</span></strong></p>\n<p><strong><span lang=\"EN-US\">&nbsp;&nbsp;&nbsp;&nbsp;&nbsp;&nbsp;&nbsp;&nbsp;&nbsp;&nbsp;&nbsp;&nbsp;&nbsp;&nbsp;&nbsp;</span><span lang=\"EN-US\">&lt;/</span><span lang=\"EN-US\">StackPanel</span><span lang=\"EN-US\">&gt;</span></strong></p>\n<p><strong><span lang=\"EN-US\">&nbsp;&nbsp;&nbsp;&nbsp;&nbsp;&nbsp;&nbsp;&nbsp;&nbsp;&nbsp;&nbsp;</span><span lang=\"EN-US\">&lt;/</span><span lang=\"EN-US\">Border</span><span lang=\"EN-US\">&gt;</span></strong></p>\n<p><span lang=\"EN-US\">&nbsp;&nbsp; &nbsp;&nbsp;&nbsp;&nbsp;&nbsp;&nbsp;&nbsp;</span><span lang=\"EN-US\">&lt;</span><span lang=\"EN-US\">DataTemplate.Triggers</span><span lang=\"EN-US\">&gt;</span></p>\n<p><span lang=\"EN-US\">&nbsp;&nbsp;&nbsp;&nbsp;&nbsp;&nbsp;&nbsp;&nbsp;&nbsp;&nbsp;&nbsp;&nbsp;&nbsp;&nbsp;&nbsp;</span><span lang=\"EN-US\">&lt;</span><span lang=\"EN-US\">DataTrigger</span><span lang=\"EN-US\">&nbsp;</span><span lang=\"EN-US\">Binding</span><span lang=\"EN-US\">=</span><span lang=\"EN-US\">\"</span><span lang=\"EN-US\">{Binding Path=IsSelected}</span><span lang=\"EN-US\">\"&nbsp;</span><span lang=\"EN-US\">Value</span><span lang=\"EN-US\">=</span><span lang=\"EN-US\">\"</span><span lang=\"EN-US\">True</span><span lang=\"EN-US\">\"</span><span lang=\"EN-US\">&gt;</span></p>\n<p><span lang=\"EN-US\">&nbsp;&nbsp;&nbsp;&nbsp;&nbsp;&nbsp;&nbsp;&nbsp;&nbsp;&nbsp;&nbsp;&nbsp;&nbsp;&nbsp;&nbsp;&nbsp;&nbsp;&nbsp;&nbsp;</span><span lang=\"EN-US\">&lt;</span><span lang=\"EN-US\">Setter</span><span lang=\"EN-US\">&nbsp;</span><span lang=\"EN-US\">TargetName</span><span lang=\"EN-US\">=</span><span lang=\"EN-US\">\"</span><span lang=\"EN-US\">vertexBorder</span><span lang=\"EN-US\">\"&nbsp;</span><span lang=\"EN-US\">Property</span><span lang=\"EN-US\">=</span><span lang=\"EN-US\">\"</span><span lang=\"EN-US\">BorderBrush</span><span lang=\"EN-US\">\"&nbsp;</span><span lang=\"EN-US\">Value</span><span lang=\"EN-US\">=</span><span lang=\"EN-US\">\"</span><span lang=\"EN-US\">Black</span><span lang=\"EN-US\">\"</span><span lang=\"EN-US\">&gt;&lt;/</span><span lang=\"EN-US\">Setter</span><span lang=\"EN-US\">&gt;</span></p>\n<p><span lang=\"EN-US\">&nbsp;&nbsp;&nbsp;&nbsp;&nbsp;&nbsp;&nbsp;&nbsp;&nbsp;&nbsp;&nbsp;&nbsp;&nbsp;&nbsp;&nbsp;</span><span lang=\"EN-US\">&lt;/</span><span lang=\"EN-US\">DataTrigger</span><span lang=\"EN-US\">&gt;</span></p>\n<p><span lang=\"EN-US\">&nbsp;&nbsp;&nbsp;&nbsp;&nbsp;&nbsp;&nbsp;&nbsp;&nbsp;&nbsp;&nbsp;</span><span lang=\"EN-US\">&lt;/</span><span lang=\"EN-US\">DataTemplate.Triggers</span><span lang=\"EN-US\">&gt;</span></p>\n<p><span lang=\"EN-US\">&nbsp;&nbsp;&nbsp;&nbsp;&nbsp;&nbsp;&nbsp;</span><span lang=\"EN-US\">&lt;/</span><span lang=\"EN-US\">DataTemplate</span><span lang=\"EN-US\">&gt;</span></p>\n<p>&nbsp;</p>\n<p><span lang=\"EN-US\">ps: @labberlich: Your problem has nothing to do with Graph#.&nbsp;<span>If WPF is new for you, then you should start learning WPF (datatemplates, triggers, XAML, ...) - and ask those questions on a WPF forum.</span></span></p>\n</div>",
    "PostedDate": "2012-01-29T03:46:19.897-08:00",
    "UserRole": null,
    "MarkedAsAnswerDate": null
  }
]