[
  {
    "Id": "232869",
    "ThreadId": "68464",
    "Html": "<p>Hi,</p>\r\n<p>I'm just trying to wrap my head around what these libraries provide and playing with the sample app I didn't see a way to ensure lines only run vertically or horizontally.&nbsp; Is there a way I can do this programmatically?&nbsp; Or is this a feature not supported yet?&nbsp; It would seem that it would effect how nodes are laid out, since right now sometimes they don't line up perfectly, when if they did it there would be more, nice, parallel lines.</p>\r\n<p>Thanks for the help!</p>",
    "PostedDate": "2009-09-09T16:21:16.567-07:00",
    "UserRole": null,
    "MarkedAsAnswerDate": null
  }
]