[
  {
    "Id": "493369",
    "ThreadId": "227185",
    "Html": "<p>I think that it is necessary for me to implement a custom LayoutAlgorithm in order to get GraphSharp to do what I need. Any pointers for where to start or gotchas to avoid?</p>\r\n<p>My application needs to display a graph which is always made up of nodes with edges only on the right or bottom. The nodes should butt up against each other and not be movable (i.e. the edges are fixed and not graphically displayed).</p>",
    "PostedDate": "2010-09-14T08:50:51.337-07:00",
    "UserRole": null,
    "MarkedAsAnswerDate": null
  }
]