[
  {
    "Id": "229271",
    "ThreadId": "67457",
    "Html": "<p>Hi.</p>\r\n<p>I am trying to use your excellent graphing library to display a graph using the TaggedEdge edge type of QuickGraph with a string tag, but I cant get it to display.</p>\r\n<p>Below is the code I am using.</p>\r\n<p>\r\n<div style=\"color:Black;background-color:White\">\r\n<pre><span style=\"color:Blue\">            var</span> g = <span style=\"color:Blue\">new</span> BidirectionalGraph&lt;<span style=\"color:Blue\">object</span>, TaggedEdge&lt;<span style=\"color:Blue\">object</span>, <span style=\"color:Blue\">object</span>&gt;&gt;();\r\n            <span style=\"color:Green\">//var g = new BidirectionalGraph&lt;object, IEdge&lt;object&gt;&gt;();</span>\r\n\r\n            <span style=\"color:Green\">// add some verticies</span>\r\n            <span style=\"color:Blue\">foreach</span> (State s <span style=\"color:Blue\">in</span> dfaToGraph.States)\r\n            {\r\n                g.AddVertex(s.GraphingString());\r\n            }\r\n\r\n            <span style=\"color:Green\">// add some edges - these need to be named with the symbol</span>\r\n            <span style=\"color:Blue\">foreach</span> (State s <span style=\"color:Blue\">in</span> dfaToGraph.States)\r\n            {\r\n                <span style=\"color:Blue\">foreach</span> (Transition t <span style=\"color:Blue\">in</span> dfaToGraph.GetTransitionsFromState(s.Name))\r\n                {\r\n                    <span style=\"color:Blue\">var</span> edge = <span style=\"color:Blue\">new</span> TaggedEdge&lt;<span style=\"color:Blue\">object</span>, <span style=\"color:Blue\">object</span>&gt;(t.FromState.GraphingString(), t.ToState.GraphingString(), t.TransitionSymbol.Value);\r\n                    <span style=\"color:Green\">//var edge = new Edge&lt;object&gt;(t.FromState.GraphingString(), t.ToState.GraphingString());</span>\r\n                    g.AddEdge(edge);\r\n                }\r\n            }\r\n\r\n            graphLayoutDisplay.DataContext = g;\r\n            graphLayoutDisplay.Relayout();\r\n</pre>\r\n</div>\r\n</p>\r\n<p>Using the current code, nothing will be displayed, but if i change the g and edge variables to used the commented lines, it works fine.</p>\r\n<p>Can anyone tell me how to get it displaying correctly, or point me in the direction of some more documentation?</p>\r\n<p>Thanks.</p>",
    "PostedDate": "2009-08-31T03:59:17.13-07:00",
    "UserRole": null,
    "MarkedAsAnswerDate": null
  },
  {
    "Id": "254755",
    "ThreadId": "67457",
    "Html": "<p>Hi wraith.</p>\r\n<p>Did you solved your problem? I'm in the same situation.</p>\r\n<p>thanks</p>\r\n<p>regards</p>",
    "PostedDate": "2009-11-08T08:32:08.51-08:00",
    "UserRole": null,
    "MarkedAsAnswerDate": null
  },
  {
    "Id": "254799",
    "ThreadId": "67457",
    "Html": "<p>I didnt get it working in the end. I was going to recommend the most recentt discussion topic, but I see you have found it.</p>",
    "PostedDate": "2009-11-08T11:44:35.16-08:00",
    "UserRole": null,
    "MarkedAsAnswerDate": null
  },
  {
    "Id": "460333",
    "ThreadId": "67457",
    "Html": "same problem. couldn't find the topic you were talking about...",
    "PostedDate": "2010-06-27T04:47:59.47-07:00",
    "UserRole": null,
    "MarkedAsAnswerDate": null
  }
]