[
  {
    "Id": "263162",
    "ThreadId": "76974",
    "Html": "<p>Hi guys!</p>\r\n<p>&nbsp;</p>\r\n<p>I wanted to know , if it is possible, how&nbsp; can I use one of the layout algorithms in your project.</p>\r\n<p>&nbsp;</p>\r\n<p>What I mean is: I don't need all the GUI part of Graph#, I just want to use one of the algorithms to help me layout items on a canvas.</p>\r\n<p><br>But I have no idea where to start from... can anyone point me in the right direction?</p>",
    "PostedDate": "2009-12-03T05:22:52.293-08:00",
    "UserRole": null,
    "MarkedAsAnswerDate": null
  },
  {
    "Id": "263634",
    "ThreadId": "76974",
    "Html": "<p>Neverminde, I've (more or less) figured it out.</p>",
    "PostedDate": "2009-12-04T06:44:54.483-08:00",
    "UserRole": null,
    "MarkedAsAnswerDate": null
  }
]