[
  {
    "Id": "456442",
    "ThreadId": "216312",
    "Html": "Have anyone try using graph# with visual studio 2005\r\n\r\nI have install .net framework 3.5 sp1 and wpf template and follow the online tutorial. \r\n\r\nBelow is the code i edited\r\n\r\n&lt;Window x:Class=&quot;DataTracker.Window1&quot;\r\n    xmlns=&quot;http://schemas.microsoft.com/winfx/2006/xaml/presentation&quot;\r\n    xmlns:x=&quot;http://schemas.microsoft.com/winfx/2006/xaml&quot;\r\n    xmlns:graphsharp=&quot;clr-namespace:GraphSharp.Controls;assembly=GraphSharp.Controls&quot;  \r\n    Title=&quot;DataTracker&quot; \r\n    Height=&quot;300&quot; \r\n    Width=&quot;300&quot;\r\n    x:Name=&quot;root&quot;&gt;\r\n    &lt;Grid&gt;\r\n        &lt;graphsharp:GraphLayout x:Name=&quot;graphLayout&quot;\r\n                                Graph=&quot;{Binding ElementName=root,Path=GraphToVisualize}&quot;/&gt;\r\n    &lt;/Grid&gt;\r\n&lt;/Window&gt;\r\n\r\n\r\n\r\nBelow is the error message:\r\n\r\nError\t1\tAssembly 'GraphSharp.Controls' was not found. The 'clr-namespace' URI refers to an assembly that is not referenced by the project.\tC:\\Documents and Settings\\windx\\Desktop\\testing code\\Project1\\DataTracker\\DataTracker\\Window1.xaml\t4\t22\tDataTracker\r\nError\t2\tThe type 'graphsharp:GraphLayout' was not found. Verify that you are not missing an assembly reference.\tC:\\Documents and Settings\\windx\\Desktop\\testing code\\Project1\\DataTracker\\DataTracker\\Window1.xaml\t10\t10\tDataTracker\r\nError\t9\tThe tag 'GraphLayout' does not exist in XML namespace 'clr-namespace:GraphSharp.Controls;assembly=GraphSharp.Controls'. Line 10 Position 10.\tC:\\Documents and Settings\\windx\\Desktop\\testing code\\Project1\\DataTracker\\DataTracker\\Window1.xaml\t10\t10\tDataTracker\r\n",
    "PostedDate": "2010-06-16T19:44:58.047-07:00",
    "UserRole": null,
    "MarkedAsAnswerDate": null
  }
]