[
  {
    "Id": "591472",
    "ThreadId": "252471",
    "Html": "<p>hi people !!</p>\n<p>I think this library is great !! I am working in a visualization and I need to have a graph with vertices that can have different sizes and colors depending of a set of attributes, I know I can do it by changing the bindings and the dataTemplate of the Vertex,  but in the example I don't know which one is the one I have to modify , any help is welcome</p>\n<p>&nbsp;</p>\n<p>Thanks</p>\n<p>Julian</p>",
    "PostedDate": "2011-04-04T11:25:57.64-07:00",
    "UserRole": null,
    "MarkedAsAnswerDate": null
  }
]