[
  {
    "Id": "558100",
    "ThreadId": "243991",
    "Html": "\r\n<p>Hi,</p>\r\n<p>The order in which the&nbsp;CircularLayoutAlgorithm put each node is currently random.</p>\r\n<p>Do you think it will be a good idea to add a delegate to&nbsp;CircularLayoutParameters which will return an ordered list of the vertices that are about to be layed-out?</p>\r\n<p>This way we can do all, but not limited, of the following:</p>\r\n<ul>\r\n<li>Sort nodes according to their name - this way the user can quickly find a node.\r\n</li><li>Sort noes by the rank of edges they have </li><li>Distribute nodes by rank of edges so the higher rank will not be all on single place\r\n</li></ul>\r\n<p>Thank you,</p>\r\n<p>Ido.</p>\r\n",
    "PostedDate": "2011-01-31T06:54:53.46-08:00",
    "UserRole": null,
    "MarkedAsAnswerDate": null
  }
]