[
  {
    "Id": "830016",
    "ThreadId": "353972",
    "Html": "\r\n<p>CompoundGraph implements IMutableCompoundGraph&lt;V,E&gt; which extends IMutableBidirectionalGraph&lt;V,E&gt;. My understanding of&nbsp; mutability is a graph that can respond to mutations events (vertex add/remove, edge add/remove).</p>\r\n<p>&nbsp;</p>\r\n<p>Yet, in GraphLayout.GraphElements, method RecreateGraphElements specifically excludes compound graphs from getting hooked up to those mutation events:</p>\r\n<p>&nbsp;</p>\r\n<p></p>\r\n<div style=\"color:black; background-color:white\">\r\n<pre> <span style=\"color:blue\">if</span> (!IsCompoundMode)\r\n                {\r\n                    <span style=\"color:blue\">var</span> mutableGraph = Graph <span style=\"color:blue\">as</span> IMutableBidirectionalGraph&lt;TVertex, TEdge&gt;;\r\n                    <span style=\"color:blue\">if</span> (mutableGraph != <span style=\"color:blue\">null</span>)\r\n                    {\r\n                        mutableGraph.VertexAdded &#43;= OnMutableGraph_VertexAdded;\r\n                        mutableGraph.VertexRemoved &#43;= OnMutableGraph_VertexRemoved;\r\n                        mutableGraph.EdgeAdded &#43;= OnMutableGraph_EdgeAdded;\r\n                        mutableGraph.EdgeRemoved &#43;= OnMutableGraph_EdgeRemoved;\r\n                    }\r\n                }\r\n</pre>\r\n</div>\r\n<p></p>\r\n<p>&nbsp;</p>\r\n<p>What is the danger of remove the if conditional above? That is, if it extends IMutableBidirectionalGraph, it should be able to respond to mutation.</p>\r\n<p>&nbsp;</p>\r\n<p>Thanks in advance.</p>\r\n<p>&nbsp;</p>\r\n<p>Rob</p>\r\n",
    "PostedDate": "2012-04-29T18:56:28.903-07:00",
    "UserRole": null,
    "MarkedAsAnswerDate": null
  }
]