[
  {
    "Id": "824011",
    "ThreadId": "352353",
    "Html": "\r\n<p>Hello there , i would like to add a custom edge to the project , edge that connects from a Vertex to another edge as i described above (source TVertex, target TEdge) , i need some help with how to start ?</p>\r\n<p>Thanx in advance</p>\r\n",
    "PostedDate": "2012-04-15T07:37:27.093-07:00",
    "UserRole": null,
    "MarkedAsAnswerDate": null
  },
  {
    "Id": "824089",
    "ThreadId": "352353",
    "Html": "<p>I would suggest you to introduce some dummy vertices into the middlepoint of your edges, so everything could work the same way (algorithms, controls, ...).</p>",
    "PostedDate": "2012-04-15T13:41:36.487-07:00",
    "UserRole": null,
    "MarkedAsAnswerDate": null
  },
  {
    "Id": "824701",
    "ThreadId": "352353",
    "Html": "<p>Can you help me how can i define that in wpf main window , i want two vertices , the main one contains the data and the second one will be for making this connection .</p>\r\n<p>Thank you..</p>",
    "PostedDate": "2012-04-17T00:18:13.627-07:00",
    "UserRole": null,
    "MarkedAsAnswerDate": null
  },
  {
    "Id": "830510",
    "ThreadId": "352353",
    "Html": "<p>Anyone , just how to define two vertices in the wpf , so the vertexcontrol would behave the same ?!</p>\r\n<p>Thanx</p>",
    "PostedDate": "2012-05-01T00:02:23.753-07:00",
    "UserRole": null,
    "MarkedAsAnswerDate": null
  }
]