[
  {
    "Id": "829316",
    "ThreadId": "353797",
    "Html": "\r\n<p>Hello,</p>\r\n<p>in my codeBehind I use such a loop to iter trough the vertexes and edges.</p>\r\n<p>foreach (var v in graphLayout.Children)<br>\r\n{</p>\r\n<p>&nbsp;&nbsp; if (v is EdgeControl){...};</p>\r\n<p>&nbsp;&nbsp; if (v is VertexControl){...};</p>\r\n<p>}</p>\r\n<p>To what do I have to bind to get access to the graphLayout.Children so that I can get access to them in my ViewModel?</p>\r\n",
    "PostedDate": "2012-04-27T04:38:07.257-07:00",
    "UserRole": null,
    "MarkedAsAnswerDate": null
  }
]