[
  {
    "Id": "944222",
    "ThreadId": "403863",
    "Html": "\r\n<p>The problem is that the Graph representation is hidden because the Graph is built via</p>\r\n<p>&lt;zoom:ZoomControl &nbsp;Grid.Row=&quot;1&quot; &nbsp;Zoom=&quot;0.2&quot;&nbsp;&nbsp; &nbsp; &nbsp; &nbsp; ZoomBoxOpacity=&quot;0.5&quot;<span style=\"white-space:pre\">\r\n</span><span style=\"white-space:pre\"></span>Background=&quot;#ff656565&quot;&gt;&nbsp; &nbsp; &nbsp; &nbsp;</p>\r\n<p><span style=\"white-space:pre\"></span>&lt;local:VisGraphLayout x:Name=&quot;graphLayout&quot; Margin=&quot;10&quot;&nbsp; &nbsp; &nbsp; &nbsp; Graph=&quot;{Binding\r\n<span style=\"white-space:pre\"></span>Path=Graph}&quot;&nbsp; &nbsp; &nbsp; &nbsp; LayoutAlgorithmType=&quot;{Binding Path=LayoutAlgorithmType,\r\n<span style=\"white-space:pre\"></span>Mode=OneWay}&quot;&nbsp; &nbsp; &nbsp; &nbsp; OverlapRemovalAlgorithmType=&quot;FSA&quot;&nbsp; &nbsp; &nbsp; &nbsp;<span style=\"white-space:pre\">\r\n</span><span style=\"white-space:pre\"></span>HighlightAlgorithmType=&quot;Simple&quot; /&gt;<br>\r\n&nbsp; &nbsp; &nbsp; &nbsp;&lt;/zoom:ZoomControl&gt;</p>\r\n<p>&nbsp;</p>\r\n<p>Is there a way to reach the Vertex object while accesing the onClick method?</p>\r\n",
    "PostedDate": "2012-11-19T13:29:05.223-08:00",
    "UserRole": null,
    "MarkedAsAnswerDate": null
  },
  {
    "Id": "945933",
    "ThreadId": "403863",
    "Html": "\r\n<p>Hi galexia1000,</p>\r\n<p>If I understand correctly you are trying to intercept the click event of a vertex in order to do something with it.</p>\r\n<p>This XAML code modifies the control to allow you to hook into mouse events. This works basically for any event type:</p>\r\n<p><span style=\"font-family:Consolas; color:#0000ff; font-size:x-small\"><span style=\"font-family:Consolas; color:#0000ff; font-size:x-small\"><span style=\"font-family:Consolas; color:#0000ff; font-size:x-small\"><span style=\"font-family:Consolas; color:#0000ff; font-size:x-small\"></p>\r\n<div style=\"color:black; background-color:white\">\r\n<pre><span style=\"color:blue\">&lt;</span><span style=\"color:#a31515\">Style</span> <span style=\"color:red\">TargetType</span><span style=\"color:blue\">=</span><span style=\"color:black\">&quot;</span><span style=\"color:blue\">{x:Type graphsharp:VertexControl}</span><span style=\"color:black\">&quot;</span><span style=\"color:blue\">&gt;</span>\r\n            <span style=\"color:blue\">&lt;</span><span style=\"color:#a31515\">Setter</span> <span style=\"color:red\">Property</span><span style=\"color:blue\">=</span><span style=\"color:black\">&quot;</span><span style=\"color:blue\">Template</span><span style=\"color:black\">&quot;</span><span style=\"color:blue\">&gt;</span>\r\n                <span style=\"color:blue\">&lt;</span><span style=\"color:#a31515\">Setter.Value</span><span style=\"color:blue\">&gt;</span>\r\n                    <span style=\"color:blue\">&lt;</span><span style=\"color:#a31515\">ControlTemplate</span> <span style=\"color:red\">TargetType</span><span style=\"color:blue\">=</span><span style=\"color:black\">&quot;</span><span style=\"color:blue\">{x:Type graphsharp:VertexControl}</span><span style=\"color:black\">&quot;</span><span style=\"color:blue\">&gt;</span>\r\n                        <span style=\"color:blue\">&lt;</span><span style=\"color:#a31515\">Border</span> <span style=\"color:red\">BorderBrush</span><span style=\"color:blue\">=</span><span style=\"color:black\">&quot;</span><span style=\"color:blue\">White</span><span style=\"color:black\">&quot;</span> \r\n                            <span style=\"color:red\">Background</span><span style=\"color:blue\">=</span><span style=\"color:black\">&quot;</span><span style=\"color:blue\">Black</span><span style=\"color:black\">&quot;</span>\r\n                            <span style=\"color:red\">BorderThickness</span><span style=\"color:blue\">=</span><span style=\"color:black\">&quot;</span><span style=\"color:blue\">2</span><span style=\"color:black\">&quot;</span>\r\n                            <span style=\"color:red\">CornerRadius</span><span style=\"color:blue\">=</span><span style=\"color:black\">&quot;</span><span style=\"color:blue\">10,10,10,10</span><span style=\"color:black\">&quot;</span>\r\n                            <span style=\"color:red\">Padding</span><span style=\"color:blue\">=</span><span style=\"color:black\">&quot;</span><span style=\"color:blue\">{TemplateBinding Padding}</span><span style=\"color:black\">&quot;</span>\r\n                            <span style=\"color:red\">MouseDown</span><span style=\"color:blue\">=</span><span style=\"color:black\">&quot;</span><span style=\"color:blue\">YOUR_METHOD</span><span style=\"color:black\">&quot;</span>\r\n                            <span style=\"color:red\">MouseUp</span><span style=\"color:blue\">=</span><span style=\"color:black\">&quot;</span><span style=\"color:blue\">ANOTHER_METHOD</span><span style=\"color:black\">&quot;</span>\r\n                            <span style=\"color:red\">MouseMove</span><span style=\"color:blue\">=</span><span style=\"color:black\">&quot;ETC</span><span style=\"color:black\">&quot;</span><span style=\"color:blue\">&gt;</span>\r\n                            \r\n                            <span style=\"color:blue\">&lt;</span><span style=\"color:#a31515\">ContentPresenter</span> <span style=\"color:red\">Content</span><span style=\"color:blue\">=</span><span style=\"color:black\">&quot;</span><span style=\"color:blue\">{TemplateBinding Vertex}</span><span style=\"color:black\">&quot;</span> \r\n                                <span style=\"color:red\">ContentTemplate</span><span style=\"color:blue\">=</span><span style=\"color:black\">&quot;</span><span style=\"color:blue\">{StaticResource vertexTemplate}</span><span style=\"color:black\">&quot;</span> <span style=\"color:blue\">/&gt;</span>\r\n\t\t\t &lt;!-- The vertextTemplate refers to the DataTemplate containing your vertex data --&gt;\r\n                            <span style=\"color:blue\">&lt;</span><span style=\"color:#a31515\">Border.Effect</span><span style=\"color:blue\">&gt;</span>\r\n                                <span style=\"color:blue\">&lt;</span><span style=\"color:#a31515\">DropShadowEffect</span> <span style=\"color:red\">BlurRadius</span><span style=\"color:blue\">=</span><span style=\"color:black\">&quot;</span><span style=\"color:blue\">2</span><span style=\"color:black\">&quot;</span> <span style=\"color:red\">Color</span><span style=\"color:blue\">=</span><span style=\"color:black\">&quot;</span><span style=\"color:blue\">LightGray</span><span style=\"color:black\">&quot;</span> \r\n                                    <span style=\"color:red\">Opacity</span><span style=\"color:blue\">=</span><span style=\"color:black\">&quot;</span><span style=\"color:blue\">0.3</span><span style=\"color:black\">&quot;</span> <span style=\"color:red\">Direction</span><span style=\"color:blue\">=</span><span style=\"color:black\">&quot;</span><span style=\"color:blue\">315</span><span style=\"color:black\">&quot;</span> <span style=\"color:blue\">/&gt;</span>\r\n                            <span style=\"color:blue\">&lt;/</span><span style=\"color:#a31515\">Border.Effect</span><span style=\"color:blue\">&gt;</span>\r\n                        <span style=\"color:blue\">&lt;/</span><span style=\"color:#a31515\">Border</span><span style=\"color:blue\">&gt;</span>\r\n                    <span style=\"color:blue\">&lt;/</span><span style=\"color:#a31515\">ControlTemplate</span><span style=\"color:blue\">&gt;</span>\r\n                <span style=\"color:blue\">&lt;/</span><span style=\"color:#a31515\">Setter.Value</span><span style=\"color:blue\">&gt;</span>\r\n            <span style=\"color:blue\">&lt;/</span><span style=\"color:#a31515\">Setter</span><span style=\"color:blue\">&gt;</span>\r\n        <span style=\"color:blue\">&lt;/</span><span style=\"color:#a31515\">Style</span><span style=\"color:blue\">&gt;</span>\r\n</pre>\r\n</div>\r\n<span style=\"font-family:Consolas; color:#0000ff; font-size:x-small\"><span style=\"font-family:Consolas; color:#0000ff; font-size:x-small\"><span style=\"font-family:Consolas; color:#0000ff; font-size:x-small\"><span style=\"font-family:Consolas; color:#0000ff; font-size:x-small\">\r\n<p></p>\r\n<div><span style=\"font-family:Consolas; color:#0000ff; font-size:x-small\"><span style=\"font-family:Consolas; color:#0000ff; font-size:x-small\">&nbsp;</span></span></div>\r\n<p></p>\r\n</span></span></span></span><span style=\"font-family:Consolas; color:#0000ff; font-size:x-small\"></span></span></span></span></span><span style=\"font-family:Consolas; color:#0000ff; font-size:x-small\"></span>\r\n<p></p>\r\n",
    "PostedDate": "2012-11-22T19:19:56.807-08:00",
    "UserRole": null,
    "MarkedAsAnswerDate": null
  }
]