[
  {
    "Id": "485849",
    "ThreadId": "225127",
    "Html": "<p>From what I read I know we can call GraphCanvas.SetX(vc, x) and GraphCanvas.SetY(vc, y) to set the vertex controls' positions.&nbsp; We can get a list of VertexControls by calling GetVertexControl(vertex).&nbsp; But I still couldn't get it work.&nbsp;&nbsp;&nbsp; When I call GetVertexControl(vertex), it return null (I call GetVertexControl right after&nbsp;calling AddVertex). &nbsp;I think I call GetVertexControl(vertex) too early.&nbsp; If so, when should I call GetVertexControl(vertex) to overwrite the vertext position?&nbsp;&nbsp; Is there a give to add vertexes with initial positions (like AddVertex(vertext, x, y) and skip running the layout algorithm?&nbsp; Or, I have to let the layout algorithm run, then call ﻿GraphCanvas.SetX(vc,x) and GraphCanvas.SetY(vc.y) to overwrite the position?</p>\r\n<p>Thanks.</p>",
    "PostedDate": "2010-08-27T14:33:07.603-07:00",
    "UserRole": null,
    "MarkedAsAnswerDate": null
  }
]