[
  {
    "Id": "454812",
    "ThreadId": "215829",
    "Html": "<p>Hi,</p>\r\n<p>I wanted to play with the source and tried building with the newest version of QuickGraph, but it can't find ShortestDistanceRelaxer.Instance. (How) can I fix this?</p>\r\n<p>Jasper</p>",
    "PostedDate": "2010-06-12T12:46:45.26-07:00",
    "UserRole": null,
    "MarkedAsAnswerDate": null
  },
  {
    "Id": "718532",
    "ThreadId": "215829",
    "Html": "<p>I was trying to rebuild in .NET v4.0 and getting the same error.&nbsp;Are there any updated or has anyone figured a way around this?</p>\r\n<p>Thanks.</p>\r\n<p>&nbsp;</p>",
    "PostedDate": "2011-12-29T19:20:25.29-08:00",
    "UserRole": null,
    "MarkedAsAnswerDate": null
  },
  {
    "Id": "1007469",
    "ThreadId": "215829",
    "Html": "I hope it's not too late, but i was challenging the same problem. Just use<br />\n<pre><code>DistanceRelaxers.ShortestDistance</code></pre>\n\nfrom namespace QuickGraph.Algorithms instead of<br />\n<pre><code>ShortestDistanceRelaxer.Instance</code></pre>\n\nfrom QuickGraph.Algorithms.ShortestPath. The DistanceRelaxers.ShortestDistance is an instance itself.<br />\n",
    "PostedDate": "2013-02-27T01:49:49.437-08:00",
    "UserRole": null,
    "MarkedAsAnswerDate": null
  }
]