[
  {
    "Id": "54676",
    "Title": "Asynchronous Update",
    "LatestDate": "2009-05-15T07:05:35.417-07:00"
  },
  {
    "Id": "55247",
    "Title": "Using GraphSharp with Blend?",
    "LatestDate": "2009-05-24T16:41:42.297-07:00"
  },
  {
    "Id": "57576",
    "Title": "Silverlight support",
    "LatestDate": "2011-06-01T23:30:15.773-07:00"
  },
  {
    "Id": "57998",
    "Title": "Microsoft Code Contracts license",
    "LatestDate": "2009-05-31T15:51:19.147-07:00"
  },
  {
    "Id": "58000",
    "Title": ".NET 2.0 / Win Forms",
    "LatestDate": "2010-04-08T08:33:11.947-07:00"
  },
  {
    "Id": "58043",
    "Title": "Vertices Mouse Events",
    "LatestDate": "2011-10-18T23:33:55.19-07:00"
  },
  {
    "Id": "58330",
    "Title": "How to add text to and edge",
    "LatestDate": "2009-07-16T03:10:40.767-07:00"
  },
  {
    "Id": "59301",
    "Title": "visualize in Windows Forms /.NET 3.5",
    "LatestDate": "2009-06-12T06:31:56.05-07:00"
  },
  {
    "Id": "59315",
    "Title": "Events on Graph Visualization",
    "LatestDate": "2009-07-16T01:26:49.14-07:00"
  },
  {
    "Id": "59969",
    "Title": "Layout Animation",
    "LatestDate": "2012-01-13T09:26:51.253-08:00"
  },
  {
    "Id": "60221",
    "Title": "DataTemplate for Vertices",
    "LatestDate": "2010-09-14T17:21:58.583-07:00"
  },
  {
    "Id": "60657",
    "Title": "Rename a vertex in runtime",
    "LatestDate": "2009-06-28T05:27:07.813-07:00"
  },
  {
    "Id": "60919",
    "Title": "Vertex ItemTemplate",
    "LatestDate": "2009-07-01T01:36:48.323-07:00"
  },
  {
    "Id": "61016",
    "Title": "Layout Performance",
    "LatestDate": "2009-06-29T18:45:58.383-07:00"
  },
  {
    "Id": "61393",
    "Title": "Contextual Graph Layout ignoring Layout Algorithm",
    "LatestDate": "2009-07-03T02:03:13.703-07:00"
  },
  {
    "Id": "61879",
    "Title": "Orthogonal Edge Routing",
    "LatestDate": "2009-07-08T09:46:03.327-07:00"
  },
  {
    "Id": "62067",
    "Title": "Background Reading?",
    "LatestDate": "2009-07-09T19:28:41.177-07:00"
  },
  {
    "Id": "62281",
    "Title": "Positioning new vertex from beginning",
    "LatestDate": "2012-04-06T03:19:47.21-07:00"
  },
  {
    "Id": "62519",
    "Title": "create a graph of Edges and Vertices with events",
    "LatestDate": "2009-07-17T01:38:24.88-07:00"
  },
  {
    "Id": "63201",
    "Title": "Context Menus",
    "LatestDate": "2009-07-29T12:02:35.407-07:00"
  },
  {
    "Id": "63915",
    "Title": "Printing",
    "LatestDate": "2009-10-09T04:11:30.52-07:00"
  },
  {
    "Id": "63936",
    "Title": "How to change shape of vertex and edge",
    "LatestDate": "2010-03-25T07:43:08.85-07:00"
  },
  {
    "Id": "64335",
    "Title": "Hierarchical Graph / Layout",
    "LatestDate": "2009-10-05T17:55:17.113-07:00"
  },
  {
    "Id": "64425",
    "Title": "How to hide certain Edges?",
    "LatestDate": "2009-08-04T07:32:37.563-07:00"
  },
  {
    "Id": "64760",
    "Title": "About the Sugiyama algorithm",
    "LatestDate": "2009-08-06T13:46:54.503-07:00"
  },
  {
    "Id": "65245",
    "Title": "Dynamically Adding New Vertecies",
    "LatestDate": "2009-08-20T12:46:24.783-07:00"
  },
  {
    "Id": "65260",
    "Title": "Using a custom layout factory?",
    "LatestDate": "2009-08-11T16:46:15.377-07:00"
  },
  {
    "Id": "66664",
    "Title": "Mouse events and the like...",
    "LatestDate": "2009-08-21T17:43:05.83-07:00"
  },
  {
    "Id": "67033",
    "Title": "Documentation ETA?",
    "LatestDate": "2010-03-01T05:22:41.727-08:00"
  },
  {
    "Id": "67457",
    "Title": "Displaying TaggedEdge edges.",
    "LatestDate": "2010-06-27T04:47:59.47-07:00"
  },
  {
    "Id": "68464",
    "Title": "Perpendicular or Right Angle Only Lines?",
    "LatestDate": "2009-09-09T16:21:16.567-07:00"
  },
  {
    "Id": "68634",
    "Title": "Custom Vertices?",
    "LatestDate": "2011-10-12T04:07:52.063-07:00"
  },
  {
    "Id": "68686",
    "Title": "Suspending the automatic layout mechanism",
    "LatestDate": "2009-11-15T10:51:47.91-08:00"
  },
  {
    "Id": "69549",
    "Title": "ArgumentOutOfRangeException",
    "LatestDate": "2009-10-28T13:14:34.3-07:00"
  },
  {
    "Id": "69580",
    "Title": "Edge OnClick events?",
    "LatestDate": "2009-10-05T18:02:50.273-07:00"
  },
  {
    "Id": "70832",
    "Title": "Tool tips on edges",
    "LatestDate": "2011-07-06T05:37:11.39-07:00"
  },
  {
    "Id": "71030",
    "Title": "Custom Edge Class",
    "LatestDate": "2011-02-08T13:33:24.22-08:00"
  },
  {
    "Id": "71501",
    "Title": "Disabling of canvas resizing???",
    "LatestDate": "2010-04-10T13:25:40.413-07:00"
  },
  {
    "Id": "71641",
    "Title": "Error when overriding Template for Edge Control",
    "LatestDate": "2009-10-12T05:25:43.437-07:00"
  },
  {
    "Id": "71727",
    "Title": "displaying parallel edges",
    "LatestDate": "2009-11-13T08:17:15.8-08:00"
  },
  {
    "Id": "72119",
    "Title": "Labels on edges: a solution using high-school trigonometry",
    "LatestDate": "2013-05-14T22:31:56.657-07:00"
  },
  {
    "Id": "73024",
    "Title": "Sugiyama algorithm dependent to GLEE library",
    "LatestDate": "2009-10-25T07:39:49.77-07:00"
  },
  {
    "Id": "73791",
    "Title": "Compound layot fixed nodes",
    "LatestDate": "2009-11-02T03:01:54.337-08:00"
  },
  {
    "Id": "74799",
    "Title": "Selection of vertices and edges within a GraphLayout",
    "LatestDate": "2015-02-26T22:07:12.277-08:00"
  },
  {
    "Id": "75738",
    "Title": "How do I set layout algorithm properties on the GraphControl",
    "LatestDate": "2009-11-24T07:48:43.067-08:00"
  },
  {
    "Id": "76625",
    "Title": "All vertices stacked on top of each other when dynamically adding",
    "LatestDate": "2009-12-13T17:20:51.983-08:00"
  },
  {
    "Id": "76974",
    "Title": "USING one of the algorithms...",
    "LatestDate": "2009-12-04T06:44:54.483-08:00"
  },
  {
    "Id": "77019",
    "Title": "Styling and Labeling",
    "LatestDate": "2009-12-03T10:48:58.167-08:00"
  },
  {
    "Id": "77359",
    "Title": "gml documentation ",
    "LatestDate": "2009-12-07T04:41:52.133-08:00"
  },
  {
    "Id": "79745",
    "Title": "How do I get X and Y coordinates of  a Vertex Control?",
    "LatestDate": "2014-07-02T11:44:06.263-07:00"
  },
  {
    "Id": "79824",
    "Title": "Programmatically highlight vertices",
    "LatestDate": "2010-01-08T01:01:43.643-08:00"
  },
  {
    "Id": "80266",
    "Title": "Unidirectional GraphLayout",
    "LatestDate": "2010-01-09T02:54:15.13-08:00"
  },
  {
    "Id": "81643",
    "Title": "Length problem of Edge controls in tree layout",
    "LatestDate": "2010-01-21T17:40:31.723-08:00"
  },
  {
    "Id": "81700",
    "Title": "Silverlight Support",
    "LatestDate": "2010-01-22T04:36:33.303-08:00"
  },
  {
    "Id": "82986",
    "Title": ".clearing graphs",
    "LatestDate": "2010-02-03T02:49:41.433-08:00"
  },
  {
    "Id": "83092",
    "Title": "setting OverlapRemovalAlgorithmType programmatically fails",
    "LatestDate": "2010-02-23T03:25:12.553-08:00"
  },
  {
    "Id": "83245",
    "Title": "Get and Set X and Y coordinates of Vertex.",
    "LatestDate": "2011-07-12T02:15:37.037-07:00"
  },
  {
    "Id": "84030",
    "Title": "Printing your graph.",
    "LatestDate": "2010-09-08T12:29:39.23-07:00"
  },
  {
    "Id": "204816",
    "Title": "Nondeterminism in Efficient Sugiyama",
    "LatestDate": "2010-03-12T12:48:52.927-08:00"
  },
  {
    "Id": "205158",
    "Title": "Select And Drag Multiple Vertices",
    "LatestDate": "2011-05-24T15:12:15.903-07:00"
  },
  {
    "Id": "205202",
    "Title": "Updating GraphLayout",
    "LatestDate": "2010-03-17T00:59:35.177-07:00"
  },
  {
    "Id": "206999",
    "Title": "Whats wrong with my custom edge?",
    "LatestDate": "2010-03-31T02:47:09.84-07:00"
  },
  {
    "Id": "207266",
    "Title": "Display multiple graphs (with zoom-control) on one WPF-window",
    "LatestDate": "2011-08-08T21:11:12.527-07:00"
  },
  {
    "Id": "207298",
    "Title": "How to make Vertex and Edge appears like this?",
    "LatestDate": "2010-03-25T07:56:44.79-07:00"
  },
  {
    "Id": "207603",
    "Title": "Setting Horizontal and Vertical gap parameters",
    "LatestDate": "2013-02-20T03:44:53.62-08:00"
  },
  {
    "Id": "207685",
    "Title": "Undirected graphs",
    "LatestDate": "2010-03-29T12:15:26.62-07:00"
  },
  {
    "Id": "207831",
    "Title": "Edge Highlighting",
    "LatestDate": "2011-07-11T17:09:16.45-07:00"
  },
  {
    "Id": "207888",
    "Title": "Fixed vertices, calculate just the edges",
    "LatestDate": "2010-03-31T01:53:44.567-07:00"
  },
  {
    "Id": "208714",
    "Title": "Garph as a user control",
    "LatestDate": "2011-04-14T07:18:38.407-07:00"
  },
  {
    "Id": "209550",
    "Title": "Preventing users from dragging / moving vertices",
    "LatestDate": "2011-08-25T01:42:28.763-07:00"
  },
  {
    "Id": "213401",
    "Title": "How to set graphLayout.ActualWidth & graphLayout.ActualHeight?",
    "LatestDate": "2010-05-24T00:07:09.387-07:00"
  },
  {
    "Id": "213603",
    "Title": "Two seperate edges between 2 vertices.",
    "LatestDate": "2010-05-24T01:12:16.14-07:00"
  },
  {
    "Id": "215829",
    "Title": "Newest QuickGraph",
    "LatestDate": "2013-02-27T01:49:49.437-08:00"
  },
  {
    "Id": "216020",
    "Title": "Removing Edges in a CompoundGraph",
    "LatestDate": "2010-06-30T08:01:19.813-07:00"
  },
  {
    "Id": "216312",
    "Title": "graph# with visual studio 2005",
    "LatestDate": "2010-06-16T19:44:58.047-07:00"
  },
  {
    "Id": "217158",
    "Title": "I don't want the control to (re)layout when changes are made",
    "LatestDate": "2013-01-29T03:58:57.387-08:00"
  },
  {
    "Id": "217305",
    "Title": "Changing Vertex color of a single node",
    "LatestDate": "2012-01-29T03:46:19.897-08:00"
  },
  {
    "Id": "217852",
    "Title": "Is it just me or is Compound graphs having trouble with displaying edges correctly?",
    "LatestDate": "2010-07-08T06:06:49.623-07:00"
  },
  {
    "Id": "218435",
    "Title": "nodes layout from left to right...",
    "LatestDate": "2010-07-06T04:02:50.423-07:00"
  },
  {
    "Id": "219108",
    "Title": "IndexOutOfBoundException when layouting graphs with isolated vertices",
    "LatestDate": "2010-07-12T04:50:30.663-07:00"
  },
  {
    "Id": "219131",
    "Title": "Installation of GraphC#",
    "LatestDate": "2010-07-12T04:49:02.58-07:00"
  },
  {
    "Id": "219150",
    "Title": "arrow caption...",
    "LatestDate": "2010-07-14T00:51:49.883-07:00"
  },
  {
    "Id": "219388",
    "Title": "how to reduce drag drop sensitivity",
    "LatestDate": "2015-02-21T08:55:08.05-08:00"
  },
  {
    "Id": "219658",
    "Title": "vertex overlapping issue ",
    "LatestDate": "2010-07-15T23:52:56.817-07:00"
  },
  {
    "Id": "219718",
    "Title": "Toggling Graph",
    "LatestDate": "2010-08-31T15:24:00.16-07:00"
  },
  {
    "Id": "224074",
    "Title": "Vertex Refresh",
    "LatestDate": "2010-12-14T10:23:23.743-08:00"
  },
  {
    "Id": "224094",
    "Title": "Auto Layout Algorithms",
    "LatestDate": "2010-09-17T17:59:09.35-07:00"
  },
  {
    "Id": "225127",
    "Title": "Set initial vertex position",
    "LatestDate": "2010-08-27T14:33:07.603-07:00"
  },
  {
    "Id": "227147",
    "Title": "Change vertex background with trigger",
    "LatestDate": "2010-09-17T05:53:11.593-07:00"
  },
  {
    "Id": "227185",
    "Title": "Custom Layout Algorithm",
    "LatestDate": "2010-09-14T08:50:51.337-07:00"
  },
  {
    "Id": "227864",
    "Title": "GraphLayout: Why is TVertex restricted to class?",
    "LatestDate": "2010-09-20T07:57:51.973-07:00"
  },
  {
    "Id": "228239",
    "Title": "Resizing the edges",
    "LatestDate": "2010-09-22T15:48:36.81-07:00"
  },
  {
    "Id": "228498",
    "Title": "Using the compound Layout ",
    "LatestDate": "2010-09-24T10:34:28.687-07:00"
  },
  {
    "Id": "231758",
    "Title": "How to remove the last vertex in graph and refresh it?",
    "LatestDate": "2011-07-15T06:42:13.34-07:00"
  },
  {
    "Id": "232135",
    "Title": "Microsoft Surface Support",
    "LatestDate": "2010-12-13T13:43:56.413-08:00"
  },
  {
    "Id": "234060",
    "Title": "Weird exception \"DependencyProperty.UnsetValue\" when I have two instances of a graph on a form",
    "LatestDate": "2010-11-09T10:51:05.503-08:00"
  },
  {
    "Id": "235580",
    "Title": "Compound Trees",
    "LatestDate": "2010-12-08T05:13:36.98-08:00"
  },
  {
    "Id": "236670",
    "Title": "Efficient Sugiyama direction",
    "LatestDate": "2010-12-01T02:39:18.79-08:00"
  },
  {
    "Id": "237269",
    "Title": "System.ArgumentException on ILayoutAlgorithm",
    "LatestDate": "2011-07-25T01:01:50.77-07:00"
  },
  {
    "Id": "237834",
    "Title": "graph coloring problem",
    "LatestDate": "2010-12-14T14:32:30.413-08:00"
  },
  {
    "Id": "238157",
    "Title": "saving graph layout?",
    "LatestDate": "2011-04-20T06:37:03.403-07:00"
  },
  {
    "Id": "238433",
    "Title": "Print all Vertexes?",
    "LatestDate": "2010-12-15T03:10:27.133-08:00"
  },
  {
    "Id": "240149",
    "Title": "Hierachical Layout",
    "LatestDate": "2011-02-04T07:54:56.753-08:00"
  },
  {
    "Id": "240748",
    "Title": "GraphLayout.Graph thread access issue on DoNotificationLayout",
    "LatestDate": "2012-06-29T09:24:17.137-07:00"
  },
  {
    "Id": "240838",
    "Title": "Layout direction for Efficient Sugiyama ",
    "LatestDate": "2011-01-28T05:34:34.05-08:00"
  },
  {
    "Id": "242291",
    "Title": "bug in FSA overlap removal algorithm causing vertices to move down and right when adding new vertices",
    "LatestDate": "2011-01-18T11:46:42.007-08:00"
  },
  {
    "Id": "243974",
    "Title": "Layout Parameters Description",
    "LatestDate": "2011-01-31T04:39:40.743-08:00"
  },
  {
    "Id": "243991",
    "Title": "CircularLayoutAlgorithm - Order of vertices",
    "LatestDate": "2011-01-31T06:54:53.46-08:00"
  },
  {
    "Id": "246041",
    "Title": "Edge end shapes",
    "LatestDate": "2011-08-19T07:36:01.103-07:00"
  },
  {
    "Id": "246188",
    "Title": "Curved Edges",
    "LatestDate": "2013-06-05T00:49:41.663-07:00"
  },
  {
    "Id": "248517",
    "Title": "Again:  What about the silverlight version?",
    "LatestDate": "2011-11-15T15:02:19.263-08:00"
  },
  {
    "Id": "248624",
    "Title": "Arrow types",
    "LatestDate": "2011-03-06T10:27:05.613-08:00"
  },
  {
    "Id": "248770",
    "Title": "Very Slow Rendering of Graphs",
    "LatestDate": "2011-03-07T12:47:59.72-08:00"
  },
  {
    "Id": "249332",
    "Title": "Orthogonal Layout",
    "LatestDate": "2011-03-11T06:38:19.707-08:00"
  },
  {
    "Id": "250553",
    "Title": "Drag-n-Drop support",
    "LatestDate": "2011-06-20T22:30:21.25-07:00"
  },
  {
    "Id": "252471",
    "Title": "Vertex with different size in the same graph",
    "LatestDate": "2011-04-04T11:25:57.64-07:00"
  },
  {
    "Id": "254162",
    "Title": "Layout of edges when cycles are present",
    "LatestDate": "2011-04-16T05:54:10.303-07:00"
  },
  {
    "Id": "254701",
    "Title": "How to add Double Click event on Vertex?",
    "LatestDate": "2013-03-13T10:34:55.967-07:00"
  },
  {
    "Id": "254838",
    "Title": "Vertex box width and text wrap inside",
    "LatestDate": "2011-04-21T08:29:31.11-07:00"
  },
  {
    "Id": "254893",
    "Title": "Manually changing vertex position",
    "LatestDate": "2011-04-21T15:42:57.81-07:00"
  },
  {
    "Id": "255584",
    "Title": "ContextMenu on background?",
    "LatestDate": "2011-04-28T11:16:17.91-07:00"
  },
  {
    "Id": "256439",
    "Title": "Click event On Vertex",
    "LatestDate": "2012-06-22T02:54:00.337-07:00"
  },
  {
    "Id": "257980",
    "Title": "Help for a newbie",
    "LatestDate": "2011-05-18T05:50:38.98-07:00"
  },
  {
    "Id": "258091",
    "Title": "How to clean a graph layout?",
    "LatestDate": "2011-07-11T10:08:31.063-07:00"
  },
  {
    "Id": "258467",
    "Title": "Find A Specific Vertex and HighLight it ?",
    "LatestDate": "2011-05-21T00:04:39.817-07:00"
  },
  {
    "Id": "261669",
    "Title": "EfficientSugiyama works on Vista, not Win XP?",
    "LatestDate": "2011-06-16T09:53:03.68-07:00"
  },
  {
    "Id": "262241",
    "Title": "Is there any way to move GraphLayout (Canvas)?",
    "LatestDate": "2011-06-22T09:22:00.97-07:00"
  },
  {
    "Id": "262410",
    "Title": "Wrap hierarchy with Graph",
    "LatestDate": "2011-06-22T14:01:44.713-07:00"
  },
  {
    "Id": "262568",
    "Title": "Obtain SelectedItem from Graph",
    "LatestDate": "2011-06-24T09:41:27.697-07:00"
  },
  {
    "Id": "262979",
    "Title": "Multi-touch interaction support for Graph layout.",
    "LatestDate": "2011-07-27T07:54:06.89-07:00"
  },
  {
    "Id": "263569",
    "Title": "Startup graph with no elements",
    "LatestDate": "2011-07-01T07:53:17.957-07:00"
  },
  {
    "Id": "264059",
    "Title": "How to display a undirected graph",
    "LatestDate": "2011-07-06T02:57:34.547-07:00"
  },
  {
    "Id": "264403",
    "Title": "GraphSharp Error used in WPF User Control ",
    "LatestDate": "2011-08-14T02:49:24.9-07:00"
  },
  {
    "Id": "266697",
    "Title": "How to navigate graph with coordinates",
    "LatestDate": "2012-05-31T07:51:07.833-07:00"
  },
  {
    "Id": "266905",
    "Title": "How mouse events work ?",
    "LatestDate": "2011-07-28T06:08:04.083-07:00"
  },
  {
    "Id": "267374",
    "Title": "Replacing Mouse events to WPF touch",
    "LatestDate": "2012-05-31T07:51:58.083-07:00"
  },
  {
    "Id": "267433",
    "Title": "Performance issues while zooming",
    "LatestDate": "2011-08-03T02:52:02.9-07:00"
  },
  {
    "Id": "267439",
    "Title": "Problems when I compile GraphSharp.Controls from souce code ",
    "LatestDate": "2011-09-15T08:22:58.27-07:00"
  },
  {
    "Id": "267702",
    "Title": "RoutedCommand to EdgeControl",
    "LatestDate": "2011-08-04T02:54:55.823-07:00"
  },
  {
    "Id": "268699",
    "Title": "Future development",
    "LatestDate": "2011-08-11T06:20:34.34-07:00"
  },
  {
    "Id": "271509",
    "Title": ".NET 2.0",
    "LatestDate": "2011-09-05T06:21:53.58-07:00"
  },
  {
    "Id": "273166",
    "Title": "Scalability",
    "LatestDate": "2011-10-17T04:53:17.397-07:00"
  },
  {
    "Id": "275868",
    "Title": "refresh and display new graph",
    "LatestDate": "2011-10-17T02:33:17.96-07:00"
  },
  {
    "Id": "275898",
    "Title": "KeyNotFoundException",
    "LatestDate": "2011-10-17T04:44:59.823-07:00"
  },
  {
    "Id": "276296",
    "Title": "KeyBoard Events on Edges ",
    "LatestDate": "2011-10-18T06:21:45.277-07:00"
  },
  {
    "Id": "277429",
    "Title": "Labels on edges, template of edgecontrol",
    "LatestDate": "2011-10-27T07:46:03.697-07:00"
  },
  {
    "Id": "278932",
    "Title": "Generate png from graph on server",
    "LatestDate": "2011-12-05T13:07:56.11-08:00"
  },
  {
    "Id": "282130",
    "Title": "adding tooltip to edge",
    "LatestDate": "2013-03-04T11:18:38.323-08:00"
  },
  {
    "Id": "283145",
    "Title": "Does Graph# support Graphml attributes (<data key=...)?",
    "LatestDate": "2011-12-15T14:13:38.92-08:00"
  },
  {
    "Id": "283453",
    "Title": "Getting graph information and save it",
    "LatestDate": "2011-12-19T04:25:41.567-08:00"
  },
  {
    "Id": "286415",
    "Title": "Tree layout direction & adding controls to the graph",
    "LatestDate": "2012-01-17T06:42:13.89-08:00"
  },
  {
    "Id": "286845",
    "Title": "Programmatically change selected edge color",
    "LatestDate": "2012-04-05T16:48:15.937-07:00"
  },
  {
    "Id": "287468",
    "Title": "The given key was not present in the dictionary",
    "LatestDate": "2012-01-29T04:17:01.873-08:00"
  },
  {
    "Id": "293851",
    "Title": "Fixing the position of nodes in layouts",
    "LatestDate": "2012-02-05T02:04:31.62-08:00"
  },
  {
    "Id": "295880",
    "Title": "Connect two Vertex with Mouse Action",
    "LatestDate": "2012-04-06T03:25:21.213-07:00"
  },
  {
    "Id": "299932",
    "Title": "Graph# in a UserControl",
    "LatestDate": "2012-10-11T13:24:08.463-07:00"
  },
  {
    "Id": "316458",
    "Title": "How do I get started?",
    "LatestDate": "2012-03-28T17:18:28.227-07:00"
  },
  {
    "Id": "347250",
    "Title": "Is there a NuGet package for GraphSharp?",
    "LatestDate": "2012-09-20T11:42:29.46-07:00"
  },
  {
    "Id": "348006",
    "Title": "Drag&Drop new Edges",
    "LatestDate": "2012-04-22T03:12:18.87-07:00"
  },
  {
    "Id": "348974",
    "Title": "LinLog EdgeRouting",
    "LatestDate": "2012-03-18T12:34:47.663-07:00"
  },
  {
    "Id": "350579",
    "Title": "How add edge without re-layout",
    "LatestDate": "2012-04-19T15:51:02.62-07:00"
  },
  {
    "Id": "350787",
    "Title": "Set Vertex immovable",
    "LatestDate": "2012-04-04T13:28:06.663-07:00"
  },
  {
    "Id": "351538",
    "Title": "node ordering requirement- can Graph# help with this?",
    "LatestDate": "2012-04-07T16:00:35.487-07:00"
  },
  {
    "Id": "351615",
    "Title": "set shape and color for vertex, set length and thickness for edge",
    "LatestDate": "2012-04-15T07:44:23.26-07:00"
  },
  {
    "Id": "352353",
    "Title": "Add custom edge (source TVertex, target TEdge)",
    "LatestDate": "2012-05-01T00:02:23.753-07:00"
  },
  {
    "Id": "352612",
    "Title": "Need to place a text near an edge",
    "LatestDate": "2012-04-17T15:11:39.63-07:00"
  },
  {
    "Id": "352916",
    "Title": "Layout direction of Sugiayama and thickness of the line",
    "LatestDate": "2012-04-19T19:12:11.093-07:00"
  },
  {
    "Id": "353298",
    "Title": "Cannot change layout algorithm",
    "LatestDate": "2012-04-23T18:12:21.803-07:00"
  },
  {
    "Id": "353517",
    "Title": "Compare",
    "LatestDate": "2012-04-25T04:56:14.713-07:00"
  },
  {
    "Id": "353797",
    "Title": "What to bind to (mvvm) to get access to graphLayout.Children",
    "LatestDate": "2012-04-27T04:38:07.257-07:00"
  },
  {
    "Id": "353937",
    "Title": "How to draw a undirected graph",
    "LatestDate": "2012-08-01T15:51:02.547-07:00"
  },
  {
    "Id": "353972",
    "Title": "Is CompoundGraph mutable or not??",
    "LatestDate": "2012-04-29T18:56:28.903-07:00"
  },
  {
    "Id": "353975",
    "Title": "Collapse node",
    "LatestDate": "2012-04-29T19:18:24.633-07:00"
  },
  {
    "Id": "354095",
    "Title": "How to change the edge route ..",
    "LatestDate": "2012-05-01T00:03:49.99-07:00"
  },
  {
    "Id": "354677",
    "Title": "Adding a context menu to node",
    "LatestDate": "2012-05-09T09:03:33.213-07:00"
  },
  {
    "Id": "354996",
    "Title": "Example of Graphs created using Ghaph#, and how to contribute via GitHub?",
    "LatestDate": "2013-07-18T22:22:34.57-07:00"
  },
  {
    "Id": "355105",
    "Title": "SelectedVertex",
    "LatestDate": "2013-04-17T02:49:20.347-07:00"
  },
  {
    "Id": "355178",
    "Title": "Any suggestions in compiling source for High Trust?",
    "LatestDate": "2012-05-09T15:41:25.857-07:00"
  },
  {
    "Id": "355266",
    "Title": "display 'flickers'",
    "LatestDate": "2013-04-12T10:57:35.96-07:00"
  },
  {
    "Id": "355988",
    "Title": "Can't add an edge to BidirectionalGraph",
    "LatestDate": "2012-05-20T10:06:53.977-07:00"
  },
  {
    "Id": "356396",
    "Title": "dashed edges",
    "LatestDate": "2012-05-19T10:10:24.827-07:00"
  },
  {
    "Id": "357856",
    "Title": "Adding simple Multitouch Behaviour to Graph#",
    "LatestDate": "2012-05-31T07:40:29.927-07:00"
  },
  {
    "Id": "358092",
    "Title": "How to set Edge color ?",
    "LatestDate": "2012-11-30T06:29:58.163-08:00"
  },
  {
    "Id": "358683",
    "Title": "edit VertexControl style",
    "LatestDate": "2012-06-07T02:05:44.163-07:00"
  },
  {
    "Id": "359807",
    "Title": "Does support Subgraphs?",
    "LatestDate": "2013-07-18T23:01:18.05-07:00"
  },
  {
    "Id": "360772",
    "Title": "Overlap and Spacing",
    "LatestDate": "2012-06-25T00:03:32.91-07:00"
  },
  {
    "Id": "361005",
    "Title": "GraphLayout throws ArgumentNullException in design mode",
    "LatestDate": "2012-06-26T09:13:00.333-07:00"
  },
  {
    "Id": "361295",
    "Title": "Display custom control for weighed vertex",
    "LatestDate": "2012-06-28T07:58:18.513-07:00"
  },
  {
    "Id": "391703",
    "Title": "Reset Graph throws an exception",
    "LatestDate": "2012-08-20T02:11:57.243-07:00"
  },
  {
    "Id": "391845",
    "Title": "Efficient sugiyama orthogonal layout - force edges not to be merged",
    "LatestDate": "2012-08-28T02:38:30.987-07:00"
  },
  {
    "Id": "393025",
    "Title": "When New Version?",
    "LatestDate": "2012-08-24T22:58:05.69-07:00"
  },
  {
    "Id": "393185",
    "Title": "Tree layout and locations of leafs",
    "LatestDate": "2012-08-27T06:35:59.147-07:00"
  },
  {
    "Id": "393843",
    "Title": "creating nodes and edges by clicking and dragging",
    "LatestDate": "2012-11-30T06:11:27.74-08:00"
  },
  {
    "Id": "394216",
    "Title": "bind vertex location to viewmodel",
    "LatestDate": "2012-09-05T01:33:54.827-07:00"
  },
  {
    "Id": "394748",
    "Title": "Save the disposition of the grpah",
    "LatestDate": "2013-03-26T07:09:37.427-07:00"
  },
  {
    "Id": "396337",
    "Title": "Asp.net MVC sample",
    "LatestDate": "2012-09-20T20:12:50.983-07:00"
  },
  {
    "Id": "397067",
    "Title": "Fit the Graph",
    "LatestDate": "2012-09-26T16:36:48.427-07:00"
  },
  {
    "Id": "397916",
    "Title": "User integrity",
    "LatestDate": "2012-10-03T09:52:03.85-07:00"
  },
  {
    "Id": "399242",
    "Title": "Assembly generation failed",
    "LatestDate": "2012-10-22T01:03:01.42-07:00"
  },
  {
    "Id": "399641",
    "Title": "Custom Edge Style",
    "LatestDate": "2012-10-17T16:14:51.853-07:00"
  },
  {
    "Id": "399684",
    "Title": "TargetInvocationException in mscorlib.dll on changing graph",
    "LatestDate": "2012-10-16T20:51:10.787-07:00"
  },
  {
    "Id": "399731",
    "Title": "Assemblies cannot be loaded when using Graph# in a VSPackage (plugin)",
    "LatestDate": "2012-10-19T07:17:51.243-07:00"
  },
  {
    "Id": "399746",
    "Title": "Creating a custom graph layout algorithm",
    "LatestDate": "2013-06-25T10:47:09.45-07:00"
  },
  {
    "Id": "400264",
    "Title": "Method or operation not implemented error on Graph property",
    "LatestDate": "2012-10-22T01:00:24.777-07:00"
  },
  {
    "Id": "400330",
    "Title": "Using Zoomcontrol in a stackpanel doesn't work",
    "LatestDate": "2012-10-22T08:28:36.23-07:00"
  },
  {
    "Id": "402270",
    "Title": "Highlighting Customized Vertices",
    "LatestDate": "2012-11-07T07:34:15.677-08:00"
  },
  {
    "Id": "403863",
    "Title": "How can i get the vertex object info when i click on the vertex?",
    "LatestDate": "2012-11-22T19:19:56.807-08:00"
  },
  {
    "Id": "405529",
    "Title": "Place edges over vertices",
    "LatestDate": "2012-12-04T10:49:27.85-08:00"
  },
  {
    "Id": "406993",
    "Title": "Tag or Tooltip on Edges",
    "LatestDate": "2012-12-24T05:02:51.55-08:00"
  },
  {
    "Id": "415255",
    "Title": "Style is applied incorrectly",
    "LatestDate": "2012-12-23T02:58:27.383-08:00"
  },
  {
    "Id": "429105",
    "Title": "[VB.NET] Use in VB.net",
    "LatestDate": "2013-01-09T19:44:06.04-08:00"
  },
  {
    "Id": "431227",
    "Title": "Using GraphSharp as LayoutEngine: Getting X,Y-Coordinates",
    "LatestDate": "2013-02-02T06:12:55.21-08:00"
  },
  {
    "Id": "431455",
    "Title": "multiple edges from source node to target node?",
    "LatestDate": "2013-02-05T03:54:28.947-08:00"
  },
  {
    "Id": "431667",
    "Title": "how to set event only on specific vertex?",
    "LatestDate": "2013-02-04T02:01:35.97-08:00"
  },
  {
    "Id": "432757",
    "Title": "InvalidOperationException when graph has no vertices and edges",
    "LatestDate": "2013-02-11T13:10:55.11-08:00"
  },
  {
    "Id": "433826",
    "Title": "Vertex Source only on the left side/ Sink on the right side / Tree Layout",
    "LatestDate": "2013-02-21T23:32:03.45-08:00"
  },
  {
    "Id": "434597",
    "Title": "Separate edges in bidirectional graphs",
    "LatestDate": "2013-03-14T02:02:29.317-07:00"
  },
  {
    "Id": "436461",
    "Title": "Position where the edges goes from node",
    "LatestDate": "2013-03-14T02:39:14.343-07:00"
  },
  {
    "Id": "437281",
    "Title": "Assembly reference error for 'GetVertexControl' ",
    "LatestDate": "2013-03-19T22:59:06.033-07:00"
  },
  {
    "Id": "439006",
    "Title": "Labels on the arrows",
    "LatestDate": "2013-04-19T08:23:27.413-07:00"
  },
  {
    "Id": "439150",
    "Title": "Scientific Articles/Basis behind the Algorithms?",
    "LatestDate": "2013-04-04T14:07:28.907-07:00"
  },
  {
    "Id": "440658",
    "Title": "Vertex highlighting",
    "LatestDate": "2013-04-18T14:38:01.807-07:00"
  },
  {
    "Id": "441291",
    "Title": "Bug in batching of graph mutation notifications?",
    "LatestDate": "2013-04-23T06:39:07.417-07:00"
  },
  {
    "Id": "443023",
    "Title": "How to display a cyclic edge?",
    "LatestDate": "2013-05-14T22:59:41.177-07:00"
  },
  {
    "Id": "443896",
    "Title": "GraphX for .NET library for graph layout rendering is finally out!",
    "LatestDate": "2015-10-29T17:22:44.337-07:00"
  },
  {
    "Id": "444408",
    "Title": "Dotted lines for edges",
    "LatestDate": "2013-05-27T03:28:42.723-07:00"
  },
  {
    "Id": "445163",
    "Title": "Highlighting the vertex and its neighbours on mouse hover",
    "LatestDate": "2013-05-29T02:34:49.263-07:00"
  },
  {
    "Id": "446016",
    "Title": "Edge lenght",
    "LatestDate": "2013-06-05T02:20:06.533-07:00"
  },
  {
    "Id": "447749",
    "Title": "GraphSharp to represent twitter data",
    "LatestDate": "2013-06-26T13:30:21.223-07:00"
  },
  {
    "Id": "450327",
    "Title": "multiple edges between two vertexes",
    "LatestDate": "2013-07-17T23:11:14.48-07:00"
  },
  {
    "Id": "454360",
    "Title": "How to get the String from existing vertex",
    "LatestDate": "2013-08-23T09:36:56.553-07:00"
  },
  {
    "Id": "461632",
    "Title": "Graph in a UserControl",
    "LatestDate": "2013-10-10T07:08:19.53-07:00"
  },
  {
    "Id": "461813",
    "Title": "Any way not to use WPF/XAML?",
    "LatestDate": "2013-10-10T23:24:32.437-07:00"
  },
  {
    "Id": "464024",
    "Title": "Graph# Drag&Drop",
    "LatestDate": "2013-10-29T05:36:08.847-07:00"
  },
  {
    "Id": "474058",
    "Title": "Petri graph",
    "LatestDate": "2013-12-15T13:29:32.173-08:00"
  },
  {
    "Id": "528653",
    "Title": "How i can add edges and vertices in a run time ?",
    "LatestDate": "2014-02-02T03:21:48.207-08:00"
  },
  {
    "Id": "529093",
    "Title": "Custom Vertices - visualization",
    "LatestDate": "2014-02-06T04:01:03.13-08:00"
  },
  {
    "Id": "538282",
    "Title": "Hiding the Arrow in edges for un-directed graph.",
    "LatestDate": "2014-03-07T10:11:09.267-08:00"
  },
  {
    "Id": "546982",
    "Title": "How can I change my Edge Width??",
    "LatestDate": "2014-05-30T06:53:22.78-07:00"
  },
  {
    "Id": "549257",
    "Title": "How to implement the MVVM pattern in a WPF project using GraphSharp / QuickSharp library",
    "LatestDate": "2014-06-20T10:00:08.527-07:00"
  },
  {
    "Id": "549762",
    "Title": "Sorting and Sugiyama",
    "LatestDate": "2014-06-26T10:46:06.467-07:00"
  },
  {
    "Id": "549856",
    "Title": "Using Graph# without WPF or Canvas",
    "LatestDate": "2014-07-02T06:05:53.637-07:00"
  },
  {
    "Id": "551357",
    "Title": "Custom Vertex&Edges",
    "LatestDate": "2014-07-12T08:55:11.003-07:00"
  },
  {
    "Id": "551406",
    "Title": "Get/set Vertex X/Y or get GraphLayout entire state to be set again as it was later",
    "LatestDate": "2014-07-13T05:09:26.157-07:00"
  },
  {
    "Id": "562322",
    "Title": "BalloonTreeLayout pins all vertices in one place",
    "LatestDate": "2014-08-28T02:54:44.673-07:00"
  },
  {
    "Id": "568699",
    "Title": "Add Vertex (Object) and Edges without reload Graph",
    "LatestDate": "2015-02-26T02:16:58.423-08:00"
  },
  {
    "Id": "569399",
    "Title": "Adding kinks to Edges",
    "LatestDate": "2014-10-09T05:16:50.603-07:00"
  },
  {
    "Id": "573208",
    "Title": "Duplicate Vertex getting added",
    "LatestDate": "2014-11-26T08:05:11.357-08:00"
  },
  {
    "Id": "577236",
    "Title": "Creating different edges on a graph",
    "LatestDate": "2015-01-08T16:44:13.877-08:00"
  },
  {
    "Id": "638881",
    "Title": "Edges between child vertices ",
    "LatestDate": "2015-05-28T00:05:48.03-07:00"
  },
  {
    "Id": "644757",
    "Title": "How to get labeled edges with GraphSharp",
    "LatestDate": "2015-09-09T03:27:43.48-07:00"
  },
  {
    "Id": "645804",
    "Title": "Any way to get XY of Edge Controls",
    "LatestDate": "2015-10-05T01:54:24.233-07:00"
  },
  {
    "Id": "646674",
    "Title": "Get/Set selected vertex",
    "LatestDate": "2015-10-26T19:07:52.833-07:00"
  },
  {
    "Id": "646803",
    "Title": "How Can I Represent Graph Of Numbers Greater Than 10 Using Graphsharp Library?",
    "LatestDate": "2015-10-29T17:20:04.66-07:00"
  },
  {
    "Id": "646859",
    "Title": "Has anyone implemented a graph query layer over Graph#?",
    "LatestDate": "2015-11-03T23:19:33.75-08:00"
  },
  {
    "Id": "647283",
    "Title": "Does Graph# support self-loop",
    "LatestDate": "2015-11-11T13:19:18.15-08:00"
  },
  {
    "Id": "649298",
    "Title": "Does the Graph# support large data?",
    "LatestDate": "2016-01-06T11:19:16.913-08:00"
  },
  {
    "Id": "650236",
    "Title": "How to get labeled edges with Graph# ?",
    "LatestDate": "2016-01-20T00:38:30.99-08:00"
  },
  {
    "Id": "650540",
    "Title": "How to get the property of the node when I select the node?",
    "LatestDate": "2016-01-27T01:30:53.423-08:00"
  },
  {
    "Id": "650541",
    "Title": "How to get the property of the node when I select the node?",
    "LatestDate": "2016-01-27T01:31:18.337-08:00"
  },
  {
    "Id": "651913",
    "Title": "Stop user manipulating graph by drag and drop",
    "LatestDate": "2016-02-29T15:48:58.087-08:00"
  },
  {
    "Id": "652496",
    "Title": "Always show colored foreground of In- and OutEdges ",
    "LatestDate": "2016-03-14T06:52:01.75-07:00"
  },
  {
    "Id": "660633",
    "Title": "Custom Vertex with multiple Edge connection ports",
    "LatestDate": "2017-01-11T08:23:24.753-08:00"
  },
  {
    "Id": "663536",
    "Title": "Add/Remove Vertex without complete relayout",
    "LatestDate": "2017-08-02T01:18:09.073-07:00"
  }
]