[
  {
    "Id": "648930",
    "ThreadId": "266905",
    "Html": "\r\n<p>I wonder something about mouse events, when we create a graph we can automatically drag the vertexes or by clicking the empty are we can move the whole graph,but how all of these work ? I want to add multitouch capabilities to graph#, but I don&rsquo;t know\r\n which methods should I call or which events should I fire.</p>\r\n<p>Can anyone suggest a solution or at least a way for a solution.</p>\r\n<p>Thanks.</p>\r\n",
    "PostedDate": "2011-07-28T06:08:04.083-07:00",
    "UserRole": null,
    "MarkedAsAnswerDate": null
  }
]