[
  {
    "Id": "211378",
    "ThreadId": "62281",
    "Html": "<p>Hey guys!</p>\r\n<p>Im trying to create a funtion where I click with the right button on a blank space of the application and I try to create a new node of the Graph exactly in the point where I clicked, but I dont know how to work with positioning vertex through code. Can anyone give me a hand with that?</p>",
    "PostedDate": "2009-07-13T09:58:18.907-07:00",
    "UserRole": null,
    "MarkedAsAnswerDate": null
  },
  {
    "Id": "211486",
    "ThreadId": "62281",
    "Html": "<p>If you have the VertexControl then you just set the GraphLayout.X and GraphLayout.Y attached properties on the VertexControls.</p>",
    "PostedDate": "2009-07-13T14:06:43.727-07:00",
    "UserRole": null,
    "MarkedAsAnswerDate": null
  },
  {
    "Id": "211616",
    "ThreadId": "62281",
    "Html": "<p>Im confused... the&nbsp; VertexControl Class doesnt have any &quot;GraphLayout&quot; or &quot;X&quot; or &quot;Y&quot;, property or member. :S</p>\r\n<p>\r\n<div style=\"color:Black;background-color:White\">\r\n<pre><span style=\"color:Blue\">&lt;</span><span style=\"color:#A31515\">UserControl</span> <span style=\"color:Red\">x:Class</span><span style=\"color:Blue\">=</span><span style=\"color:Black\">&quot;</span><span style=\"color:Blue\">PFCEditor.Diagram</span><span style=\"color:Black\">&quot;</span>\r\n             <span style=\"color:Red\">xmlns</span><span style=\"color:Blue\">=</span><span style=\"color:Black\">&quot;</span><span style=\"color:Blue\">http://schemas.microsoft.com/winfx/2006/xaml/presentation</span><span style=\"color:Black\">&quot;</span>\r\n             <span style=\"color:Red\">xmlns:x</span><span style=\"color:Blue\">=</span><span style=\"color:Black\">&quot;</span><span style=\"color:Blue\">http://schemas.microsoft.com/winfx/2006/xaml</span><span style=\"color:Black\">&quot;</span>\r\n             <span style=\"color:Red\">xmlns:graphsharp</span><span style=\"color:Blue\">=</span><span style=\"color:Black\">&quot;</span><span style=\"color:Blue\">clr-namespace:GraphSharp.Controls;assembly=GraphSharp.Controls</span><span style=\"color:Black\">&quot;</span>\r\n             <span style=\"color:Red\">xmlns:zoom</span><span style=\"color:Blue\">=</span><span style=\"color:Black\">&quot;</span><span style=\"color:Blue\">clr-namespace:WPFExtensions.Controls;assembly=WPFExtensions</span><span style=\"color:Black\">&quot;</span>\r\n             <span style=\"color:Red\">xmlns:myns</span><span style=\"color:Blue\">=</span><span style=\"color:Black\">&quot;</span><span style=\"color:Blue\">clr-namespace:PFCEditor</span><span style=\"color:Black\">&quot;</span>\r\n             <span style=\"color:Red\">Height</span><span style=\"color:Blue\">=</span><span style=\"color:Black\">&quot;</span><span style=\"color:Blue\">300</span><span style=\"color:Black\">&quot;</span> <span style=\"color:Red\">Width</span><span style=\"color:Blue\">=</span><span style=\"color:Black\">&quot;</span><span style=\"color:Blue\">300</span><span style=\"color:Black\">&quot;</span>\r\n             <span style=\"color:Red\">x:Name</span><span style=\"color:Blue\">=</span><span style=\"color:Black\">&quot;</span><span style=\"color:Blue\">root</span><span style=\"color:Black\">&quot;</span><span style=\"color:Blue\">&gt;</span>\r\n    <span style=\"color:Blue\">&lt;</span><span style=\"color:#A31515\">Grid</span> <span style=\"color:Red\">MouseUp</span><span style=\"color:Blue\">=</span><span style=\"color:Black\">&quot;</span><span style=\"color:Blue\">Grid_MouseUp</span><span style=\"color:Black\">&quot;</span><span style=\"color:Blue\">&gt;</span>\r\n        <span style=\"color:Blue\">&lt;</span><span style=\"color:#A31515\">zoom</span><span style=\"color:Blue\">:</span><span style=\"color:#A31515\">ZoomControl</span><span style=\"color:Blue\">&gt;</span>\r\n            <span style=\"color:Blue\">&lt;</span><span style=\"color:#A31515\">graphsharp</span><span style=\"color:Blue\">:</span><span style=\"color:#A31515\">GraphLayout</span> <span style=\"color:Red\">x:Name</span><span style=\"color:Blue\">=</span><span style=\"color:Black\">&quot;</span><span style=\"color:Blue\">graphLayout</span><span style=\"color:Black\">&quot;</span>\r\n                                    <span style=\"color:Red\">Graph</span><span style=\"color:Blue\">=</span><span style=\"color:Black\">&quot;</span><span style=\"color:Blue\">{Binding ElementName=root,Path=GraphToVisualize}</span><span style=\"color:Black\">&quot;</span>\r\n                                    <span style=\"color:Red\">LayoutAlgorithmType</span><span style=\"color:Blue\">=</span><span style=\"color:Black\">&quot;</span><span style=\"color:Blue\">KK</span><span style=\"color:Black\">&quot;</span>\r\n                                    <span style=\"color:Red\">OverlapRemovalAlgorithmType</span><span style=\"color:Blue\">=</span><span style=\"color:Black\">&quot;</span><span style=\"color:Blue\">FSA</span><span style=\"color:Black\">&quot;</span><span style=\"color:Blue\">&gt;</span>\r\n            <span style=\"color:Blue\">&lt;/</span><span style=\"color:#A31515\">graphsharp</span><span style=\"color:Blue\">:</span><span style=\"color:#A31515\">GraphLayout</span><span style=\"color:Blue\">&gt;</span>\r\n        <span style=\"color:Blue\">&lt;/</span><span style=\"color:#A31515\">zoom</span><span style=\"color:Blue\">:</span><span style=\"color:#A31515\">ZoomControl</span><span style=\"color:Blue\">&gt;</span>\r\n        <span style=\"color:Blue\">&lt;</span><span style=\"color:#A31515\">Grid.ContextMenu</span><span style=\"color:Blue\">&gt;</span>\r\n            <span style=\"color:Blue\">&lt;</span><span style=\"color:#A31515\">ContextMenu</span><span style=\"color:Blue\">&gt;</span>\r\n                <span style=\"color:Blue\">&lt;</span><span style=\"color:#A31515\">MenuItem</span> <span style=\"color:Red\">Header</span><span style=\"color:Blue\">=</span><span style=\"color:Black\">&quot;</span><span style=\"color:Blue\">Add new state</span><span style=\"color:Black\">&quot;</span> <span style=\"color:Red\">Click</span><span style=\"color:Blue\">=</span><span style=\"color:Black\">&quot;</span><span style=\"color:Blue\">addNewState_cm</span><span style=\"color:Black\">&quot;</span><span style=\"color:Blue\">/&gt;</span>\r\n            <span style=\"color:Blue\">&lt;/</span><span style=\"color:#A31515\">ContextMenu</span><span style=\"color:Blue\">&gt;</span>\r\n        <span style=\"color:Blue\">&lt;/</span><span style=\"color:#A31515\">Grid.ContextMenu</span><span style=\"color:Blue\">&gt;</span>\r\n    <span style=\"color:Blue\">&lt;/</span><span style=\"color:#A31515\">Grid</span><span style=\"color:Blue\">&gt;</span>\r\n<span style=\"color:Blue\">&lt;/</span><span style=\"color:#A31515\">UserControl</span><span style=\"color:Blue\">&gt;</span>\r\n</pre>\r\n</div>\r\n</p>\r\n<p>\r\n<div style=\"color:Black;background-color:White\">\r\n<pre><span style=\"color:Blue\">private</span> <span style=\"color:Blue\">void</span> addNewState_cm(<span style=\"color:Blue\">object</span> sender, RoutedEventArgs e)\r\n{\r\n      GraphSharp.Controls.VertexControl x = CreateNewVertex();\r\n      ???\r\n}\r\n</pre>\r\n</div>\r\n</p>",
    "PostedDate": "2009-07-14T00:38:16.577-07:00",
    "UserRole": null,
    "MarkedAsAnswerDate": null
  },
  {
    "Id": "212106",
    "ThreadId": "62281",
    "Html": "<p>\r\n<div style=\"color:Black;background-color:White\">\r\n<pre><span style=\"color:Blue\">using</span> GraphSharp.Controls;\r\n\r\n\r\nVertexControl vc = graphLayout.GetVertexControl(myVertex);\r\n\r\n<span style=\"color:Green\">//setting the mentioned attached properties</span>\r\nGraphCanvas.SetX(vc, the x coordinate);\r\nGraphCanvas.SetY(vc, the y coordinate);\r\n</pre>\r\n</div>\r\n</p>",
    "PostedDate": "2009-07-15T06:02:39.407-07:00",
    "UserRole": null,
    "MarkedAsAnswerDate": null
  },
  {
    "Id": "222167",
    "ThreadId": "62281",
    "Html": "<p>There's no such thing as &quot;.GetVertexControl&quot; in a GraphLayout object :S</p>",
    "PostedDate": "2009-08-11T12:15:08.913-07:00",
    "UserRole": null,
    "MarkedAsAnswerDate": null
  },
  {
    "Id": "222375",
    "ThreadId": "62281",
    "Html": "<p>Are you sure that you have the latest version of the library?</p>",
    "PostedDate": "2009-08-12T00:44:49.497-07:00",
    "UserRole": null,
    "MarkedAsAnswerDate": null
  },
  {
    "Id": "222377",
    "ThreadId": "62281",
    "Html": "<p>Positive!</p>",
    "PostedDate": "2009-08-12T00:50:55.573-07:00",
    "UserRole": null,
    "MarkedAsAnswerDate": null
  },
  {
    "Id": "226635",
    "ThreadId": "62281",
    "Html": "<p>I don't think GetVertexControl is in the binary download, but its there if you build from source: http://graphsharp.codeplex.com/SourceControl/ListDownloadableCommits.aspx</p>",
    "PostedDate": "2009-08-22T06:12:09.073-07:00",
    "UserRole": null,
    "MarkedAsAnswerDate": null
  },
  {
    "Id": "281457",
    "ThreadId": "62281",
    "Html": "<p>Hi there.</p>\r\n<p>Even if all this was long ago, I am answering on this discussion since I am experiencing the same problem.</p>\r\n<p>I want to make my own layout, basically if should result in a double tree. Since i have a rather simple graph, this should not be a problem at all.</p>\r\n<p>But I did not make it to change the Vertex position so far. GetVertexControl() is not present, no matter whether I compile graph# on my own or &nbsp;use the precompiled version from the download section.</p>\r\n<p>&nbsp;</p>\r\n<p>Can somebody give some hints on this topic, please?</p>",
    "PostedDate": "2010-01-25T08:37:04.98-08:00",
    "UserRole": null,
    "MarkedAsAnswerDate": null
  },
  {
    "Id": "686899",
    "ThreadId": "62281",
    "Html": "<p>hey,</p>\r\n<p>same problem here. I know that the topic is pretty old but anyway: Is there any way to get actual positions and set them without GetVertexControl() method, since none is present?</p>",
    "PostedDate": "2011-10-20T07:28:12.943-07:00",
    "UserRole": null,
    "MarkedAsAnswerDate": null
  },
  {
    "Id": "769375",
    "ThreadId": "62281",
    "Html": "<p>Hi guys, i am not an expert, i just have been working with graph# for a while. I am going to explain what works for me.</p>\n<p>If you want to set de position of a vertex at the moment that is loaded, you just need to do it on Loaded event, i will show in code.</p>\n<p>&nbsp;</p>\n<div style=\"color: black; background-color: white;\">\n<pre><span style=\"color: blue;\">private</span> <span style=\"color: blue;\">void</span> vertex_Loaded(<span style=\"color: blue;\">object</span> sender, RoutedEventArgs e)\n{\n            VertexControl aux = <span style=\"color: blue;\">new</span> VertexControl();\n            aux = ((VertexControl)sender);\n\n            <span style=\"color: blue;\">double</span> posx, posy;\n\n            posx = <span style=\"color: #a31515;\">\"x position of vertex\"</span>;\n            posy = <span style=\"color: #a31515;\">\"y position of vertex\"</span>;\n\n            GraphCanvas.SetX(aux, posx);\n            GraphCanvas.SetY(aux, posy);\n                                                  \n            e.Handled = <span style=\"color: blue;\">true</span>;\n}\n</pre>\n</div>\n<p>I hope it helps.</p>",
    "PostedDate": "2012-02-16T03:29:16.81-08:00",
    "UserRole": null,
    "MarkedAsAnswerDate": null
  },
  {
    "Id": "820762",
    "ThreadId": "62281",
    "Html": "<p>hi <a class=\"UserProfileLink\" href=\"http://www.codeplex.com/site/users/view/dmartel\">dmartel</a>, where do yuo declare your event handler? can you post the code?</p>\r\n<p>&nbsp;</p>\r\n<p>thanks</p>",
    "PostedDate": "2012-04-06T03:19:47.21-07:00",
    "UserRole": null,
    "MarkedAsAnswerDate": null
  }
]