[
  {
    "Id": "825091",
    "ThreadId": "352612",
    "Html": "<p>I'm trying to draw a graph formed of vertices and edges joining them, and I need to place some text beside each edge so that if I move any vertex at the run time, the text stays in the right place according to the edge.</p>\n<p>In other words, what I'm trying to do is somehow like the following,</p>\n<p><span style=\"white-space: pre;\">&nbsp;</span>&nbsp; &nbsp; &nbsp;(text1) &nbsp; &nbsp; &nbsp; &nbsp;&nbsp;<span style=\"white-space: pre;\">&nbsp;</span>(text2)<br /> v1 ----------&gt; v2 ----------&gt; v3</p>\n<p>&nbsp;</p>\n<p>Hope I made my idea clear enough.</p>",
    "PostedDate": "2012-04-17T13:56:45.157-07:00",
    "UserRole": null,
    "MarkedAsAnswerDate": null
  },
  {
    "Id": "825125",
    "ThreadId": "352612",
    "Html": "<p>You should modify the controltemplate of the edge. Positioning of the edge labels is not implemented in the framework, it's your job to do.</p>",
    "PostedDate": "2012-04-17T15:10:39.08-07:00",
    "UserRole": null,
    "MarkedAsAnswerDate": null
  },
  {
    "Id": "825128",
    "ThreadId": "352612",
    "Html": "<p>See this discussion for more information:&nbsp;<a href=\"http://graphsharp.codeplex.com/discussions/72119\">http://graphsharp.codeplex.com/discussions/72119</a></p>",
    "PostedDate": "2012-04-17T15:11:39.63-07:00",
    "UserRole": null,
    "MarkedAsAnswerDate": null
  }
]