[
  {
    "Id": "690316",
    "ThreadId": "277429",
    "Html": "<p>I&nbsp;define a new control template for EdgeControl, but&nbsp;I cannot find out why I get the following error<br /> <br /> \"Object reference not set to an instance of an object.\"</p>\n<p>Here is my code:</p>\n<p>&nbsp;</p>\n<p>&lt;ResourceDictionary xmlns=\"http://schemas.microsoft.com/winfx/2006/xaml/presentation\"<br /> xmlns:x=\"http://schemas.microsoft.com/winfx/2006/xaml\"<br /> xmlns:local=\"clr-namespace:GraphSharpDemo\"<br /> xmlns:graphsharp=\"clr-namespace:GraphSharp.Controls;assembly=GraphSharp.Controls\" <br /> xmlns:Converters=\"clr-namespace:GraphSharp.Converters;assembly=GraphSharp.Controls\"<br /> xmlns:WPFExtensions_AttachedBehaviours=\"clr-namespace:WPFExtensions.AttachedBehaviours;assembly=WPFExtensions\"&gt;<br /><br /> &lt;Converters:EdgeRouteToPathConverter x:Key=\"routeToPathConverter\" /&gt;<br /><br /> &lt;Style TargetType=\"{x:Type graphsharp:EdgeControl}\"&gt;<br /> &lt;Setter Property=\"Template\"&gt;<br /> &lt;Setter.Value&gt;<br /> &lt;ControlTemplate TargetType=\"{x:Type graphsharp:EdgeControl}\"&gt;<br /> &lt;Canvas&gt;<br /> &lt;Path Stroke=\"{TemplateBinding Foreground}\"<br /> StrokeThickness=\"2\"<br /> MinWidth=\"1\"<br /> MinHeight=\"1\"<br /> x:Name=\"edgePath\"&gt;<br /> &lt;Path.Data&gt;<br /> &lt;PathGeometry&gt;<br /> &lt;PathGeometry.Figures&gt;<br /> &lt;MultiBinding Converter=\"{StaticResource routeToPathConverter}\"&gt;<br /> &lt;Binding RelativeSource=\"{RelativeSource TemplatedParent}\"<br /> Path=\"Source.(Controls:GraphCanvas.X)\" /&gt;<br /> &lt;Binding RelativeSource=\"{RelativeSource TemplatedParent}\"<br /> Path=\"Source.(Controls:GraphCanvas.Y)\" /&gt;<br /> &lt;Binding RelativeSource=\"{RelativeSource TemplatedParent}\"<br /> Path=\"Source.ActualWidth\" /&gt;<br /> &lt;Binding RelativeSource=\"{RelativeSource TemplatedParent}\"<br /> Path=\"Source.ActualHeight\" /&gt;<br /> &lt;Binding RelativeSource=\"{RelativeSource TemplatedParent}\"<br /> Path=\"Target.(Controls:GraphCanvas.X)\" /&gt;<br /> &lt;Binding RelativeSource=\"{RelativeSource TemplatedParent}\"<br /> Path=\"Target.(Controls:GraphCanvas.Y)\" /&gt;<br /> &lt;Binding RelativeSource=\"{RelativeSource TemplatedParent}\"<br /> Path=\"Target.ActualWidth\" /&gt;<br /> &lt;Binding RelativeSource=\"{RelativeSource TemplatedParent}\"<br /> Path=\"Target.ActualHeight\" /&gt;<br /> &lt;Binding RelativeSource=\"{RelativeSource TemplatedParent}\"<br /> Path=\"RoutePoints\" /&gt;<br /> &lt;/MultiBinding&gt;<br /> &lt;/PathGeometry.Figures&gt;<br /> &lt;/PathGeometry&gt;<br /> &lt;/Path.Data&gt;<br /> &lt;/Path&gt;<br /> &lt;local:EdgeLabelControl Content=\"{Binding Edge.Tag, RelativeSource={RelativeSource TemplatedParent}}\" /&gt;<br /> &lt;/Canvas&gt;<br /> &lt;/ControlTemplate&gt;<br /> &lt;/Setter.Value&gt;<br /> &lt;/Setter&gt;<br />&nbsp;&lt;/Style&gt;</p>\n<p>&nbsp;</p>",
    "PostedDate": "2011-10-27T07:46:03.697-07:00",
    "UserRole": null,
    "MarkedAsAnswerDate": null
  }
]