[
  {
    "Id": "607575",
    "ThreadId": "256439",
    "Html": "\r\n<p>Hi,</p>\r\n<p>I am trying to use this Graph in our application.Could any one tell me is there any click event on Vertex?</p>\r\n<p>If yes please please provide the code snippent.</p>\r\n<p>Anirban</p>\r\n",
    "PostedDate": "2011-05-04T22:48:12.37-07:00",
    "UserRole": null,
    "MarkedAsAnswerDate": null
  },
  {
    "Id": "726924",
    "ThreadId": "256439",
    "Html": "<p>You can use MouseDown event available on the EdgeControl as follows,</p>\r\n<p>\r\n<div style=\"color: black; background-color: white;\">\r\n<pre> <span style=\"color: blue;\">&lt;</span><span style=\"color: #a31515;\">Style</span> <span style=\"color: red;\">TargetType</span><span style=\"color: blue;\">=</span><span style=\"color: black;\">\"</span><span style=\"color: blue;\">{x:Type graphsharp:EdgeControl}</span><span style=\"color: black;\">\"</span><span style=\"color: blue;\">&gt;</span>\r\n            <span style=\"color: blue;\">&lt;</span><span style=\"color: #a31515;\">EventSetter</span> <span style=\"color: red;\">Event</span><span style=\"color: blue;\">=</span><span style=\"color: black;\">\"</span><span style=\"color: blue;\">MouseDown</span><span style=\"color: black;\">\"</span>\r\n                         <span style=\"color: red;\">Handler</span><span style=\"color: blue;\">=</span><span style=\"color: black;\">\"</span><span style=\"color: blue;\">Delete_Edge</span><span style=\"color: black;\">\"</span> <span style=\"color: blue;\">/&gt;</span>\r\n <span style=\"color: blue;\">&lt;/</span><span style=\"color: #a31515;\">Style</span><span style=\"color: blue;\">&gt;</span>\r\n</pre>\r\n</div>\r\n</p>",
    "PostedDate": "2012-01-18T01:31:50.013-08:00",
    "UserRole": null,
    "MarkedAsAnswerDate": null
  },
  {
    "Id": "852516",
    "ThreadId": "256439",
    "Html": "<p>Thanks!</p>",
    "PostedDate": "2012-06-22T02:54:00.337-07:00",
    "UserRole": null,
    "MarkedAsAnswerDate": null
  }
]