[
  {
    "Id": "636034",
    "ThreadId": "263569",
    "Html": "\r\n<p>At the beginning of a program I have a GraphLayout which does not contain any elements. &nbsp;I'm assuming it is trying to do a layout and throws a InvalidOperationException &quot;Sequence contains no elements.&quot; &nbsp;Is there a way to disable layout until items\r\n are added from markup or a property. &nbsp;I don't want to go messing with the GraphSharp source if I don't have to.</p>\r\n",
    "PostedDate": "2011-07-01T07:48:24.05-07:00",
    "UserRole": null,
    "MarkedAsAnswerDate": null
  },
  {
    "Id": "636036",
    "ThreadId": "263569",
    "Html": "<p>Nevermind just found the answer to my own question. &nbsp;In my own derived GraphLayout class (JobGraphLayout) I overrode the CanLayout property as such.</p>\r\n<p>&nbsp;</p>\r\n<p>\r\n<div style=\"color: black; background-color: white;\">\r\n<pre>        <span style=\"color: blue;\">protected</span> <span style=\"color: blue;\">override</span> <span style=\"color: blue;\">bool</span> CanLayout\r\n        {\r\n            <span style=\"color: blue;\">get</span>\r\n            {\r\n                <span style=\"color: blue;\">return</span> <span style=\"color: blue;\">this</span>._vertexControls.Count != 0;\r\n            }\r\n        }\r\n</pre>\r\n</div>\r\n</p>\r\n<p>Any other suggestions are welcome or if anyone knows a danger with not using base.CanLayout.</p>",
    "PostedDate": "2011-07-01T07:53:17.957-07:00",
    "UserRole": null,
    "MarkedAsAnswerDate": null
  }
]