[
  {
    "Id": "424823",
    "ThreadId": "207603",
    "Html": "<p>Hi. Can anyone please indicate to me how to change the horizontal and vertical gap parameters?</p>\r\n<p>I get the following error:<span style=\"color:#ff0000\"> Property or indexer 'GraphSharp.Algorithms.OverlapRemoval.IOverlapRemovalParameters.HorizontalGap' cannot be assigned to -- it is read only</span></p>\r\n<p><span style=\"color:#ff0000\"><span style=\"color:#000000\">Here is my codes:</span><br></span></p>\r\n<p>\r\n<div style=\"color:Black;background-color:White\">\r\n<pre><span style=\"color:Blue\">public</span> <span style=\"color:Blue\">class</span> TaggedGraphLayout : GraphLayout&lt;<span style=\"color:Blue\">object</span>, TaggedEdge&lt;<span style=\"color:Blue\">object</span>, <span style=\"color:Blue\">object</span>&gt;, BidirectionalGraph&lt;<span style=\"color:Blue\">object</span>, TaggedEdge&lt;<span style=\"color:Blue\">object</span>, <span style=\"color:Blue\">object</span>&gt;&gt;&gt;\r\n    {\r\n\r\n    }\r\n</pre>\r\n</div>\r\n<div style=\"color:Black;background-color:White\">\r\n<pre>graphLayout.OverlapRemovalParameters.HorizontalGap = <span style=\"color:Blue\">float</span>.Parse(HorizontalSpacingSlider.Value.ToString());\r\ngraphLayout.OverlapRemovalParameters.VerticalGap =  <span style=\"color:Blue\">float</span>.Parse(VerticalSpacingSlider.Value.ToString());\r\n</pre>\r\n</div>\r\nThank you.</p>",
    "PostedDate": "2010-03-29T01:25:59.62-07:00",
    "UserRole": null,
    "MarkedAsAnswerDate": null
  },
  {
    "Id": "436471",
    "ThreadId": "207603",
    "Html": "Solved!",
    "PostedDate": "2010-04-28T04:55:27.55-07:00",
    "UserRole": null,
    "MarkedAsAnswerDate": null
  },
  {
    "Id": "670365",
    "ThreadId": "207603",
    "Html": "<p>Please, share the solution, or if you can give some tips on how to change does values. I would be greateful! Regards.</p>",
    "PostedDate": "2011-09-11T16:18:43.257-07:00",
    "UserRole": null,
    "MarkedAsAnswerDate": null
  },
  {
    "Id": "672170",
    "ThreadId": "207603",
    "Html": "<p>Ok, I managed to solve it by myself and for future generations I will share my own solution. To change does params we need to edit the constructor of the window, to make it look this way:</p>\n<div style=\"color: black; background-color: white;\">\n<pre><span style=\"color: blue;\">public</span> MainWindow()\n{\n      CreateGraphToVisualize();                        \n      InitializeComponent();\n\n      <span style=\"color: green;\">// Add this section</span>\n      SimpleTreeLayoutParameters a = <span style=\"color: blue;\">new</span> SimpleTreeLayoutParameters();\n      a.LayerGap = 100;\n      a.VertexGap = 100;\n      graphLayout.LayoutParameters = a;\n}\n</pre>\n</div>\n<p>And, that would be it. I hope you find it quite helpful. Regards.</p>",
    "PostedDate": "2011-09-15T03:20:33.843-07:00",
    "UserRole": null,
    "MarkedAsAnswerDate": null
  },
  {
    "Id": "1003945",
    "ThreadId": "207603",
    "Html": "Thank you very much mikoay<br />\n",
    "PostedDate": "2013-02-20T03:44:53.62-08:00",
    "UserRole": null,
    "MarkedAsAnswerDate": null
  }
]