[
  {
    "Id": "995154",
    "ThreadId": "431667",
    "Html": "hello everyone,<br />\nI'm using &lt;DataTemplate.Triggers&gt; to display different pictures in different kinds of vertex, however I couldn't find a way to set only on specific type of vertex that display specific pictures mouse click event. I need only specific vertex to handle the event. can anyone help me?<br />\n<pre><code>\n&lt;DataTemplate x:Key=&quot;DataTemplateVertexControl&quot;\n                      DataType=&quot;local:GraphVertex&quot;&gt;\n            &lt;StackPanel&gt;\n                   &lt;!-- Display the title of the vertex --&gt;\n                   &lt;TextBlock Text=&quot;{Binding Path=Title, Mode=OneWay}&quot; FontSize=&quot;12&quot;/&gt;\n                   &lt;Image x:Name=&quot;img&quot; Width=&quot;50&quot; Height=&quot;50&quot; /&gt;                \n            &lt;/StackPanel&gt;            \n            &lt;DataTemplate.Triggers&gt; \n                &lt;DataTrigger Binding=&quot;{Binding Name}&quot; Value=&quot;root&quot;&gt;\n                    &lt;Setter TargetName=&quot;img&quot; Property=&quot;Source&quot; Value=&quot;Images/picServer.png&quot;/&gt;              \n                    &lt;Setter TargetName=&quot;img&quot; Property=&quot;Width&quot;  Value=&quot;60&quot; /&gt;\n                    &lt;Setter TargetName=&quot;img&quot; Property=&quot;Height&quot;  Value=&quot;60&quot; /&gt;                     \n                &lt;/DataTrigger&gt;\n                &lt;DataTrigger Binding=&quot;{Binding Name}&quot; Value=&quot;vertex_kind_A&quot;&gt;\n                    &lt;Setter TargetName=&quot;img&quot; Property=&quot;Source&quot;      Value=&quot;Images/pic123.png&quot;/&gt;\n                    &lt;Setter TargetName=&quot;img&quot; Property=&quot;Width&quot;  Value=&quot;60&quot; /&gt;\n                    &lt;Setter TargetName=&quot;img&quot; Property=&quot;Height&quot;  Value=&quot;60&quot; /&gt;\n                &lt;/DataTrigger&gt;\n            &lt;/DataTemplate.Triggers&gt;\n        &lt;/DataTemplate&gt;\n\n        &lt;!-- Customize the graph vertex --&gt;\n        &lt;Style TargetType=&quot;{x:Type graphsharp:VertexControl}&quot;&gt;\n            &lt;Setter Property=&quot;Template&quot;&gt;\n                &lt;Setter.Value&gt;\n                    &lt;!-- Bind the DataTemplate --&gt;\n                    &lt;ControlTemplate TargetType=&quot;{x:Type graphsharp:VertexControl}&quot;&gt;\n                            &lt;ContentPresenter Content=&quot;{TemplateBinding Vertex}&quot;\n                                              ContentTemplate=&quot;{StaticResource DataTemplateVertexControl}&quot;/&gt;\n                    &lt;/ControlTemplate&gt;\n                &lt;/Setter.Value&gt;\n            &lt;/Setter&gt;\n        &lt;/Style&gt; \n</code></pre>\n\nI need that only when the image &quot;img&quot; is &quot;pic123&quot; mouse click event will be handled<br />\n",
    "PostedDate": "2013-02-01T05:16:23.673-08:00",
    "UserRole": null,
    "MarkedAsAnswerDate": null
  },
  {
    "Id": "995280",
    "ThreadId": "431667",
    "Html": "Maybe you could have a trigger with an EventSetter in the VertexControl style? I haven't tried placing an EventSetter in a trigger but it should work:<br />\n<pre><code>&lt;!-- Customize the graph vertex --&gt;\n        &lt;Style TargetType=&quot;{x:Type graphsharp:VertexControl}&quot;&gt;\n            &lt;Setter Property=&quot;Template&quot;&gt;\n                &lt;Setter.Value&gt;\n                    &lt;!-- Bind the DataTemplate --&gt;\n                    &lt;ControlTemplate TargetType=&quot;{x:Type graphsharp:VertexControl}&quot;&gt;\n                            &lt;ContentPresenter Content=&quot;{TemplateBinding Vertex}&quot;\n                                              ContentTemplate=&quot;{StaticResource DataTemplateVertexControl}&quot;/&gt;\n                    &lt;/ControlTemplate&gt;\n                &lt;/Setter.Value&gt;\n            &lt;/Setter&gt;\n            &lt;Style.Triggers&gt;\n                 &lt;DataTrigger Binding=&quot;{Binding Name}&quot; Value=&quot;vertex_kind_A&quot;&gt;\n                      &lt;EventSetter Event=&quot;MouseLeftButtonDown&quot; Handler=&quot;OnVertexKindA_MouseClick&quot; /&gt;\n                 &lt;/DataTrigger&gt;\n            &lt;style.Triggers&gt;\n        &lt;/Style&gt; </code></pre>\n\nThis should make clicks on vertices whose &quot;Name&quot; is &quot;vertex_kind_A&quot; be handled by &quot;OnVertexKindA_MouseClick&quot;.<br />\nOr you could also have the handler work on all vertices and inside of it check what kind of vertex was clicked and act accordingly.<br />\n<br />\nEDIT: Nevermind, sorry, EventSetters are NOT supported inside Triggers. You could still still use a single handler for all vertices and check the &quot;Name&quot; property of the clicked vertex.<br />\n",
    "PostedDate": "2013-02-01T08:45:34.803-08:00",
    "UserRole": null,
    "MarkedAsAnswerDate": null
  },
  {
    "Id": "995528",
    "ThreadId": "431667",
    "Html": "I would rather not handle event if no need in it in all vertices.\r<br />\nAnyway, I can't set handler on the vertices, only on the image itself and then check the source name of the image int the event,\r<br />\nIt's not a good solution, since that way I can't change the picture. Can you tell me where to define the  handler of the event to get the vertex name in the function?\r<br />\nthank you for your help<br />\n",
    "PostedDate": "2013-02-02T03:57:52.327-08:00",
    "UserRole": null,
    "MarkedAsAnswerDate": null
  },
  {
    "Id": "995994",
    "ThreadId": "431667",
    "Html": "If you define it in the VertexControl style with an EventSetter, the handler will work for all VertexControls and in it you can use the 'sender' argument to see which vertex was clicked:<br />\n<pre><code>&lt;Style TargetType=&quot;{x:Type graphsharp:VertexControl}&quot;&gt;\n     &lt;EventSetter Event=&quot;PreviewMouseLeftButtonDown&quot; Handler=&quot;OnVertex_PreviewMouseLeftButtonDown&quot; /&gt;\n     .........\n&lt;/ Style&gt;</code></pre>\n\n<pre><code>private void OnVertex_PreviewMouseLeftButtonDown(object sender, MouseButtonEventArgs e)\n{\n    VertexControl clicked = sender as VertexControl;\n    if(clicked != null)\n    {\n         if((clicked.Vertex as YourVertexType).Name == &quot;vertex_kind_A&quot;)\n         {\n            //handle the click on vertex_kind_A\n          }\n     }\n}</code></pre>\n\n",
    "PostedDate": "2013-02-04T02:01:35.97-08:00",
    "UserRole": null,
    "MarkedAsAnswerDate": null
  }
]