[
  {
    "Id": "545380",
    "ThreadId": "240838",
    "Html": "\r\n<p>Has anyone implemented <span id=\"x_TitleLabel\">Layout direction for Efficient Sugiyama ? it's commented out in the parameters for the algorithm.\r\n</span></p>\r\n<p><span>I would like to be able to lay out my graph with Efficient Sugiyama flowing from left to right (vs top to botton)</span></p>\r\n<p><span>I've created a work item for this <a href=\"http://graphsharp.codeplex.com/workitem/8090\">\r\nhttp://graphsharp.codeplex.com/workitem/8090</a>&nbsp;if that helps? </span></p>\r\n",
    "PostedDate": "2011-01-07T06:31:07.837-08:00",
    "UserRole": null,
    "MarkedAsAnswerDate": null
  },
  {
    "Id": "556837",
    "ThreadId": "240838",
    "Html": "\r\n<p>I have do such a change. But in my version I have to deactivate the elimination of the isolated vertices. Also there is a change, that there will be no calculation if &quot;VisitedGraph&quot; has no vertices.</p>\r\n",
    "PostedDate": "2011-01-28T05:34:34.05-08:00",
    "UserRole": null,
    "MarkedAsAnswerDate": null
  }
]