[
  {
    "Id": "628799",
    "ThreadId": "261669",
    "Html": "<p>I have a command that cycles through several layout algorithms. The weird thing is this works great under Vista, but the EfficientSugiyama layout does nothing under Win XP. I also default to EfficientSugiyama, and under Vista the graph initializes correctly as new vertices are added, but under Win XP some of the vertices are stacked on top of each other.</p>\n<pre style=\"font-family: Consolas; background: white; color: black; font-size: 13px;\">&nbsp;&nbsp;&nbsp;&nbsp;<span style=\"color: green;\">//&nbsp;Layout&nbsp;algorithms</span>\r\n&nbsp;&nbsp;&nbsp;&nbsp;<span style=\"color: blue;\">private</span>&nbsp;<span style=\"color: blue;\">const</span>&nbsp;<span style=\"color: blue;\">string</span>&nbsp;ES&nbsp;=&nbsp;<span style=\"color: #a31515;\">\"EfficientSugiyama\"</span>;\r\n&nbsp;&nbsp;&nbsp;&nbsp;<span style=\"color: blue;\">private</span>&nbsp;<span style=\"color: blue;\">const</span>&nbsp;<span style=\"color: blue;\">string</span>&nbsp;BFR&nbsp;=&nbsp;<span style=\"color: #a31515;\">\"BoundedFR\"</span>;\r\n&nbsp;&nbsp;&nbsp;&nbsp;<span style=\"color: blue;\">private</span>&nbsp;<span style=\"color: blue;\">const</span>&nbsp;<span style=\"color: blue;\">string</span>&nbsp;CIR&nbsp;=&nbsp;<span style=\"color: #a31515;\">\"Circular\"</span>;\r\n&nbsp;&nbsp;&nbsp;&nbsp;<span style=\"color: blue;\">private</span>&nbsp;<span style=\"color: blue;\">const</span>&nbsp;<span style=\"color: blue;\">string</span>&nbsp;LL&nbsp;=&nbsp;<span style=\"color: #a31515;\">\"LinLog\"</span>;\r\n</pre>\n<pre style=\"font-family: Consolas; background: white; color: black; font-size: 13px;\">...</pre>\n<pre style=\"font-family: Consolas; background: white; color: black; font-size: 13px;\">&nbsp;&nbsp;&nbsp;&nbsp;&nbsp;&nbsp;<span style=\"color: blue;\">if</span>&nbsp;(_vm.DiagramLayout.LayoutAlgorithmType&nbsp;==&nbsp;ES)\r\n&nbsp;&nbsp;&nbsp;&nbsp;&nbsp;&nbsp;{\r\n&nbsp;&nbsp;&nbsp;&nbsp;&nbsp;&nbsp;&nbsp;&nbsp;_vm.DiagramLayout.LayoutAlgorithmType&nbsp;=&nbsp;BFR;\r\n&nbsp;&nbsp;&nbsp;&nbsp;&nbsp;&nbsp;}\r\n&nbsp;&nbsp;&nbsp;&nbsp;&nbsp;&nbsp;<span style=\"color: blue;\">else</span>&nbsp;<span style=\"color: blue;\">if</span>&nbsp;(_vm.DiagramLayout.LayoutAlgorithmType&nbsp;==&nbsp;BFR)\r\n&nbsp;&nbsp;&nbsp;&nbsp;&nbsp;&nbsp;{\r\n&nbsp;&nbsp;&nbsp;&nbsp;&nbsp;&nbsp;&nbsp;&nbsp;_vm.DiagramLayout.LayoutAlgorithmType&nbsp;=&nbsp;CIR;\r\n&nbsp;&nbsp;&nbsp;&nbsp;&nbsp;&nbsp;}\r\n&nbsp;&nbsp;&nbsp;&nbsp;&nbsp;&nbsp;<span style=\"color: blue;\">else</span>&nbsp;<span style=\"color: blue;\">if</span>&nbsp;(_vm.DiagramLayout.LayoutAlgorithmType&nbsp;==&nbsp;CIR)\r\n&nbsp;&nbsp;&nbsp;&nbsp;&nbsp;&nbsp;{\r\n&nbsp;&nbsp;&nbsp;&nbsp;&nbsp;&nbsp;&nbsp;&nbsp;_vm.DiagramLayout.LayoutAlgorithmType&nbsp;=&nbsp;LL;\r\n&nbsp;&nbsp;&nbsp;&nbsp;&nbsp;&nbsp;}\r\n&nbsp;&nbsp;&nbsp;&nbsp;&nbsp;&nbsp;<span style=\"color: blue;\">else</span>&nbsp;<span style=\"color: blue;\">if</span>&nbsp;(_vm.DiagramLayout.LayoutAlgorithmType&nbsp;==&nbsp;LL)\r\n&nbsp;&nbsp;&nbsp;&nbsp;&nbsp;&nbsp;{\r\n&nbsp;&nbsp;&nbsp;&nbsp;&nbsp;&nbsp;&nbsp;&nbsp;_vm.DiagramLayout.LayoutAlgorithmType&nbsp;=&nbsp;ES;\r\n&nbsp;&nbsp;&nbsp;&nbsp;&nbsp;&nbsp;}\r\n</pre>\n<pre style=\"font-family: Consolas; background: white; color: black; font-size: 13px;\">Any ideas?</pre>\n<pre style=\"font-family: Consolas; background: white; color: black; font-size: 13px;\">Thanks!</pre>",
    "PostedDate": "2011-06-16T09:53:03.68-07:00",
    "UserRole": null,
    "MarkedAsAnswerDate": null
  }
]