[
  {
    "Id": "446527",
    "ThreadId": "213603",
    "Html": "Hey.\r\n\r\nI have a BidirectionalGraph&lt;object, TaggedEdge&lt;object, object&gt;&gt; graph.\r\n\r\nWhat I would like to do is have two or more edges between two vertices. (Like the EfficientSugiyama does).\r\nThe problem I am encountering is that my TaggedEdge's overlap and makes the tag unreadable.\r\n\r\nSo a few questions:\r\n1. Is it only possible to have separate edges using the EfficientSugiyama? Or which graphs support multiple (separate) edges between vertices?\r\n2. Is there a way to add some sort of special edge to the graphs to allow for this functionality?\r\n3. Otherwise, is there a way to set the distance between the edges in the EfficientSugiyama graph?\r\n\r\nThank you,\r\n\r\nrootme",
    "PostedDate": "2010-05-24T01:12:16.14-07:00",
    "UserRole": null,
    "MarkedAsAnswerDate": null
  }
]