[
  {
    "Id": "930513",
    "ThreadId": "400330",
    "Html": "\r\n<p>I'm sure others have had this problem before. I'm trying to add a horizontal toolbar to the top of my page, so I have a stackpanel for the controls at the top. Then my zoomcontrol is wrapped around the graphsharp object. What I can't get my head around is\r\n that if I take the zoomcontrol (and graphsharp) out of the stackpanel the graph shows, if it's in the stackpanel, it is just a blank screen. Here is a code sample:</p>\r\n<p>&nbsp;</p>\r\n<p></p>\r\n<div style=\"color:black; background-color:white\">\r\n<pre> <span style=\"color:blue\">&lt;</span><span style=\"color:#a31515\">Grid</span><span style=\"color:blue\">&gt;</span>\r\n        <span style=\"color:blue\">&lt;</span><span style=\"color:#a31515\">StackPanel</span><span style=\"color:blue\">&gt;</span>\r\n        <span style=\"color:blue\">&lt;</span><span style=\"color:#a31515\">StackPanel</span> <span style=\"color:red\">Orientation</span><span style=\"color:blue\">=</span><span style=\"color:blue\">&quot;Horizontal&quot;</span> <span style=\"color:red\">VerticalAlignment</span><span style=\"color:blue\">=</span><span style=\"color:blue\">&quot;Top&quot;</span><span style=\"color:blue\">&gt;</span>\r\n                <span style=\"color:blue\">&lt;</span><span style=\"color:#a31515\">Label</span> <span style=\"color:red\">Name</span><span style=\"color:blue\">=</span><span style=\"color:blue\">&quot;lblClientGroup&quot;</span> <span style=\"color:blue\">&gt;</span>Get Client Group:<span style=\"color:blue\">&lt;/</span><span style=\"color:#a31515\">Label</span><span style=\"color:blue\">&gt;</span>\r\n                <span style=\"color:blue\">&lt;</span><span style=\"color:#a31515\">TextBox</span> <span style=\"color:red\">Name</span><span style=\"color:blue\">=</span><span style=\"color:blue\">&quot;txtClientGroup&quot;</span> <span style=\"color:red\">Width</span><span style=\"color:blue\">=</span><span style=\"color:blue\">&quot;100px&quot;</span> <span style=\"color:blue\">&gt;</span><span style=\"color:blue\">&lt;/</span><span style=\"color:#a31515\">TextBox</span><span style=\"color:blue\">&gt;</span>\r\n                <span style=\"color:blue\">&lt;</span><span style=\"color:#a31515\">Button</span> <span style=\"color:red\">Name</span><span style=\"color:blue\">=</span><span style=\"color:blue\">&quot;btnGetGraphForClientGroup&quot;</span> <span style=\"color:blue\">&gt;</span>Get Graph for Client Group<span style=\"color:blue\">&lt;/</span><span style=\"color:#a31515\">Button</span><span style=\"color:blue\">&gt;</span>\r\n            <span style=\"color:blue\">&lt;/</span><span style=\"color:#a31515\">StackPanel</span><span style=\"color:blue\">&gt;</span>\r\n            <span style=\"color:blue\">&lt;</span><span style=\"color:#a31515\">Separator</span><span style=\"color:blue\">/&gt;</span>\r\n            <span style=\"color:blue\">&lt;</span><span style=\"color:#a31515\">zoom</span><span style=\"color:blue\">:</span><span style=\"color:#a31515\">ZoomControl</span><span style=\"color:blue\">&gt;</span>\r\n                &lt;graphsharp:GraphLayout x:Name=&quot;GraphLayout&quot; \r\n                                Graph=&quot;{Binding ElementName=root,Path=GraphToVisualize}&quot; \r\n                                LayoutAlgorithmType=&quot;EfficientSugiyama&quot;\r\n                                OverlapRemovalAlgorithmType=&quot;FSA&quot;\r\n                                HighlightAlgorithmType=&quot;Simple&quot;&gt;\r\n                <span style=\"color:blue\">&lt;/</span><span style=\"color:#a31515\">graphsharp</span><span style=\"color:blue\">:</span><span style=\"color:#a31515\">GraphLayout</span><span style=\"color:blue\">&gt;</span>\r\n            <span style=\"color:blue\">&lt;/</span><span style=\"color:#a31515\">zoom</span><span style=\"color:blue\">:</span><span style=\"color:#a31515\">ZoomControl</span><span style=\"color:blue\">&gt;</span>\r\n        <span style=\"color:blue\">&lt;/</span><span style=\"color:#a31515\">StackPanel</span><span style=\"color:blue\">&gt;</span>\r\n    <span style=\"color:blue\">&lt;/</span><span style=\"color:#a31515\">Grid</span><span style=\"color:blue\">&gt;</span>\r\n</pre>\r\n</div>\r\n<p></p>\r\n",
    "PostedDate": "2012-10-22T08:28:36.23-07:00",
    "UserRole": null,
    "MarkedAsAnswerDate": null
  }
]