[
  {
    "Id": "1260397",
    "ThreadId": "549856",
    "Html": "Hi,<br />\n<br />\nI would like to build a graph from my datas, then calculate the best layout for the graph, and finally get the coordinates of each vertex to draw it in another application (who is not a WPF application, I just want x,y coordinates).<br />\n<br />\nIs it possible using Graph# ?<br />\n<br />\nIf yes, which kind of graph do I need ? Which classes/methods do I have to use ?<br />\n<br />\nThank you very much for your help.<br />\n",
    "PostedDate": "2014-06-27T06:08:26.44-07:00",
    "UserRole": null,
    "MarkedAsAnswerDate": null
  },
  {
    "Id": "1260530",
    "ThreadId": "549856",
    "Html": "Hi, Graph# possibly allows to do what you need to, but ,honestly, i don't remember how and where are all the needed stuff :/<br />\nI can advice you to look at <a href=\"https://github.com/panthernet/GraphX\" rel=\"nofollow\">GraphX</a>, it has the same algorithms base. You can use smth like:<br />\n<pre><code>new AlgorithmFactory&lt;DataVertex, DataEdge, BidirectionalGraph&lt;DataVertex, DataEdge&gt;&gt;().CreateLayoutAlgorithm(LayoutAlgorithmTypeEnum.BoundedFR, graph).VertexPositions</code></pre>\n\nto get vertex positions for specified algorithms. Or you can manualy create and run algorithm. I suppose you will have to use two PCL libs: Common and Logic.<br />\nIf you'll have any questions feel free to ask on the forums on the main web site.<br />\n",
    "PostedDate": "2014-06-27T10:24:08.447-07:00",
    "UserRole": null,
    "MarkedAsAnswerDate": null
  },
  {
    "Id": "1260552",
    "ThreadId": "549856",
    "Html": "Do you know where I could find help to do what I need ? I spent half of my day looking for example or answers on Google but I found nothing :/<br />\n<br />\nI just downloaded GraphX and tryed your code. I had to make my custom data (which is what you called DataVertex) implements IGraphXVertex, and tryed to do the same thing with edges (I don't have data for it but I built a class) but can't access to IGraphXEdge members (Source, Target)...<br />\nSo impossible to add edge to my graph.<br />\n<br />\nI also have a version conflict between GraphX.common (version 2.0.2.0) and QuickGraph (version 3.2.40122.0) which prevents me to compile...<br />\n<br />\nThat's a bad day haha !<br />\n",
    "PostedDate": "2014-06-27T11:31:52.267-07:00",
    "UserRole": null,
    "MarkedAsAnswerDate": null
  },
  {
    "Id": "1261153",
    "ThreadId": "549856",
    "Html": "I really don't manage to solve the <em>GetVertexControl missing method</em> problem.<br />\nIn another post, I saw this that this had to work...<br />\n<pre><code>var g = new BidirectionalGraph&lt;VertexControl, IEdge&lt;VertexControl&gt;&gt;();\n// some code building the graph\nvar graphLayout = new GraphLayout&lt;VertexControl, IEdge&lt;VertexControl&gt;, BidirectionalGraph&lt;VertexControl, IEdge&lt;VertexControl&gt;&gt;&gt;();\ngraphLayout.Graph = g;\ndouble x = GraphCanvas.GetX(graphLayout.GetVertexControl(g.Vertices.ElementAt(0))); </code></pre>\n\nbut enable to find why the method doesn't exist.<br />\n",
    "PostedDate": "2014-06-30T06:29:24.71-07:00",
    "UserRole": null,
    "MarkedAsAnswerDate": null
  },
  {
    "Id": "1261191",
    "ThreadId": "549856",
    "Html": "You have conflict because your Quickgraph version is too old. You should update it.<br />\nThere are plenty examples on how to use GraphX in its source code.<br />\n<br />\nAnd again, use Graph# source code to biuld DLLs as it contains the most up to date version of the library. The method is in there.<br />\n",
    "PostedDate": "2014-06-30T07:39:02.24-07:00",
    "UserRole": null,
    "MarkedAsAnswerDate": null
  },
  {
    "Id": "1261947",
    "ThreadId": "549856",
    "Html": "Perfect i'm able to use the method, I answered on this post <a href=\"https://graphsharp.codeplex.com/discussions/79745#editor\" rel=\"nofollow\">https://graphsharp.codeplex.com/discussions/79745#editor</a> , maybe you could help me.\r<br />\nThank you !<br />\n",
    "PostedDate": "2014-07-02T06:05:53.637-07:00",
    "UserRole": null,
    "MarkedAsAnswerDate": null
  }
]