[
  {
    "Id": "579025",
    "ThreadId": "249332",
    "Html": "\r\n<p>Hello everybody.</p>\r\n<p>First of all thx for GraphSharp. Well done.</p>\r\n<p>I'm try to build a server app that is using the GraphSharp layout algorithms to calculate vertex and edge position and alignment.</p>\r\n<p>The server returns a JSON object with the details and i render the output with jscript and html5. works without complications.</p>\r\n<p>Are you planning to develop further algorithm and how far are you with the orthogonal layout?</p>\r\n<p><span>Thanks in advance</span></p>\r\n<p>Matthew</p>\r\n",
    "PostedDate": "2011-03-11T06:38:19.707-08:00",
    "UserRole": null,
    "MarkedAsAnswerDate": null
  }
]