[
  {
    "Id": "536003",
    "ThreadId": "238433",
    "Html": "\r\n<p>Hey,</p>\r\n<p>I'd like to be able to save each vertex of my graph to&nbsp; a seperate image file.</p>\r\n<p>I have code to print a <span style=\"color:#2b91af\">FrameworkElement</span><br>\r\nHowever i'm struggling to work out how to access the <span style=\"color:#2b91af\">\r\nFrameworkElement<span style=\"color:#000000\">'s which correspond to the vertex? </span>\r\n</span></p>\r\n<p><span style=\"color:#2b91af\"><span style=\"color:#000000\">this seems really simple - any pointers?\r\n</span></span></p>\r\n<p><span style=\"color:#2b91af\"><span style=\"color:#000000\">David</span></span></p>\r\n<p><span style=\"color:#2b91af\">&nbsp;</span></p>\r\n",
    "PostedDate": "2010-12-15T01:33:27.967-08:00",
    "UserRole": null,
    "MarkedAsAnswerDate": null
  },
  {
    "Id": "536048",
    "ThreadId": "238433",
    "Html": "\r\n<p>ok worked it out..</p>\r\n<p>&nbsp;</p>\r\n<pre style=\"font-family:consolas\"><span style=\"color:blue\">public</span>&nbsp;<span style=\"color:blue\">void</span>&nbsp;PrintMe()&nbsp;{<br>&nbsp;&nbsp;&nbsp;&nbsp;&nbsp;&nbsp;&nbsp;&nbsp;&nbsp;&nbsp;&nbsp;&nbsp;<span style=\"color:#2b91af\">UIElementCollection</span>&nbsp;uiObjects&nbsp;=&nbsp;GraphLayout.Children;</pre>\r\n<pre style=\"font-family:consolas\"><br><pre style=\"font-family:consolas\">&nbsp; \t  <span style=\"color:#2b91af\">SaveFileDialog</span>&nbsp;saveFialog&nbsp;=&nbsp;<span style=\"color:blue\">new</span>&nbsp;<span style=\"color:#2b91af\">SaveFileDialog</span>&nbsp;{&nbsp;DefaultExt&nbsp;=&nbsp;<span style=\"color:#a31515\">&quot;.png&quot;</span>&nbsp;};<br>&nbsp;&nbsp;&nbsp;&nbsp;&nbsp;&nbsp;&nbsp;&nbsp;&nbsp;&nbsp;&nbsp;&nbsp;<span style=\"color:blue\">if</span>&nbsp;(saveFialog.ShowDialog()&nbsp;==&nbsp;<span style=\"color:blue\">true</span>)&nbsp;{<br>&nbsp;&nbsp;&nbsp;&nbsp;&nbsp;&nbsp;&nbsp;&nbsp;&nbsp;&nbsp;&nbsp;&nbsp;&nbsp;&nbsp;&nbsp;&nbsp;<span style=\"color:blue\">int</span>&nbsp;i&nbsp;=&nbsp;1;<br>&nbsp;&nbsp;&nbsp;&nbsp;&nbsp;&nbsp;&nbsp;&nbsp;&nbsp;&nbsp;&nbsp;&nbsp;&nbsp;&nbsp;&nbsp;&nbsp;<span style=\"color:blue\">string</span>&nbsp;fname&nbsp;=&nbsp;saveFialog.FileName.Replace(<span style=\"color:#a31515\">&quot;.png&quot;</span>,&nbsp;<span style=\"color:#a31515\">&quot;&quot;</span>);<br><br>&nbsp;&nbsp;&nbsp;&nbsp;&nbsp;&nbsp;&nbsp;&nbsp;&nbsp;&nbsp;&nbsp;&nbsp;&nbsp;&nbsp;&nbsp;&nbsp;<span style=\"color:blue\">foreach</span>&nbsp;(<span style=\"color:blue\">object</span>&nbsp;child&nbsp;<span style=\"color:blue\">in</span>&nbsp;uiObjects)&nbsp;{<span style=\"color:green\">//&nbsp;edges&nbsp;or&nbsp;vertexes</span><br><br>&nbsp;&nbsp;&nbsp;&nbsp;&nbsp;&nbsp;&nbsp;&nbsp;&nbsp;&nbsp;&nbsp;&nbsp;&nbsp;&nbsp;&nbsp;&nbsp;&nbsp;&nbsp;&nbsp;&nbsp;<span style=\"color:#2b91af\">VertexControl</span>&nbsp;vertexControl&nbsp;=&nbsp;child&nbsp;<span style=\"color:blue\">as</span>&nbsp;<span style=\"color:#2b91af\">VertexControl</span>;<br>&nbsp;&nbsp;&nbsp;&nbsp;&nbsp;&nbsp;&nbsp;&nbsp;&nbsp;&nbsp;&nbsp;&nbsp;&nbsp;&nbsp;&nbsp;&nbsp;&nbsp;&nbsp;&nbsp;&nbsp;<span style=\"color:blue\">if</span>&nbsp;(vertexControl&nbsp;!=&nbsp;<span style=\"color:blue\">null</span>)&nbsp;{&nbsp;<span style=\"color:green\">//&nbsp;we&nbsp;just&nbsp;want&nbsp;vertexes</span><br><br>&nbsp;&nbsp;&nbsp;&nbsp;&nbsp;&nbsp;&nbsp;&nbsp;&nbsp;&nbsp;&nbsp;&nbsp;&nbsp;&nbsp;&nbsp;&nbsp;&nbsp;&nbsp;&nbsp;&nbsp;&nbsp;&nbsp;&nbsp;&nbsp;<span style=\"color:blue\">int</span>&nbsp;children&nbsp;=&nbsp;<span style=\"color:#2b91af\">VisualTreeHelper</span>.GetChildrenCount((<span style=\"color:#2b91af\">DependencyObject</span>)child);<br>&nbsp;&nbsp;&nbsp;&nbsp;&nbsp;&nbsp;&nbsp;&nbsp;&nbsp;&nbsp;&nbsp;&nbsp;&nbsp;&nbsp;&nbsp;&nbsp;&nbsp;&nbsp;&nbsp;&nbsp;&nbsp;&nbsp;&nbsp;&nbsp;<span style=\"color:blue\">for</span>&nbsp;(<span style=\"color:blue\">int</span>&nbsp;c&nbsp;=&nbsp;0;&nbsp;c&nbsp;&lt;&nbsp;children;&nbsp;c&#43;&#43;)&nbsp;{&nbsp;<span style=\"color:green\">//&nbsp;vertexes&nbsp;dont&nbsp;seem&nbsp;to&nbsp;print&nbsp;so&nbsp;we&nbsp;find&nbsp;their&nbsp;visual&nbsp;child&nbsp;-&nbsp;normally&nbsp;a&nbsp;border&nbsp;or&nbsp;grid&nbsp;or&nbsp;something</span><br>&nbsp;&nbsp;&nbsp;&nbsp;&nbsp;&nbsp;&nbsp;&nbsp;&nbsp;&nbsp;&nbsp;&nbsp;&nbsp;&nbsp;&nbsp;&nbsp;&nbsp;&nbsp;&nbsp;&nbsp;&nbsp;&nbsp;&nbsp;&nbsp;&nbsp;&nbsp;&nbsp;&nbsp;<span style=\"color:blue\">var</span>&nbsp;child1&nbsp;=&nbsp;<span style=\"color:#2b91af\">VisualTreeHelper</span>.GetChild((<span style=\"color:#2b91af\">DependencyObject</span>)child,&nbsp;c);<br><br>&nbsp;&nbsp;&nbsp;&nbsp;&nbsp;&nbsp;&nbsp;&nbsp;&nbsp;&nbsp;&nbsp;&nbsp;&nbsp;&nbsp;&nbsp;&nbsp;&nbsp;&nbsp;&nbsp;&nbsp;&nbsp;&nbsp;&nbsp;&nbsp;&nbsp;&nbsp;&nbsp;&nbsp;<span style=\"color:blue\">var</span>&nbsp;target&nbsp;=&nbsp;(<span style=\"color:#2b91af\">Visual</span>)child1;<br>&nbsp;&nbsp;&nbsp;&nbsp;&nbsp;&nbsp;&nbsp;&nbsp;&nbsp;&nbsp;&nbsp;&nbsp;&nbsp;&nbsp;&nbsp;&nbsp;&nbsp;&nbsp;&nbsp;&nbsp;&nbsp;&nbsp;&nbsp;&nbsp;&nbsp;&nbsp;&nbsp;&nbsp;<span style=\"color:blue\">var</span>&nbsp;frameworkElem&nbsp;=&nbsp;(<span style=\"color:#2b91af\">FrameworkElement</span>)child1;<br><br>&nbsp;&nbsp;&nbsp;&nbsp;&nbsp;&nbsp;&nbsp;&nbsp;&nbsp;&nbsp;&nbsp;&nbsp;&nbsp;&nbsp;&nbsp;&nbsp;&nbsp;&nbsp;&nbsp;&nbsp;&nbsp;&nbsp;&nbsp;&nbsp;&nbsp;&nbsp;&nbsp;&nbsp;<span style=\"color:green\">//render&nbsp;it&nbsp;visually&nbsp;to&nbsp;a&nbsp;bitmap</span><br>&nbsp;&nbsp;&nbsp;&nbsp;&nbsp;&nbsp;&nbsp;&nbsp;&nbsp;&nbsp;&nbsp;&nbsp;&nbsp;&nbsp;&nbsp;&nbsp;&nbsp;&nbsp;&nbsp;&nbsp;&nbsp;&nbsp;&nbsp;&nbsp;&nbsp;&nbsp;&nbsp;&nbsp;<span style=\"color:#2b91af\">RenderTargetBitmap</span>&nbsp;rtb&nbsp;=&nbsp;<span style=\"color:blue\">new</span>&nbsp;<span style=\"color:#2b91af\">RenderTargetBitmap</span>((<span style=\"color:blue\">int</span>)frameworkElem.ActualWidth,&nbsp;<br>&nbsp;&nbsp;&nbsp;&nbsp;&nbsp;&nbsp;&nbsp;&nbsp;&nbsp;&nbsp;&nbsp;&nbsp;&nbsp;&nbsp;&nbsp;&nbsp;&nbsp;&nbsp;&nbsp;&nbsp;&nbsp;&nbsp;&nbsp;&nbsp;&nbsp;&nbsp;&nbsp;&nbsp;&nbsp;&nbsp;&nbsp;&nbsp;&nbsp;&nbsp;&nbsp;&nbsp;&nbsp;&nbsp;&nbsp;&nbsp;&nbsp;&nbsp;&nbsp;&nbsp;&nbsp;&nbsp;&nbsp;&nbsp;&nbsp;&nbsp;&nbsp;&nbsp;&nbsp;&nbsp;&nbsp;&nbsp;&nbsp;&nbsp;&nbsp;&nbsp;&nbsp;&nbsp;&nbsp;&nbsp;&nbsp;&nbsp;&nbsp;&nbsp;&nbsp;&nbsp;&nbsp;&nbsp;&nbsp;&nbsp;&nbsp;&nbsp;(<span style=\"color:blue\">int</span>)frameworkElem.ActualHeight,&nbsp;96,&nbsp;96,<br>&nbsp;&nbsp;&nbsp;&nbsp;&nbsp;&nbsp;&nbsp;&nbsp;&nbsp;&nbsp;&nbsp;&nbsp;&nbsp;&nbsp;&nbsp;&nbsp;&nbsp;&nbsp;&nbsp;&nbsp;&nbsp;&nbsp;&nbsp;&nbsp;&nbsp;&nbsp;&nbsp;&nbsp;&nbsp;&nbsp;&nbsp;&nbsp;&nbsp;&nbsp;&nbsp;&nbsp;&nbsp;&nbsp;&nbsp;&nbsp;&nbsp;&nbsp;&nbsp;&nbsp;&nbsp;&nbsp;&nbsp;&nbsp;&nbsp;&nbsp;&nbsp;&nbsp;&nbsp;&nbsp;&nbsp;&nbsp;&nbsp;&nbsp;&nbsp;&nbsp;&nbsp;&nbsp;&nbsp;&nbsp;&nbsp;&nbsp;&nbsp;&nbsp;&nbsp;&nbsp;&nbsp;&nbsp;&nbsp;&nbsp;&nbsp;&nbsp;<span style=\"color:#2b91af\">PixelFormats</span>.Default);<br>&nbsp;&nbsp;&nbsp;&nbsp;&nbsp;&nbsp;&nbsp;&nbsp;&nbsp;&nbsp;&nbsp;&nbsp;&nbsp;&nbsp;&nbsp;&nbsp;&nbsp;&nbsp;&nbsp;&nbsp;&nbsp;&nbsp;&nbsp;&nbsp;&nbsp;&nbsp;&nbsp;&nbsp;rtb.Render(target);<br><br>&nbsp;&nbsp;&nbsp;&nbsp;&nbsp;&nbsp;&nbsp;&nbsp;&nbsp;&nbsp;&nbsp;&nbsp;&nbsp;&nbsp;&nbsp;&nbsp;&nbsp;&nbsp;&nbsp;&nbsp;&nbsp;&nbsp;&nbsp;&nbsp;&nbsp;&nbsp;&nbsp;&nbsp;<span style=\"color:green\">//&nbsp;&amp;&nbsp;save&nbsp;it&nbsp;as&nbsp;a&nbsp;png&nbsp;:)</span><br>&nbsp;&nbsp;&nbsp;&nbsp;&nbsp;&nbsp;&nbsp;&nbsp;&nbsp;&nbsp;&nbsp;&nbsp;&nbsp;&nbsp;&nbsp;&nbsp;&nbsp;&nbsp;&nbsp;&nbsp;&nbsp;&nbsp;&nbsp;&nbsp;&nbsp;&nbsp;&nbsp;&nbsp;<span style=\"color:#2b91af\">PngBitmapEncoder</span>&nbsp;png&nbsp;=&nbsp;<span style=\"color:blue\">new</span>&nbsp;<span style=\"color:#2b91af\">PngBitmapEncoder</span>();<br><br>&nbsp;&nbsp;&nbsp;&nbsp;&nbsp;&nbsp;&nbsp;&nbsp;&nbsp;&nbsp;&nbsp;&nbsp;&nbsp;&nbsp;&nbsp;&nbsp;&nbsp;&nbsp;&nbsp;&nbsp;&nbsp;&nbsp;&nbsp;&nbsp;&nbsp;&nbsp;&nbsp;&nbsp;png.Frames.Add(<span style=\"color:#2b91af\">BitmapFrame</span>.Create(rtb));<br><br>&nbsp;&nbsp;&nbsp;&nbsp;&nbsp;&nbsp;&nbsp;&nbsp;&nbsp;&nbsp;&nbsp;&nbsp;&nbsp;&nbsp;&nbsp;&nbsp;&nbsp;&nbsp;&nbsp;&nbsp;&nbsp;&nbsp;&nbsp;&nbsp;&nbsp;&nbsp;&nbsp;&nbsp;<span style=\"color:blue\">using</span>&nbsp;(<span style=\"color:#2b91af\">Stream</span>&nbsp;stm&nbsp;=&nbsp;<span style=\"color:#2b91af\">File</span>.Create(fname&nbsp;&#43;&nbsp;i&nbsp;&#43;&nbsp;<span style=\"color:#a31515\">&quot;.png&quot;</span>))&nbsp;{<br>&nbsp;&nbsp;&nbsp;&nbsp;&nbsp;&nbsp;&nbsp;&nbsp;&nbsp;&nbsp;&nbsp;&nbsp;&nbsp;&nbsp;&nbsp;&nbsp;&nbsp;&nbsp;&nbsp;&nbsp;&nbsp;&nbsp;&nbsp;&nbsp;&nbsp;&nbsp;&nbsp;&nbsp;&nbsp;&nbsp;&nbsp;&nbsp;png.Save(stm);<br>&nbsp;&nbsp;&nbsp;&nbsp;&nbsp;&nbsp;&nbsp;&nbsp;&nbsp;&nbsp;&nbsp;&nbsp;&nbsp;&nbsp;&nbsp;&nbsp;&nbsp;&nbsp;&nbsp;&nbsp;&nbsp;&nbsp;&nbsp;&nbsp;&nbsp;&nbsp;&nbsp;&nbsp;}<br><br>&nbsp;&nbsp;&nbsp;&nbsp;&nbsp;&nbsp;&nbsp;&nbsp;&nbsp;&nbsp;&nbsp;&nbsp;&nbsp;&nbsp;&nbsp;&nbsp;&nbsp;&nbsp;&nbsp;&nbsp;&nbsp;&nbsp;&nbsp;&nbsp;&nbsp;&nbsp;&nbsp;&nbsp;i&#43;&#43;;<br><br>&nbsp;&nbsp;&nbsp;&nbsp;&nbsp;&nbsp;&nbsp;&nbsp;&nbsp;&nbsp;&nbsp;&nbsp;&nbsp;&nbsp;&nbsp;&nbsp;&nbsp;&nbsp;&nbsp;&nbsp;&nbsp;&nbsp;&nbsp;&nbsp;}<br><br>&nbsp;&nbsp;&nbsp;&nbsp;&nbsp;&nbsp;&nbsp;&nbsp;&nbsp;&nbsp;&nbsp;&nbsp;&nbsp;&nbsp;&nbsp;&nbsp;&nbsp;&nbsp;&nbsp;&nbsp;}<br>&nbsp;&nbsp;&nbsp;&nbsp;&nbsp;&nbsp;&nbsp;&nbsp;&nbsp;&nbsp;&nbsp;&nbsp;&nbsp;&nbsp;&nbsp;&nbsp;}<br>&nbsp;&nbsp;&nbsp;&nbsp;&nbsp;&nbsp;&nbsp;&nbsp;&nbsp;&nbsp;&nbsp;&nbsp;}<br>&nbsp;&nbsp;&nbsp;&nbsp;&nbsp;&nbsp;&nbsp;&nbsp;}</pre>\r\n<pre style=\"font-family:consolas\">hope that helps people - do post here if it does :)</pre>\r\n</pre>\r\n",
    "PostedDate": "2010-12-15T03:10:27.133-08:00",
    "UserRole": null,
    "MarkedAsAnswerDate": null
  }
]