[
  {
    "Id": "206850",
    "ThreadId": "61016",
    "Html": "<p>Do you have some metrics for your current layout algorithm choices as to how they respond in runtime to number of edges and vertices?</p>\r\n<p>&nbsp;</p>\r\n<p>I'm finding if i throw more than a few thousand hierarchical vertices at some of them, they don't return in finite time.</p>\r\n<p>&nbsp;</p>\r\n<p>Do you have a suggestion for how to display deep hierarchies using Graph#?</p>\r\n<p>&nbsp;</p>\r\n<p>thanks.</p>\r\n<p>&nbsp;</p>",
    "PostedDate": "2009-06-29T18:45:58.383-07:00",
    "UserRole": null,
    "MarkedAsAnswerDate": null
  }
]