[
  {
    "Id": "219261",
    "ThreadId": "64425",
    "Html": "<p>I've created a graph which has 2 classes derived from TypedEdge - HierarchicalEdge and LinkEdge. In my model these represent a hierarchical or casually linked relationship./</p>\r\n<p>I am using the Tree layout algorithm which works well for me,&nbsp; but I would like to selectively hide or unhide my LinkEdge types based on a user choice. Is this possible?</p>\r\n<p>The only thing&nbsp;I've seen that deals with the edges was the highlighting effects based on an EdgeControl. I'm having a bit of difficulty targeting my edges with calls such as &lt;Style TargetType=&quot;{x:Type local:LinkEdge}&quot;&gt;.</p>\r\n<p>Any tips on how to accomplish this?</p>",
    "PostedDate": "2009-08-04T07:32:37.563-07:00",
    "UserRole": null,
    "MarkedAsAnswerDate": null
  }
]