[
  {
    "Id": "466240",
    "ThreadId": "219131",
    "Html": "<p>I am currently looking for a graph layout solution for my research work and Graph# is really cool. I have tried to download the source codes and opened them with VS 2008 Express. There are some errors like &quot;Solution folder are not supported in this version of application&quot; and &quot;Solution folder &quot;Libraries&quot; will be displayed as unavailable.&quot; The GraphSharp.Test is also not showned correctly.</p>\r\n<p>Since I am not quite familiar with the graphic objects, it would be nice if anyone can provide me with simple examples which can show key features of GraphSharp and QuickGraph.</p>\r\n<p>Thanks</p>",
    "PostedDate": "2010-07-12T04:26:49.157-07:00",
    "UserRole": null,
    "MarkedAsAnswerDate": null
  },
  {
    "Id": "466255",
    "ThreadId": "219131",
    "Html": "<p>The errors are basically what it says: you got the express version, some of the features found in this solution aren't supported. These features, however, are not needed to succesfully build a binary, so you can continu as is.</p>\r\n<p>For examples, please see the source code, as there is one there.&nbsp;GraphSharp doesn't provide more examples. It would be nice if it did though. Anyhow, if you have any questions, just ask here.</p>",
    "PostedDate": "2010-07-12T04:49:02.58-07:00",
    "UserRole": null,
    "MarkedAsAnswerDate": null
  }
]