[
  {
    "Id": "853896",
    "ThreadId": "361005",
    "Html": "\r\n<p>I'm unable to get a GraphLayout to render in design mode.&nbsp; I get an ArgumentNull exception with the stack trace running through MS.Internal.Designer.DesignerPane.LoadDesignerView and ultimately failing at System.RuntimeType.MakeGenericType(Type[]).</p>\r\n<p>I would appreciate any suggestions as to how to solve this one.&nbsp; Its not critical but an inconvenience when working with the designer.</p>\r\n<p>Here is my xaml.&nbsp; When commented out, the designer loads without error.</p>\r\n<div style=\"color:black; background-color:white\">\r\n<pre><div style=\"color:black; background-color:white\"><pre><span style=\"color:blue\">&lt;</span><span style=\"color:#a31515\">local</span><span style=\"color:blue\">:</span><span style=\"color:#a31515\">MyGraphLayout</span> \r\n<span style=\"color:red\">Graph</span><span style=\"color:blue\">=</span><span style=\"color:black\">&quot;</span><span style=\"color:blue\">{Binding Path=MyGraph, Mode=OneTime}</span><span style=\"color:black\">&quot;</span> <span style=\"color:red\">LayoutAlgorithmType</span><span style=\"color:blue\">=</span><span style=\"color:black\">&quot;</span><span style=\"color:blue\">ISOM</span><span style=\"color:black\">&quot;</span> \r\n<span style=\"color:red\">LayoutMode</span><span style=\"color:blue\">=</span><span style=\"color:black\">&quot;</span><span style=\"color:blue\">Simple</span><span style=\"color:black\">&quot;</span> \r\n<span style=\"color:red\">OverlapRemovalAlgorithmType</span><span style=\"color:blue\">=</span><span style=\"color:black\">&quot;</span><span style=\"color:blue\">FSA</span><span style=\"color:black\">&quot;</span> <span style=\"color:red\">OverlapRemovalContraint</span><span style=\"color:blue\">=</span><span style=\"color:black\">&quot;</span><span style=\"color:blue\">Automatic</span><span style=\"color:black\">&quot;</span><span style=\"color:blue\">/&gt;</span>\r\n</pre>\r\n</div>\r\n</pre>\r\n</div>\r\n<p>The graph layout class is pretty simple as well:</p>\r\n<p></p>\r\n<div style=\"color:black; background-color:white\">\r\n<pre><span style=\"color:blue\">public</span> <span style=\"color:blue\">class</span> MyGraphLayout : GraphLayout&lt;MyVertex, MyEdge, MyGraph&gt;\r\n{\r\n   <span style=\"color:blue\">public</span> MyGraphLayout()\r\n   {\r\n      <span style=\"color:green\">//if(DesignerProperties.GetIsInDesignMode(this)) </span>\r\n      { \r\n            <span style=\"color:green\">/* sample data */</span> \r\n      }\r\n   }\r\n}\r\n</pre>\r\n</div>\r\n<p></p>\r\n<p>Where: </p>\r\n<div style=\"color:black; background-color:white\">\r\n<pre>MyEdge : TypedEdge&lt;MyVertex&gt;<br>MyGraph : BidirectionalGraph&lt;MyVertex, MyEdge&gt;\r\n&nbsp;<br><br><br></pre>\r\n</div>\r\n<p></p>\r\n<p>&nbsp;</p>\r\n",
    "PostedDate": "2012-06-26T09:13:00.333-07:00",
    "UserRole": null,
    "MarkedAsAnswerDate": null
  }
]