[
  {
    "Id": "519489",
    "ThreadId": "234060",
    "Html": "\r\n<p>If I have two instances of a graphlayout control displayed on a control <strong>\r\nand </strong>I have enabled highlight triggers for mouse over events I get an unhandled exception.</p>\r\n<p>The crash occurs at GraphElementControl.cs line 142</p>\r\n<p>&nbsp;&nbsp;&nbsp; &nbsp;&nbsp;&nbsp; internal static void SetIsHighlighted( DependencyObject obj, bool value )<br>\r\n&nbsp;&nbsp;&nbsp; &nbsp;&nbsp;&nbsp; {<br>\r\n&nbsp;&nbsp;&nbsp; &nbsp;&nbsp;&nbsp; &nbsp;&nbsp;&nbsp; obj.SetValue( IsHighlightedPropertyKey, value );<br>\r\n&nbsp;&nbsp;&nbsp; &nbsp;&nbsp;&nbsp; }</p>\r\n<p>this is the exception</p>\r\n<p>&quot;'{DependencyProperty.UnsetValue}' is not a valid value for property 'BorderBrush'.&quot;</p>\r\n<p>&nbsp;</p>\r\n<p>Has anyone else seen this, or has anyone run into issues with multiple graphlayouts?</p>\r\n",
    "PostedDate": "2010-11-09T10:51:05.503-08:00",
    "UserRole": null,
    "MarkedAsAnswerDate": null
  }
]