[
  {
    "Id": "1450577",
    "ThreadId": "646859",
    "Html": "Simply, is node X connected to node Y?  If so what is the shortest/optimal path?  What are the other paths?\r<br />\n<br />\nMichael.\r<br />\n<br />\np.s. Is this the same as asking if there is a software layer that answers the &quot;shortest path&quot; problem for Graph#?<br />\n",
    "PostedDate": "2015-10-31T11:25:30.97-07:00",
    "UserRole": null,
    "MarkedAsAnswerDate": null
  },
  {
    "Id": "1450813",
    "ThreadId": "646859",
    "Html": "This can be solved by QuickGraph which is used for actual data Graph tree representation. Look for the extension methods of the Graph there are many short path algorithms.<br />\n",
    "PostedDate": "2015-11-03T23:19:33.75-08:00",
    "UserRole": null,
    "MarkedAsAnswerDate": null
  }
]