[
  {
    "Id": "263316",
    "ThreadId": "77019",
    "Html": "<p><strong>Question One</strong></p>\r\n<p>How do I style the vertices? The Sample application is too complicated, but I want to do the same thing - make a background and a border.</p>\r\n<p>&nbsp;</p>\r\n<p><strong>Question Two</strong></p>\r\n<p>Is there a way to label the edges? My senario requires me to label the relationships between the vertices.</p>\r\n<p>&nbsp;</p>\r\n<p>Thanks,</p>\r\n<p>ethicalhacker</p>",
    "PostedDate": "2009-12-03T10:48:58.167-08:00",
    "UserRole": null,
    "MarkedAsAnswerDate": null
  }
]