[
  {
    "Id": "197268",
    "ThreadId": "58330",
    "Html": "<p>Looks like a very promissing library!</p>\r\n<p>I was wondering if it was possible to add text to an edge in the graph. If so, how would this be done?</p>",
    "PostedDate": "2009-06-03T07:23:44.293-07:00",
    "UserRole": null,
    "MarkedAsAnswerDate": null
  },
  {
    "Id": "199544",
    "ThreadId": "58330",
    "Html": "<p>I'll show it in the next turorial.</p>",
    "PostedDate": "2009-06-09T08:01:00.28-07:00",
    "UserRole": null,
    "MarkedAsAnswerDate": null
  },
  {
    "Id": "212488",
    "ThreadId": "58330",
    "Html": "<p>Hey Palesz,</p>\r\n<p>Firstly, This is an awesome library.</p>\r\n<p>I was also wondering if it would be possible to add text to an edge in the graph?</p>\r\n<p>Could you give a small example?</p>\r\n<p>It would be really helpful.</p>",
    "PostedDate": "2009-07-16T03:10:40.767-07:00",
    "UserRole": null,
    "MarkedAsAnswerDate": null
  }
]