[
  {
    "Id": "1265233",
    "ThreadId": "551406",
    "Html": "Recently i started using the amazing Graph# Lib to build a program that will display my building departments and will be able to see each of their info once i click on one of the Vertex's.\r<br />\n<br />\nNow my problem is that once i organize the nodes(Vertex's) on the GraphCanvas and after i reload the program the vertex's X&amp;Y are not the same that were before , so i would like to save the vertex's state so once i reopen the program , the graph will be the same.\r<br />\n<br />\nI tried to use the <br />\n<pre><code>GraphCanvas.getX/Y + GraphCanvas.setX/Y \n</code></pre>\n\nbut that didn't worked for me at all.\r<br />\n<br />\nif anyone got a suggestion on what to do or even better , another way to implement the solution to my problem , that would be awesome :)\r<br />\n<br />\nThanks Heads up everyone <br />\n",
    "PostedDate": "2014-07-13T05:09:26.157-07:00",
    "UserRole": null,
    "MarkedAsAnswerDate": null
  }
]