[
  {
    "Id": "200813",
    "ThreadId": "59315",
    "Html": "<p>Hey guys!</p>\r\n<p>I finally managed to get the graph visualized in Windows Forms, but now I was wondering if I coud add events to the graphical representation, like for example, that when I clicl a vertex, a messagebox pops up. How should I apporach this, since the Graph object doesnt seem to have event handling?</p>",
    "PostedDate": "2009-06-12T06:33:57.383-07:00",
    "UserRole": null,
    "MarkedAsAnswerDate": null
  },
  {
    "Id": "202657",
    "ThreadId": "59315",
    "Html": "<p><span style=\"color:#000000\">Is pretty much easy to add event to Vertex/Edge Control.</span></p>\r\n<p><span style=\"color:#000000\">VertexContro and EdgeControl derive (not directly) from&nbsp;</span><a title=UIElement href=\"http://msdn.microsoft.com/en-us/library/system.windows.uielement.aspx\"><span style=\"color:#000000\">UIElement</span></a><span style=\"color:#000000\">. So they implement a lot of pre-configured Event.</span></p>\r\n<p><span style=\"color:#000000\">To attach &nbsp;your code to an event, you could use the </span><a title=DataTemplate href=\"http://msdn.microsoft.com/en-us/library/system.windows.datatemplate.aspx\"><span style=\"color:#000000\">DataTemplate</span></a><span style=\"color:#000000\"> features of WPF</span><span style=\"color:#000000\">.</span></p>\r\n<p>For example you can add this little piece of code inside the XAML windows that contain your Graph layout.</p>\r\n<div style=\"color:Black;background-color:White\">\r\n<pre>    <span style=\"color:Blue\">&lt;</span><span style=\"color:#A31515\">DataTemplate</span> <span style=\"color:Red\">DataType</span><span style=\"color:Blue\">=</span><span style=\"color:Black\">&quot;</span><span style=\"color:Blue\">{x:Type Sample:Vertex}</span><span style=\"color:Black\">&quot;</span><span style=\"color:Blue\">&gt;</span>\r\n\r\n        <span style=\"color:Blue\">&lt;</span><span style=\"color:#A31515\">TextBlock</span> <span style=\"color:Red\">MouseLeftButtonDown</span><span style=\"color:Blue\">=</span><span style=\"color:Black\">&quot;</span><span style=\"color:Blue\">Event_handler</span><span style=\"color:Black\">&quot;</span><span style=\"color:Blue\">&gt;</span>\r\n\r\n            TextBlock Content\r\n\r\n        <span style=\"color:Blue\">&lt;/</span><span style=\"color:#A31515\">TextBlock</span><span style=\"color:Blue\">&gt;</span>\r\n\r\n    <span style=\"color:Blue\">&lt;/</span><span style=\"color:#A31515\">DataTemplate</span><span style=\"color:Blue\">&gt;</span>\r\n</pre>\r\n</div>\r\n<p>Where:</p>\r\n<p><span style=\"color:#0000ff\">Sample </span>is the namespace where is coded the <span style=\"color:#0000ff\">Vertex </span>control</p>\r\n<p><span style=\"white-space:pre\"><span style=\"color:#0000ff\">Event_handler </span><span style=\"color:#000000\">is the name of the event that you have to implement into the code behind cs/vb file.</span></span></p>\r\n<p><span style=\"white-space:pre\"><span style=\"color:#000000\"><br></span></span></p>\r\n<p><span style=\"white-space:pre\"><span style=\"color:#008000\">_badang_</span></span></p>",
    "PostedDate": "2009-06-17T14:15:20.16-07:00",
    "UserRole": null,
    "MarkedAsAnswerDate": null
  },
  {
    "Id": "206335",
    "ThreadId": "59315",
    "Html": "<p>and what is the namespace of the Vertex control? I thought it was Graphsharp.Controls, but this doesnt work...</p>\r\n<p>\r\n<div style=\"color:Black;background-color:White\">\r\n<pre><span style=\"color:Blue\">&lt;</span><span style=\"color:#A31515\">UserControl</span> <span style=\"color:Red\">x:Class</span><span style=\"color:Blue\">=</span><span style=\"color:Black\">&quot;</span><span style=\"color:Blue\">PFCEditor.Diagram</span><span style=\"color:Black\">&quot;</span>\r\n             <span style=\"color:Red\">xmlns</span><span style=\"color:Blue\">=</span><span style=\"color:Black\">&quot;</span><span style=\"color:Blue\">http://schemas.microsoft.com/winfx/2006/xaml/presentation</span><span style=\"color:Black\">&quot;</span>\r\n             <span style=\"color:Red\">xmlns:x</span><span style=\"color:Blue\">=</span><span style=\"color:Black\">&quot;</span><span style=\"color:Blue\">http://schemas.microsoft.com/winfx/2006/xaml</span><span style=\"color:Black\">&quot;</span>\r\n             <span style=\"color:Red\">xmlns:graphsharp</span><span style=\"color:Blue\">=</span><span style=\"color:Black\">&quot;</span><span style=\"color:Blue\">clr-namespace:GraphSharp.Controls;assembly=GraphSharp.Controls</span><span style=\"color:Black\">&quot;</span>\r\n             <span style=\"color:Red\">xmlns:zoom</span><span style=\"color:Blue\">=</span><span style=\"color:Black\">&quot;</span><span style=\"color:Blue\">clr-namespace:WPFExtensions.Controls;assembly=WPFExtensions</span><span style=\"color:Black\">&quot;</span>\r\n             <span style=\"color:Red\">Height</span><span style=\"color:Blue\">=</span><span style=\"color:Black\">&quot;</span><span style=\"color:Blue\">300</span><span style=\"color:Black\">&quot;</span> <span style=\"color:Red\">Width</span><span style=\"color:Blue\">=</span><span style=\"color:Black\">&quot;</span><span style=\"color:Blue\">300</span><span style=\"color:Black\">&quot;</span>\r\n             <span style=\"color:Red\">x:Name</span><span style=\"color:Blue\">=</span><span style=\"color:Black\">&quot;</span><span style=\"color:Blue\">root</span><span style=\"color:Black\">&quot;</span><span style=\"color:Blue\">&gt;</span>\r\n    <span style=\"color:Blue\">&lt;</span><span style=\"color:#A31515\">Grid</span><span style=\"color:Blue\">&gt;</span>\r\n        <span style=\"color:Blue\">&lt;</span><span style=\"color:#A31515\">zoom</span><span style=\"color:Blue\">:</span><span style=\"color:#A31515\">ZoomControl</span><span style=\"color:Blue\">&gt;</span>\r\n            <span style=\"color:Blue\">&lt;</span><span style=\"color:#A31515\">graphsharp</span><span style=\"color:Blue\">:</span><span style=\"color:#A31515\">GraphLayout</span> <span style=\"color:Red\">x:Name</span><span style=\"color:Blue\">=</span><span style=\"color:Black\">&quot;</span><span style=\"color:Blue\">graphLayout</span><span style=\"color:Black\">&quot;</span>\r\n                                    <span style=\"color:Red\">Graph</span><span style=\"color:Blue\">=</span><span style=\"color:Black\">&quot;</span><span style=\"color:Blue\">{Binding ElementName=root,Path=GraphToVisualize}</span><span style=\"color:Black\">&quot;</span>\r\n                                    <span style=\"color:Red\">LayoutAlgorithmType</span><span style=\"color:Blue\">=</span><span style=\"color:Black\">&quot;</span><span style=\"color:Blue\">KK</span><span style=\"color:Black\">&quot;</span>\r\n                                    <span style=\"color:Red\">OverlapRemovalAlgorithmType</span><span style=\"color:Blue\">=</span><span style=\"color:Black\">&quot;</span><span style=\"color:Blue\">FSA</span><span style=\"color:Black\">&quot;</span> <span style=\"color:Blue\">/&gt;</span>\r\n        <span style=\"color:Blue\">&lt;/</span><span style=\"color:#A31515\">zoom</span><span style=\"color:Blue\">:</span><span style=\"color:#A31515\">ZoomControl</span><span style=\"color:Blue\">&gt;</span>\r\n    <span style=\"color:Blue\">&lt;/</span><span style=\"color:#A31515\">Grid</span><span style=\"color:Blue\">&gt;</span>\r\n    <span style=\"color:Blue\">&lt;</span><span style=\"color:#A31515\">UserControl.Resources</span><span style=\"color:Blue\">&gt;</span>\r\n        <span style=\"color:Blue\">&lt;</span><span style=\"color:#A31515\">DataTemplate</span> <span style=\"color:Red\">DataType</span><span style=\"color:Blue\">=</span><span style=\"color:Black\">&quot;</span><span style=\"color:Blue\">{x:Type graphsharp:Vertex}</span><span style=\"color:Black\">&quot;</span><span style=\"color:Blue\">&gt;</span>\r\n            <span style=\"color:Blue\">&lt;</span><span style=\"color:#A31515\">TextBlock</span> <span style=\"color:Red\">MouseLeftButtonDown</span><span style=\"color:Blue\">=</span><span style=\"color:Black\">&quot;</span><span style=\"color:Blue\">TextBlock_MouseLeftButtonDown</span><span style=\"color:Black\">&quot;</span> <span style=\"color:Blue\">/&gt;</span>\r\n        <span style=\"color:Blue\">&lt;/</span><span style=\"color:#A31515\">DataTemplate</span><span style=\"color:Blue\">&gt;</span>\r\n    <span style=\"color:Blue\">&lt;/</span><span style=\"color:#A31515\">UserControl.Resources</span><span style=\"color:Blue\">&gt;</span>\r\n<span style=\"color:Blue\">&lt;/</span><span style=\"color:#A31515\">UserControl</span><span style=\"color:Blue\">&gt;</span>\r\n</pre>\r\n</div>\r\n</p>\r\n<p>Or maybe you meant...? (But it doesnt work either :( )</p>\r\n<p>\r\n<div style=\"color:Black;background-color:White\">\r\n<pre>        <span style=\"color:Blue\">&lt;</span><span style=\"color:#A31515\">DataTemplate</span> <span style=\"color:Red\">DataType</span><span style=\"color:Blue\">=</span><span style=\"color:Black\">&quot;</span><span style=\"color:Blue\">{x:Type graphsharp:VertexControl}</span><span style=\"color:Black\">&quot;</span><span style=\"color:Blue\">&gt;</span>\r\n</pre>\r\n</div>\r\n<br></p>",
    "PostedDate": "2009-06-28T07:00:20.49-07:00",
    "UserRole": null,
    "MarkedAsAnswerDate": null
  },
  {
    "Id": "206374",
    "ThreadId": "59315",
    "Html": "<p>in your case i think you should use the 'state' class (based on the <a href=\"http://graphsharp.codeplex.com/Thread/View.aspx?ThreadId=60657\">other discussion</a>)</p>",
    "PostedDate": "2009-06-28T13:11:06.22-07:00",
    "UserRole": null,
    "MarkedAsAnswerDate": null
  },
  {
    "Id": "206377",
    "ThreadId": "59315",
    "Html": "<p>Exactly! The code that worked was this</p>\r\n<div style=\"color:Black;background-color:White\">\r\n<pre>        <span style=\"color:Blue\">&lt;</span><span style=\"color:#A31515\">DataTemplate</span> <span style=\"color:Red\">DataType</span><span style=\"color:Blue\">=</span><span style=\"color:Black\">&quot;</span><span style=\"color:Blue\">{x:Type PFCEditor:State}</span><span style=\"color:Black\">&quot;</span><span style=\"color:Blue\">&gt;</span><br>            <span style=\"color:Blue\">&lt;</span><span style=\"color:#A31515\">TextBlock</span> <span style=\"color:Red\">MouseLeftButtonDown</span><span style=\"color:Blue\">=</span><span style=\"color:Black\">&quot;</span>TextBlock_MouseLeftButtonDown<span style=\"color:Black\">&quot;</span> <span style=\"color:Blue\">/&gt;</span><br>        <span style=\"color:Blue\">&lt;/</span><span style=\"color:#A31515\">DataTemplate</span><span style=\"color:Blue\">&gt;</span><br></pre>\r\n</div>\r\n<p>But not I find another problem: when I raise the event, the &quot;sender&quot; is identified as a TextBlock, and I need to access to the state stored in that VertexControl.</p>\r\n<p>&nbsp;</p>\r\n<div style=\"color:Black;background-color:White\">\r\n<pre>        <span style=\"color:Blue\">private</span> <span style=\"color:Blue\">void</span> TextBlock_MouseLeftButtonDown(<span style=\"color:Blue\">object</span> sender, MouseButtonEventArgs e)<br>        {<br>            MessageBox.Show(sender.getType().ToString());<br>        }<br></pre>\r\n</div>\r\n<p>&nbsp;</p>\r\n<p>How could I achieve that? :(</p>",
    "PostedDate": "2009-06-28T14:25:32.867-07:00",
    "UserRole": null,
    "MarkedAsAnswerDate": null
  },
  {
    "Id": "206499",
    "ThreadId": "59315",
    "Html": "<p>That's rather a WPF question than a Graph# question, but...</p>\r\n<p>There's 2 simple solution:</p>\r\n<ol>\r\n<li>TextBlock.DataContext or</li>\r\n<li>Bind it to the TextBlock's Tag property with\r\n<div style=\"color:Black;background-color:White\">\r\n<pre><span style=\"color:Blue\">&lt;</span><span style=\"color:#A31515\">TextBlock</span> <span style=\"color:Red\">...</span> <span style=\"color:Red\">Tag</span><span style=\"color:Blue\">=</span><span style=\"color:Black\">&quot;</span><span style=\"color:Blue\">{Binding}</span><span style=\"color:Black\">&quot;</span> <span style=\"color:Blue\">/&gt;</span>\r\n</pre>\r\n</div>\r\nthis, so you can access it through the TextBlock.Tag</li>\r\n</ol>\r\n<p>palesz</p>",
    "PostedDate": "2009-06-29T01:51:11.127-07:00",
    "UserRole": null,
    "MarkedAsAnswerDate": null
  },
  {
    "Id": "212465",
    "ThreadId": "59315",
    "Html": "<p>Hello,</p>\r\n<p>i would like to do nearly the same thing, i.e. showing a contextual menu when right-clicking a vertex.</p>\r\n<p>I use a simple&nbsp;<span style=\"color:#2b91af;font-size:x-small\"><span style=\"color:#2b91af;font-size:x-small\">BidirectionalGraph</span></span><span style=\"font-size:x-small\">&lt;</span><span style=\"color:#0000ff;font-size:x-small\"><span style=\"color:#0000ff;font-size:x-small\">string</span></span><span style=\"font-size:x-small\">, </span><span style=\"color:#2b91af;font-size:x-small\"><span style=\"color:#2b91af;font-size:x-small\">IEdge</span></span><span style=\"font-size:x-small\">&lt;</span><span style=\"color:#0000ff;font-size:x-small\"><span style=\"color:#0000ff;font-size:x-small\">string</span></span><span style=\"font-size:x-small\">&gt;&gt; but i can't figure out what to put in my datatemplate's datatype.</span></p>\r\n<p>I've tried the following:</p>\r\n<p><span style=\"color:#a31515;font-size:x-small\"><span style=\"color:#a31515;font-size:x-small\">DataTemplate</span></span><span style=\"color:#ff0000;font-size:x-small\"><span style=\"color:#ff0000;font-size:x-small\"> DataType</span></span><span style=\"color:#0000ff;font-size:x-small\"><span style=\"color:#0000ff;font-size:x-small\">=&quot;{</span></span><span style=\"color:#a31515;font-size:x-small\"><span style=\"color:#a31515;font-size:x-small\">x</span></span><span style=\"color:#0000ff;font-size:x-small\"><span style=\"color:#0000ff;font-size:x-small\">:</span></span><span style=\"color:#a31515;font-size:x-small\"><span style=\"color:#a31515;font-size:x-small\">Type</span></span><span style=\"color:#ff0000;font-size:x-small\"><span style=\"color:#ff0000;font-size:x-small\"> QuickGraph</span></span><span style=\"color:#0000ff;font-size:x-small\"><span style=\"color:#0000ff;font-size:x-small\">:</span></span><span style=\"color:#ff0000;font-size:x-small\"><span style=\"color:#ff0000;font-size:x-small\">TVertex</span></span><span style=\"color:#0000ff;font-size:x-small\"><span style=\"color:#0000ff;font-size:x-small\">}&quot;&gt;</span></span><span style=\"color:#a31515;font-size:x-small\"><span style=\"color:#a31515;font-size:x-small\"> </span></span></p>\r\n<p><span style=\"color:#0000ff;font-size:x-small\"><span style=\"color:#0000ff;font-size:x-small\">&lt;</span></span><span style=\"color:#a31515;font-size:x-small\"><span style=\"color:#a31515;font-size:x-small\">TextBlock</span></span><span style=\"color:#ff0000;font-size:x-small\"><span style=\"color:#ff0000;font-size:x-small\"> MouseRightButtonDown</span></span><span style=\"color:#0000ff;font-size:x-small\"><span style=\"color:#0000ff;font-size:x-small\">=&quot;MouseRightClick&quot;/&gt;</span></span><span style=\"color:#a31515;font-size:x-small\"><span style=\"color:#a31515;font-size:x-small\"> </span></span></p>\r\n<p><span style=\"color:#0000ff;font-size:x-small\"><span style=\"color:#0000ff;font-size:x-small\">&lt;/</span></span><span style=\"color:#a31515;font-size:x-small\"><span style=\"color:#a31515;font-size:x-small\">DataTemplate</span></span><span style=\"color:#0000ff;font-size:x-small\"><span style=\"color:#0000ff;font-size:x-small\">&gt;</span></span></p>\r\n<p>&nbsp;</p>\r\n<p><span style=\"color:#000000\">and:</span></p>\r\n<p><span style=\"color:#0000ff;font-size:x-small\"><span style=\"color:#0000ff;font-size:x-small\">\r\n<p><span style=\"color:#0000ff;font-size:x-small\">&nbsp;</span></p>\r\n</span></span></p>\r\n<p><span style=\"color:#a31515;font-size:x-small\"><span style=\"color:#a31515;font-size:x-small\">&lt;DataTemplate</span></span><span style=\"color:#ff0000;font-size:x-small\"><span style=\"color:#ff0000;font-size:x-small\"> DataType</span></span><span style=\"color:#0000ff;font-size:x-small\"><span style=\"color:#0000ff;font-size:x-small\">=&quot;String</span></span><span style=\"color:#0000ff;font-size:x-small\"><span style=\"color:#0000ff;font-size:x-small\">&quot;&gt;</span></span><span style=\"color:#a31515;font-size:x-small\"><span style=\"color:#a31515;font-size:x-small\"> </span></span></p>\r\n<p><span style=\"color:#000000\">but these don't work.</span></p>\r\n<p><span style=\"color:#000000\">How can I do that?</span></p>\r\n<p><span style=\"color:#000000\">thanks.</span></p>\r\n<p>&nbsp;</p>",
    "PostedDate": "2009-07-16T01:26:49.14-07:00",
    "UserRole": null,
    "MarkedAsAnswerDate": null
  }
]