[
  {
    "Id": "196110",
    "ThreadId": "58000",
    "Html": "<p>Hi again,</p>\r\n<p>The current version is targeted at .NET 3.5 and WPF oriented, is there any chance of a .NET 2.0 / Win Forms version coming up?</p>\r\n<p>Actually I'm just interested in a .NET 2.0 version for the graph layout engine (mainly because I don't want the whopping .NET 3.5 download for my modest business app).</p>\r\n<p>&nbsp;</p>\r\n<p>Gracias,</p>\r\n<p>Wout</p>",
    "PostedDate": "2009-05-31T03:49:55.403-07:00",
    "UserRole": null,
    "MarkedAsAnswerDate": null
  },
  {
    "Id": "196133",
    "ThreadId": "58000",
    "Html": "<p>Sorry, but I don't plan to support WinForms / .NET 2.0. It would be a lot of work, to backport this component (especially the GraphLayout control).</p>",
    "PostedDate": "2009-05-31T06:26:12.57-07:00",
    "UserRole": null,
    "MarkedAsAnswerDate": null
  },
  {
    "Id": "200519",
    "ThreadId": "58000",
    "Html": "<p>But if you can use .NET 3.5, you can host the WPF based GraphLayout control in an ElementHost in your WinForm application.</p>",
    "PostedDate": "2009-06-11T11:33:14.023-07:00",
    "UserRole": null,
    "MarkedAsAnswerDate": null
  },
  {
    "Id": "428856",
    "ThreadId": "58000",
    "Html": "<p>i do the same as i draw a graph xmal and used it in winform using elementhost but it will not show the graph on winform...</p>\r\n<p>&nbsp;</p>",
    "PostedDate": "2010-04-08T08:33:11.947-07:00",
    "UserRole": null,
    "MarkedAsAnswerDate": null
  }
]