[
  {
    "Id": "482281",
    "ThreadId": "224094",
    "Html": "<p>Hi,</p>\r\n<p>I am using Northwoods' GoDiagram WinForm control to present visual graphs.</p>\r\n<p>GoDiagram has implementation for automatically layout graph nodes and links with algorithms like Tree, ForcedDirected, LayeredDegraph and Random.</p>\r\n<p>&nbsp;</p>\r\n<p>I would like to use Graph# auto layout algorithms to layout GoDiagram graphs.</p>\r\n<p>&nbsp;</p>\r\n<p>It is possible to do that?</p>\r\n<p>Thank you,</p>\r\n<p>Ido.</p>\r\n<p>&nbsp;</p>",
    "PostedDate": "2010-08-19T05:05:10.853-07:00",
    "UserRole": null,
    "MarkedAsAnswerDate": null
  },
  {
    "Id": "495279",
    "ThreadId": "224094",
    "Html": "<p>I have the same question. But I think this project is not active because they have not replied to your question even after 1 month</p>",
    "PostedDate": "2010-09-17T17:59:09.35-07:00",
    "UserRole": null,
    "MarkedAsAnswerDate": null
  }
]