[
  {
    "Id": "927977",
    "ThreadId": "399731",
    "Html": "\r\n<p>Hi folks</p>\r\n<p>I'm currently writing a <strong>Visual Studio Package/Plugin</strong> which will display a graph. For that reason I want to use the Graph# library but unfortunately my project cannot load the Graph# assemblies. Is this because the assemblies have to be loaded\r\n another way round when writing a plugin?</p>\r\n<p>In the XAML when I use the GraphLayout control I get the following <strong>XamlParseException:</strong></p>\r\n<p><strong>Could not load file or assembly 'GraphSharp.Controls, PublicKeyToken=null' or one of its dependencies. The system cannot find the file.</strong></p>\r\n<p>But I referenced the assemblies, they are listed in the references list. What's the problem? Could it be that assemblies have to be referenced another way round than usual when writing a&nbsp;<strong>Visual Studio Package</strong>?</p>\r\n<p>I asked this question in more detail on Stackoverflow under&nbsp;<a href=\"http://stackoverflow.com/questions/12931510/xamlparseexception-when-using-graph-libraries\">http://stackoverflow.com/questions/12931510/xamlparseexception-when-using-graph-libraries</a>.\r\n Please feel free to help me out with this issue there or here.</p>\r\n<p>Thanks in advance!<br>\r\nCheers</p>\r\n",
    "PostedDate": "2012-10-17T05:06:39.8-07:00",
    "UserRole": null,
    "MarkedAsAnswerDate": null
  },
  {
    "Id": "929420",
    "ThreadId": "399731",
    "Html": "<p>Hey guys</p>\r\n<p>I was able to solve the problem. For the solution click the StackOverflow link above.</p>",
    "PostedDate": "2012-10-19T07:17:51.243-07:00",
    "UserRole": null,
    "MarkedAsAnswerDate": null
  }
]