[
  {
    "Id": "915494",
    "ThreadId": "396337",
    "Html": "\r\n<p><span style=\"color:#000000; font-family:'Segoe UI','Microsoft Sans Serif',Arial,Geneva,sans-serif; font-size:13px; font-style:normal; font-variant:normal; font-weight:normal; letter-spacing:normal; line-height:normal; orphans:2; text-align:start; text-indent:0px; text-transform:none; white-space:normal; widows:2; word-spacing:0px; background-color:#ffffff; display:inline!important; float:none\">Have\r\n anyone used this for layout graphs as images in asp.net web applications? A very simple example to start with would be great<br>\r\n</span></p>\r\n",
    "PostedDate": "2012-09-20T20:12:50.983-07:00",
    "UserRole": null,
    "MarkedAsAnswerDate": null
  }
]