[
  {
    "Id": "525298",
    "ThreadId": "235580",
    "Html": "\r\n<p>Hi there,</p>\r\n<p>i've just spotted the compound FPD layout algorithm which looks nice, however i was disappointed not to find a compound tree - has anyone implemented one?</p>\r\n<p>Looking at the FDP code it looks like a far bigger task than i'd have thought to implement a layout algorithm</p>\r\n<p>Or is there some way of mocking up a similar effect (e.g. using a data template in wpf which adds child zoom/graph components)?</p>\r\n<p>any advice appreciated</p>\r\n<p>David</p>\r\n",
    "PostedDate": "2010-11-22T06:33:01.193-08:00",
    "UserRole": null,
    "MarkedAsAnswerDate": null
  },
  {
    "Id": "532822",
    "ThreadId": "235580",
    "Html": "\r\n<p>just a quick note on a hack</p>\r\n<p>i've been able to get a compound tree working by setting <span style=\"color:#000000\">\r\nthe&nbsp; DataTemplate for a vertex to contain another graph component. The trick to getting it to work is not to nest Zoom controls as there is&nbsp;a bug in that control which prevents it working. and also to ensure that the first graph is fully loaded and\r\n displayed before you add inner graphs for each of its vertex, other than this it all works :)</span></p>\r\n<p><span style=\"color:#000000\">David</span></p>\r\n",
    "PostedDate": "2010-12-08T05:13:36.98-08:00",
    "UserRole": null,
    "MarkedAsAnswerDate": null
  }
]