[
  {
    "Id": "1220241",
    "ThreadId": "538282",
    "Html": "Hi,\r<br />\n<br />\nCan someone help me with that - I want to stick to Graph # and not use other library such as graphx (due to my project complexity).\r<br />\n<br />\nHow can hide this arrows for undirected graphs ? \r<br />\n<br />\nThanks,\r<br />\nShimon<br />\n",
    "PostedDate": "2014-03-07T04:01:25.537-08:00",
    "UserRole": null,
    "MarkedAsAnswerDate": null
  },
  {
    "Id": "1220304",
    "ThreadId": "538282",
    "Html": "Hi, you have to look in <strong>EdgeRouteToPathConverter.cs</strong> converter. There are routines for creating path objects including arrows. Optionaly, if you want to switch arrows on/off you can provide additional parameter into this converter (as it is multibinding).<br />\n<br />\nIf i'm correct this one is for arrow drawing:<br />\n<pre><code>pfc.Add( new PathFigure( p2,\n    new PathSegment[] {\n        new LineSegment(p2+v - n, true),\n             new LineSegment(p2+v+n, true)}, true ) );</code></pre>\n\nAnd this is an example for binding addditional value using custom bool value in <strong>DataEdge</strong>:<br />\n<pre><code>&lt;Binding RelativeSource=&quot;{RelativeSource TemplatedParent}&quot;\n        Path=&quot;Edge.SomeBoolValue&quot; /&gt;</code></pre>\n\n",
    "PostedDate": "2014-03-07T06:34:03.56-08:00",
    "UserRole": null,
    "MarkedAsAnswerDate": null
  },
  {
    "Id": "1220379",
    "ThreadId": "538282",
    "Html": "Thanks,\r<br />\n<br />\nI found the function in the graph# source :<br />\n<pre><code>        public object Convert( object[] values, Type targetType, object parameter, System.Globalization.CultureInfo culture )\n        {\n            Debug.Assert( values != null &amp;&amp; values.Length == 9, &quot;EdgeRouteToPathConverter should have 9 parameters: pos (1,2), size (3,4) of source; pos (5,6), size (7,8) of target; routeInformation (9).&quot; );\n\n            #region Get the inputs\n            //get the position of the source\n            ......\n\n\n            #endregion\n            bool hasRouteInfo = routeInformation != null &amp;&amp; routeInformation.Length &gt; 0;\n\n            //\n            // Create the path\n            //\n            Point p1 = GraphConverterHelper.CalculateAttachPoint( sourcePos, sourceSize, ( hasRouteInfo ? routeInformation[0] : targetPos ) );\n            Point p2 = GraphConverterHelper.CalculateAttachPoint( targetPos, targetSize, ( hasRouteInfo ? routeInformation[routeInformation.Length - 1] : sourcePos ) );\n\n\n            PathSegment[] segments = new PathSegment[1 + ( hasRouteInfo ? routeInformation.Length : 0 )];\n            if ( hasRouteInfo )\n                //append route points\n                for ( int i = 0; i &lt; routeInformation.Length; i++ )\n                    segments[i] = new LineSegment( routeInformation[i], true );\n\n            Point pLast = ( hasRouteInfo ? routeInformation[routeInformation.Length - 1] : p1 );\n            Vector v = pLast - p2;\n            v = v / v.Length * 5;\n            Vector n = new Vector( -v.Y, v.X ) * 0.3;\n\n            segments[segments.Length - 1] = new LineSegment( p2 + v, true );\n\n            PathFigureCollection pfc = new PathFigureCollection( 2 );\n            pfc.Add( new PathFigure( p1, segments, false ) );\n            __pfc.Add( new PathFigure( p2,\n                                     new PathSegment[] {\n                                                        new LineSegment(p2 + v - n, true),\n                                                        new LineSegment(p2 + v + n, true)}, true ) );\n            \n            return pfc;__\n        }</code></pre>\n\nBut I don't understand what are the parameters and what exactly to change ?\r<br />\nAnother question, If i want to add this additional  parameter to switch arrows on/off, than after I'm compiling the dlls and adding them to my project\r<br />\nWhere I'm mentioning in the code this switch ? <br />\n",
    "PostedDate": "2014-03-07T09:53:36.11-08:00",
    "UserRole": null,
    "MarkedAsAnswerDate": null
  },
  {
    "Id": "1220388",
    "ThreadId": "538282",
    "Html": "The code switch must be implemented in Generic.xaml template file. EdgeControl template. You'll see similar bindings there.\r<br />\n<br />\nI've pointed where to look for arrows code in the previous post. You choose to add or not to add this code based on the input parameter.<br />\n",
    "PostedDate": "2014-03-07T10:11:09.267-08:00",
    "UserRole": null,
    "MarkedAsAnswerDate": null
  }
]