[
  {
    "Id": "259119",
    "ThreadId": "75738",
    "Html": "<p>I have a very basic question that I'm almost too embarrassed to ask... Having used the sample application to experiment with the various algorithms and parameters, I need to set up my GraphControl to match my chosen settings. I want to use the EfficientSugiyama algorithm and set the Layer and Vertex gaps, and also choose Orthogonal edge routing, but I can't for the life of me work out how to do this in XAML.</p>\r\n<p>Can someone post a sample bit of XAML that sets these kinds of parameters?</p>\r\n<p>Thanks,</p>\r\n<p>Graeme.</p>\r\n<p>&nbsp;</p>",
    "PostedDate": "2009-11-20T09:11:38.393-08:00",
    "UserRole": null,
    "MarkedAsAnswerDate": null
  },
  {
    "Id": "259843",
    "ThreadId": "75738",
    "Html": "<p>I <a id=\"ctl00_ctl00_MasterContent_Content_PostRepeater_ctl00_UserNameLink\" style=\"text-decoration:underline;color:#3e62a6\" href=\"http://www.codeplex.com/site/users/view/GraemeF\">GraemeF</a>&nbsp;do not worry about &quot;stupid questions&quot; we are here to learn and help other developers.</p>\r\n<p>Try with this XAML code-snippet:</p>\r\n<div style=\"color:Black;background-color:White\">\r\n<pre>            <span style=\"color:Blue\">&lt;</span><span style=\"color:#A31515\">Sample</span><span style=\"color:Blue\">:</span><span style=\"color:#A31515\">MyGraphLayout</span> <span style=\"color:Red\">x:Name</span><span style=\"color:Blue\">=</span><span style=\"color:Black\">&quot;</span><span style=\"color:Blue\">layout</span><span style=\"color:Black\">&quot;</span>\r\n                                  <span style=\"color:Red\">LayoutAlgorithmType</span><span style=\"color:Blue\">=</span><span style=\"color:Black\">&quot;</span><span style=\"color:Blue\">EfficientSugiyama </span><span style=\"color:Black\">&quot;</span>\r\n                                  <span style=\"color:Red\">Graph</span><span style=\"color:Blue\">=</span><span style=\"color:Black\">&quot;</span><span style=\"color:Blue\">{Binding}</span><span style=\"color:Black\">&quot;</span><span style=\"color:Blue\">&gt;</span>\r\n                <span style=\"color:Blue\">&lt;</span><span style=\"color:#A31515\">Sample</span><span style=\"color:Blue\">:</span><span style=\"color:#A31515\">MyGraphLayout.LayoutParameters</span><span style=\"color:Blue\">&gt;</span>\r\n                    <span style=\"color:Blue\">&lt;</span><span style=\"color:#A31515\">sugiyama</span><span style=\"color:Blue\">:</span><span style=\"color:#A31515\">EfficientSugiyamaLayoutParameters</span>\r\n                        <span style=\"color:Red\">LayerDistance</span><span style=\"color:Blue\">=</span><span style=\"color:Black\">&quot;</span><span style=\"color:Blue\">2.0</span><span style=\"color:Black\">&quot;</span>\r\n                        <span style=\"color:Red\">VertexDistance</span><span style=\"color:Blue\">=</span><span style=\"color:Black\">&quot;</span><span style=\"color:Blue\">2.3</span><span style=\"color:Black\">&quot;</span>\r\n                        <span style=\"color:Red\">EdgeRouting</span><span style=\"color:Blue\">=</span><span style=\"color:Black\">&quot;</span><span style=\"color:Blue\">Orthogonal</span><span style=\"color:Black\">&quot;</span><span style=\"color:Blue\">&gt;</span>\r\n                    <span style=\"color:Blue\">&lt;/</span><span style=\"color:#A31515\">sugiyama</span><span style=\"color:Blue\">:</span><span style=\"color:#A31515\">EfficientSugiyamaLayoutParameters</span><span style=\"color:Blue\">&gt;</span>\r\n                <span style=\"color:Blue\">&lt;/</span><span style=\"color:#A31515\">Sample</span><span style=\"color:Blue\">:</span><span style=\"color:#A31515\">MyGraphLayout.LayoutParameters</span><span style=\"color:Blue\">&gt;</span>\r\n            <span style=\"color:Blue\">&lt;/</span><span style=\"color:#A31515\">Sample</span><span style=\"color:Blue\">:</span><span style=\"color:#A31515\">MyGraphLayout</span><span style=\"color:Blue\">&gt;</span>\r\n</pre>\r\n<pre><span style=\"color:#0000ff\"><br></span></pre>\r\n<pre><span style=\"color:#0000ff\"><pre>To be able to access the EfficientSugiyamaLayoutParameters you have to add at the top of your code the reference to the correct namespace. In this case</pre>\r\n</span></pre>\r\n<pre><span style=\"color:#0000ff\"><div style=\"color:Black;background-color:White\"><pre><span style=\"white-space:pre\">\t</span>xmlns:sugiyama=&quot;clr-namespace:GraphSharp.Algorithms.Layout.Simple.Hierarchical;assembly=GraphSharp&quot;</pre>\r\n<pre></pre>\r\n<pre>Hoe this help</pre>\r\n<pre>Let us know</pre>\r\n<pre></pre>\r\n<pre>badang</pre>\r\n</div>\r\n<pre style=\"color:#000000;font-family:Consolas, 'Courier New', Courier, monospace;font-size:1em;margin:8px\"><span style=\"color:#0000ff\"><br></span></pre>\r\n</span></pre>\r\n<pre><span style=\"color:#0000ff\"><pre style=\"color:#000000;font-family:Consolas, 'Courier New', Courier, monospace;font-size:1em;margin:8px\"><span style=\"color:#a31515\"><div style=\"color:Black;background-color:White\"></div><br></span></pre>\r\n</span></pre>\r\n</div>\r\n<p>&nbsp;</p>\r\n<p>&nbsp;</p>\r\n<p>&nbsp;</p>",
    "PostedDate": "2009-11-23T08:12:17.177-08:00",
    "UserRole": null,
    "MarkedAsAnswerDate": null
  },
  {
    "Id": "260242",
    "ThreadId": "75738",
    "Html": "<p>That worked a treat! Thanks very much for your help. :)</p>",
    "PostedDate": "2009-11-24T07:48:43.067-08:00",
    "UserRole": null,
    "MarkedAsAnswerDate": null
  }
]