[
  {
    "Id": "650898",
    "ThreadId": "267374",
    "Html": "\r\n<p>Hi,</p>\r\n<p>I like to use graph sharp for a multi-touch graph visualization project.&nbsp;I highly appreciate if someone can points me to relevant methods that I should look into to replace the mouse select, drag by WPF touch up, touch move event.</p>\r\n<p>If it very hard to incorporate touch in grpahsharp, also let me know. It will save me time and I might start to write my own API for muli-touch graph&nbsp;visualization&nbsp;and exploration.</p>\r\n<p>&nbsp;</p>\r\n<p>Thank you very much for your time.</p>\r\n<p>&nbsp;</p>\r\n<p>~Zabed</p>\r\n",
    "PostedDate": "2011-08-01T19:12:15.633-07:00",
    "UserRole": null,
    "MarkedAsAnswerDate": null
  },
  {
    "Id": "843139",
    "ThreadId": "267374",
    "Html": "<p>Maybe this helps:</p>\r\n<p><a href=\"http://graphsharp.codeplex.com/discussions/357856\">http://graphsharp.codeplex.com/discussions/357856</a></p>",
    "PostedDate": "2012-05-31T07:51:58.083-07:00",
    "UserRole": null,
    "MarkedAsAnswerDate": null
  }
]