[
  {
    "Id": "651127",
    "ThreadId": "267439",
    "Html": "<p>Hello,</p>\n<p>in my app I added an event handler to the vertex control to catch the 'MouseLeftButtonDown' event.</p>\n<p>&nbsp;</p>\n<div style=\"color: black; background-color: white;\">\n<pre><span style=\"color: blue;\">&lt;</span><span style=\"color: #a31515;\">ControlTemplate</span> <span style=\"color: red;\">TargetType</span><span style=\"color: blue;\">=</span><span style=\"color: black;\">\"</span><span style=\"color: blue;\">{x:Type graphsharp:VertexControl}</span><span style=\"color: black;\">\"</span><span style=\"color: blue;\">&gt;</span>\n                        &lt;Border BorderBrush=\"LightGray\"\n                            BorderThickness=\"0\"\n                            CornerRadius=\"1,1,1,1\"\n                            <span style=\"color: #ff0000;\">MouseLeftButtonDown=<span style=\"color: #0000ff;\">\"Element_MouseLeftButtonDown\"</span></span>\n</pre>\n</div>\n<p>&nbsp;</p>\n<p>...</p>\n<p>I the code behind I cast the sender to PocVertex and retrieve an IPaddress to launch a browser.</p>\n<p>&nbsp;</p>\n<div style=\"color: black; background-color: white;\">\n<pre><span style=\"color: blue;\">private</span> <span style=\"color: blue;\">void</span> Element_MouseLeftButtonDown(<span style=\"color: blue;\">object</span> sender, MouseButtonEventArgs e)\n        {\n            <span style=\"color: blue;\">string</span> address = ((DashBoard.PocVertex)(((System.Windows.FrameworkElement)(sender)).DataContext)).IPAddress;\n           \n            <span style=\"color: blue;\">if</span> (e.ClickCount &gt; 1)\n            {\n                <span style=\"color: green;\">// View Browser...</span>\n                DashboardBrowserPage dashBoardBrowserPage = <span style=\"color: blue;\">new</span> DashboardBrowserPage(address);\n                <span style=\"color: blue;\">this</span>.NavigationService.Navigate(dashBoardBrowserPage);\n            }\n        }\n</pre>\n</div>\n<p>&nbsp;</p>\n<p>This all works as long I use the GraphSharp.Controls.dll which was provided in the GraphSharp-v1.0-release package. When I now use the souce code add that project to my project, compile it and run it&nbsp; the content of the sender changes. It returns a an object  named like my viewmodel and can't be casted to PocVertex. So I get an exception.&nbsp;</p>\n<p>Also the data binding to &lt;TextBlock Text=\"{Binding ID}\"/&gt; of the graphsharp:EdgeControl is not longer working.</p>\n<p>&lt;ToolTip x:Key=\"ToolTipContent\"&gt;<br /> &nbsp;&nbsp;&nbsp;&nbsp;&nbsp;&nbsp;&nbsp;&nbsp;&nbsp;&nbsp;&nbsp;&nbsp;&nbsp;&nbsp;&nbsp;&nbsp;&nbsp;&nbsp;&nbsp; &lt;StackPanel&gt;<br /> &nbsp;&nbsp;&nbsp;&nbsp;&nbsp;&nbsp;&nbsp;&nbsp;&nbsp;&nbsp;&nbsp;&nbsp;&nbsp;&nbsp;&nbsp;&nbsp;&nbsp;&nbsp;&nbsp;&nbsp;&nbsp;&nbsp;&nbsp; &lt;TextBlock FontWeight=\"Bold\" Text=\"Edge Information\"/&gt;<br /> &nbsp;&nbsp;&nbsp;&nbsp;&nbsp;&nbsp;&nbsp;&nbsp;&nbsp;&nbsp;&nbsp;&nbsp;&nbsp;&nbsp;&nbsp;&nbsp;&nbsp;&nbsp;&nbsp;&nbsp;&nbsp;&nbsp;&nbsp; &lt;TextBlock Text=\"{Binding ID}\"/&gt;<br /> &nbsp;&nbsp;&nbsp;&nbsp;&nbsp;&nbsp;&nbsp;&nbsp;&nbsp;&nbsp;&nbsp;&nbsp;&nbsp;&nbsp;&nbsp;&nbsp;&nbsp;&nbsp;&nbsp; &lt;/StackPanel&gt;<br /> &nbsp;&nbsp;&nbsp;&nbsp;&nbsp;&nbsp;&nbsp;&nbsp;&nbsp;&nbsp;&nbsp;&nbsp;&nbsp;&nbsp;&nbsp; &lt;/ToolTip&gt;</p>\n<p>&nbsp;</p>\n<p>Does anyone have an idea of the reason for that behaviour? Maight it have something to do with different target framworkes of the two projects? I there something to migrate when I cange it to .NET4.0?</p>\n<p>&nbsp;</p>\n<p>Thx NBT0511</p>\n<p>&nbsp;</p>\n<p>Here is some additional information which I gathered from the sender: For me it looks as it losts the connection to</p>\n<pre><span style=\"color: blue;\">graphsharp</span>. </pre>\n<p>&nbsp;</p>\n<p>OK orgiginal GraphSharp.Controls.dll:<br /><br /><br />DataContext: 192.168.0.202<br />0011FC04DA20<br /><br /><br />SenderName: Border<br />BaseType: System.Windows.Controls.Decorator<br />GUID: 90ddcb80-e12f-3a37-8f12-fb5cfb791af3<br />QualifiedName: System.Windows.Controls.Border, PresentationFramework, Version=4.0.0.0, Culture=neutral, PublicKeyToken=31bf3856ad364e35<br />FullName: System.Windows.Controls.Border<br />Namespace: System.Windows.Controls<br />UnderlyingSystemType: System.Windows.Controls.Border<br /><br /><br />new compiled GraphSharp.Controls.dll:<br /><br />DataContext: DashBoard.DshBrdHomePageViewModel<br /><br />SenderName: Border<br />BaseType: System.Windows.Controls.Decorator<br />GUID: 90ddcb80-e12f-3a37-8f12-fb5cfb791af3<br />QualifiedName: System.Windows.Controls.Border, PresentationFramework, Version=4.0.0.0, Culture=neutral, PublicKeyToken=31bf3856ad364e35<br />FullName: System.Windows.Controls.Border<br />Namespace: System.Windows.Controls<br />UnderlyingSystemType: System.Windows.Controls.Border</p>\n<p>&nbsp;</p>\n<p>&nbsp;</p>",
    "PostedDate": "2011-08-02T05:38:29.073-07:00",
    "UserRole": null,
    "MarkedAsAnswerDate": null
  },
  {
    "Id": "672284",
    "ThreadId": "267439",
    "Html": "<p>I want to come back to that Binding problem in the edges tooltip:</p>\r\n<p>...\"Also the data binding to &lt;TextBlock Text=\"{Binding ID}\"/&gt; of the graphsharp:EdgeControl is not longer working.\"</p>\r\n<p>&nbsp;</p>\r\n<p>&lt;Style TargetType=\"{x:Type graphsharp:EdgeControl}\"&gt;<br />&nbsp;&nbsp;&nbsp;&nbsp;&nbsp;&nbsp;&nbsp;&nbsp;&nbsp;&nbsp;&nbsp; &lt;Style.Resources&gt;<br />&nbsp;&nbsp;&nbsp;&nbsp;&nbsp;&nbsp;&nbsp;&nbsp;&nbsp;&nbsp;&nbsp;&nbsp;&nbsp;&nbsp;&nbsp; &lt;ToolTip x:Key=\"ToolTipContent\"&gt;<br />&nbsp;&nbsp;&nbsp;&nbsp;&nbsp;&nbsp;&nbsp;&nbsp;&nbsp;&nbsp;&nbsp;&nbsp;&nbsp;&nbsp;&nbsp;&nbsp;&nbsp;&nbsp;&nbsp; &lt;StackPanel&gt;<br />&nbsp;&nbsp;&nbsp;&nbsp;&nbsp;&nbsp;&nbsp;&nbsp;&nbsp;&nbsp;&nbsp;&nbsp;&nbsp;&nbsp;&nbsp;&nbsp;&nbsp;&nbsp;&nbsp;&nbsp;&nbsp;&nbsp;&nbsp;&nbsp;&nbsp;&nbsp;&nbsp;&nbsp;&nbsp;&nbsp;&nbsp;&nbsp;&nbsp;&nbsp;&nbsp;&nbsp;&nbsp;&nbsp;&nbsp;&nbsp;&nbsp;&nbsp;&nbsp;&nbsp;&nbsp;&nbsp;&nbsp;&nbsp;&nbsp;&nbsp;&nbsp;&nbsp;&nbsp;&nbsp; <br />&nbsp;&nbsp;&nbsp;&nbsp;&nbsp;&nbsp;&nbsp;&nbsp;&nbsp;&nbsp;&nbsp;&nbsp;&nbsp;&nbsp;&nbsp;&nbsp;&nbsp;&nbsp;&nbsp;&nbsp;&nbsp;&nbsp;&nbsp;&nbsp; &lt;TextBlock FontWeight=\"Bold\" Text=\"Edge Information\"/&gt;<br /><br />&nbsp;&nbsp;&nbsp;&nbsp;&nbsp;&nbsp;&nbsp;&nbsp;&nbsp;&nbsp;&nbsp;&nbsp;&nbsp;&nbsp;&nbsp;&nbsp;&nbsp;&nbsp;&nbsp;&nbsp;&nbsp;&nbsp;&nbsp;&nbsp; &lt;TextBlock Text=\"{Binding ID}\"/&gt;<br /><br />&nbsp;&nbsp;&nbsp;&nbsp;&nbsp;&nbsp;&nbsp;&nbsp;&nbsp;&nbsp;&nbsp;&nbsp;&nbsp;&nbsp;&nbsp;&nbsp;&nbsp;&nbsp;&nbsp; &lt;/StackPanel&gt;<br />&nbsp;&nbsp;&nbsp;&nbsp;&nbsp;&nbsp;&nbsp;&nbsp;&nbsp;&nbsp;&nbsp;&nbsp;&nbsp;&nbsp;&nbsp; &lt;/ToolTip&gt;<br />&nbsp;&nbsp;&nbsp;&nbsp;&nbsp;&nbsp;&nbsp;&nbsp;&nbsp;&nbsp;&nbsp; &lt;/Style.Resources&gt;<br />&nbsp;&nbsp;&nbsp;&nbsp;&nbsp;&nbsp;&nbsp;&nbsp;&nbsp;&nbsp;&nbsp; &lt;Setter Property=\"ToolTip\" Value=\"{StaticResource ToolTipContent}\"/&gt;<br />&nbsp;&nbsp;&nbsp;&nbsp;&nbsp;&nbsp;&nbsp; &lt;/Style&gt;</p>\r\n<p>&nbsp;</p>\r\n<p>I doublechecked that problem with the GraphSharpDemo of sachabarber.net. Also there is the same problem.</p>\r\n<p>What I found for the time being is that the DataItem for the resp. Edge-Style  changes from DataItem=&rsquo;PocEdge&rsquo; [OK] to DataItem=&rsquo;MainWindowViewModel&rsquo;  [faulty].</p>\r\n<p>Any idea why would be appreciated.</p>",
    "PostedDate": "2011-09-15T08:22:58.27-07:00",
    "UserRole": null,
    "MarkedAsAnswerDate": null
  }
]