[
  {
    "Id": "575887",
    "ThreadId": "248517",
    "Html": "\r\n<p>Any news about the silverlight version?&nbsp; Any timeframe?</p>\r\n<p>Thanks for answering,</p>\r\n<p>Marcos</p>\r\n",
    "PostedDate": "2011-03-04T18:38:26.19-08:00",
    "UserRole": null,
    "MarkedAsAnswerDate": null
  },
  {
    "Id": "698676",
    "ThreadId": "248517",
    "Html": "<p>I assume that there are no plans to port it to Silverlight? Anyone knows of a graph layout library that supports Silverlight?</p>",
    "PostedDate": "2011-11-15T15:02:19.263-08:00",
    "UserRole": null,
    "MarkedAsAnswerDate": null
  }
]