[
  {
    "Id": "651106",
    "ThreadId": "267433",
    "Html": "\r\n<p>Hi,</p>\r\n<p>you did a great work with graphsharp and it helped me much.</p>\r\n<p>Currentlly I have a tree with appr. 50 verticies (normal tree with 1 parent/2-3 Children) and panning is normal if the zoom factor is 1.00.</p>\r\n<p>But if I zoom in to factor 6 (or more) it is getting extremly slow and the cpu load will jump to 100%. If I set the zoom control slider to max, the app is nearly stopping.</p>\r\n<p>Does anyone has an idea what this could be?</p>\r\n<p>&nbsp;</p>\r\n<p>niaxxson</p>\r\n",
    "PostedDate": "2011-08-02T04:37:17.683-07:00",
    "UserRole": null,
    "MarkedAsAnswerDate": null
  },
  {
    "Id": "651633",
    "ThreadId": "267433",
    "Html": "<p>I founded the solution by myself. I added a bitmapeffect in the style of every node, but I did not know that this is software rendered. This increased the rendering time for every node significant while zooming.</p>",
    "PostedDate": "2011-08-03T02:52:02.9-07:00",
    "UserRole": null,
    "MarkedAsAnswerDate": null
  }
]