[
  {
    "Id": "1340219",
    "ThreadId": "577236",
    "Html": "Hello everyone.\r<br />\nI want to create 4 kinds of edge on my graph. And I already made 4 &quot;EdgeRouteToPathConverter&quot; files.\r<br />\nBut I don't know how to create different edges on one graph.\r<br />\nIs there some method like &quot; graph.AddEdgeByTypeof(); &quot; ? I guess no.\r<br />\nPlease help me.Thank you!!<br />\n",
    "PostedDate": "2015-01-08T16:44:13.877-08:00",
    "UserRole": null,
    "MarkedAsAnswerDate": null
  }
]