[
  {
    "Id": "837126",
    "ThreadId": "355988",
    "Html": "<p>I've written the same code as in tutorial&nbsp;<a href=\"http://www.youtube.com/watch?v=VTbuvkaPGxE\">http://www.youtube.com/watch?v=VTbuvkaPGxE</a>. But i got an exception when tried to add Edge:</p>\n<div style=\"color: black; background-color: white;\">\n<pre>g.AddEdge(<span style=\"color: blue;\">new</span> Edge&lt;<span style=\"color: blue;\">object</span>&gt;(vertices[0], vertices[4]));\n</pre>\n<pre><pre>Message='The invocation of the constructor on type 'graphBuilder.MainWindow' that matches the specified binding constraints threw an exception.' Line number '3' and line position '9'.\n  Source=PresentationFramework\n  LineNumber=3\n  LinePosition=9</pre>\n</pre>\n<pre>(full text - http://pastebin.com/yvSg20ex)\nI've got the same error even if i remove GraphLayout from XAML. Used dlls from Graph# sample archive.</pre>\n<pre></pre>\n</div>",
    "PostedDate": "2012-05-16T04:31:24.393-07:00",
    "UserRole": null,
    "MarkedAsAnswerDate": null
  },
  {
    "Id": "838603",
    "ThreadId": "355988",
    "Html": "<blockquote style=\"border: solid .1em #ccc; font-style: italic; margin: .25em 1em 0 1em; padding: 0 .25em 0 .25em;\"><strong>Kirow wrote:</strong><br />\r\n<p>I've written the same code as in tutorial&nbsp;<a href=\"http://www.youtube.com/watch?v=VTbuvkaPGxE\">http://www.youtube.com/watch?v=VTbuvkaPGxE</a>. But i got an exception when tried to add Edge:</p>\r\n<div style=\"color: black; background-color: white;\">\r\n<pre>g.AddEdge(<span style=\"color: blue;\">new</span> Edge&lt;<span style=\"color: blue;\">object</span>&gt;(vertices[0], vertices[4]));\r\n</pre>\r\n<pre><pre>Message='The invocation of the constructor on type 'graphBuilder.MainWindow' that matches the specified binding constraints threw an exception.' Line number '3' and line position '9'.\r\n  Source=PresentationFramework\r\n  LineNumber=3\r\n  LinePosition=9</pre>\r\n</pre>\r\n<pre>(full text - http://pastebin.com/yvSg20ex)\r\nI've got the same error even if i remove GraphLayout from XAML. Used dlls from Graph# sample archive.</pre>\r\n</div>\r\n</blockquote>\r\n<p>shame on me...i've made a very stupid mistake...added wrong vertices (indexes from cycle instead of strings).&nbsp;</p>\r\n<p>im so sorry :'(</p>",
    "PostedDate": "2012-05-20T10:06:53.977-07:00",
    "UserRole": null,
    "MarkedAsAnswerDate": null
  }
]