[
  {
    "Id": "208255",
    "ThreadId": "61393",
    "Html": "<p>Hi,</p>\r\n<p>I've been playing around with the graph sharp library, and trying to get the ContextualGraphLayout to work.</p>\r\n<p>I have the following class:</p>\r\n<p><strong>public class MyGraphLayout : ContextualGraphLayout&lt;MyNode,MyEdge,MyGraph&gt; {}</strong></p>\r\n<p>And the following model object:</p>\r\n<p><strong>public class GraphModel : INotifyPropertyChanged<br>{<br></strong><span style=\"white-space:pre\"><strong> </strong></span><strong>public MyGraph Graph {get;set;}<br>&nbsp;</strong><span style=\"white-space:pre\"><strong> </strong></span><strong>public MyNode SelectedVertex {get;set {...};}<br></strong><span style=\"white-space:pre\"><strong> </strong></span><strong>public PropertyChangedEventHandler PropertyChanged;<br>}&nbsp;</strong></p>\r\n<p><strong><span style=\"font-weight:normal\">In my window, I have the following:<br></span></strong></p>\r\n<p><strong>&lt;local:MyGraphLayout x:Name=&quot;myLayout&quot; Graph{Binding Graph} <br></strong><span style=\"white-space:pre\"><strong> </strong></span><strong>SelectedVertex={Binding SelectedVertex}&nbsp;<br></strong><span style=\"white-space:pre\"><strong> </strong></span><strong>LayoutAlgorithmType=&quot;FR&quot;<br><span style=\"white-space:pre\"> </span>OverlapRemovalAlgorithmType=&quot;FSA&quot;/&gt;&nbsp;</strong></p>\r\n<p>In the Window Load function I have some code which adds a few vertices and edges to an instance of the GraphModel, and sets that as the datacontext on the myLayout control.</p>\r\n<p>I have no problem with accessing the contextual layout selected vertex change events, but the graph does not seem to be laying out (all nodes appear overlapping, I have to drag them apart).</p>\r\n<p>If I change the <strong>MyGraphLayout</strong> definition to <strong>GraphControl </strong>instead of <strong>ContextualGraphControl </strong>(and remove the SelectedVertex binding) the graph is layed out fine in a nice animated fashion (as expected).</p>\r\n<p>Changing the <strong>LayoutAlgorithmType</strong> and <strong>OverlapRemovalAlgorithmType</strong> doesn seem to make any difference.</p>\r\n<p>I've based my quick test on the ContextualLayout example provided in the sample project.</p>\r\n<p>Does anyone have any ideas?</p>\r\n<p><strong><span style=\"font-weight:normal\">Thanks</span></strong></p>\r\n<p><strong><span style=\"font-weight:normal\">Chris.</span></strong></p>",
    "PostedDate": "2009-07-03T02:03:13.703-07:00",
    "UserRole": null,
    "MarkedAsAnswerDate": null
  }
]