[
  {
    "Id": "445790",
    "ThreadId": "213401",
    "Html": "<p>Hey,</p>\r\n<p>I am loading my saved graph from my custom file. When loading, the vertices are set back to their original locations from when the file was saved.</p>\r\n<p>The problem I am encountering is that if the graphLayout ActualWidth &amp; ActualHeight of the current graphLayout is smaller than the original saved graph, the vertices do no appear in the right locations.</p>\r\n<p>Can anyone offer some advice on setting the ActualWidth &amp; ActualHeight of a graphLayout?</p>\r\n<p>Regards,</p>\r\n<p>rootme</p>",
    "PostedDate": "2010-05-21T03:28:27.103-07:00",
    "UserRole": null,
    "MarkedAsAnswerDate": null
  },
  {
    "Id": "446507",
    "ThreadId": "213401",
    "Html": "Solved!\r\n\r\nSet the LayoutAlgorithmType = &quot;&quot;;",
    "PostedDate": "2010-05-24T00:07:09.387-07:00",
    "UserRole": null,
    "MarkedAsAnswerDate": null
  }
]