[
  {
    "Id": "285202",
    "ThreadId": "82986",
    "Html": "<p>Clearing a graph&nbsp; [.Clear()] referenced by graphlayout.Graph</p>\r\n<p>leaves ghost nodes even when using graphlayout.Graph = null;</p>\r\n<p>and then reattaching the same graph object (cleared and new vertex added);</p>\r\n<p>&nbsp;</p>\r\n<p>a related issue:</p>\r\n<p>&nbsp;</p>\r\n<p>graphlayout.Graph = g1;</p>\r\n<p>...</p>\r\n<p>graphlayout.Graph = null;</p>\r\n<p>graphlayout.Graph = g2;</p>\r\n<p>...</p>\r\n<p>adding vertex to g1 cause exception to be raised in method: protected virtual void InitializePosition(TVertex vertex)</p>\r\n<p>eventhough g1 has been disconnected with the &quot;.Graph = null&quot; statement above.</p>\r\n<p>&nbsp;</p>",
    "PostedDate": "2010-02-03T02:49:41.433-08:00",
    "UserRole": null,
    "MarkedAsAnswerDate": null
  }
]