[
  {
    "Id": "855044",
    "ThreadId": "361295",
    "Html": "\r\n<p>Is there anything in the tutes for using custom controls? &nbsp;I have an object (note) for the vertex that has an Id field, but I'd like to display the pitches (DataGrid) and durations (DataGrid) and maybe an SVG image with the stuff embedded. &nbsp;Since\r\n the vertex isn't just a string, it would be pointless to just show the Id.</p>\r\n<p>Can anyone point me in a direction or has any code that I can mock up?</p>\r\n<p>[EDIT] Nevermind, trying to follow what another thread has.</p>\r\n",
    "PostedDate": "2012-06-28T07:58:18.513-07:00",
    "UserRole": null,
    "MarkedAsAnswerDate": null
  }
]