{
  "WorkItem": {
    "AffectedComponent": {
      "Name": "",
      "DisplayName": ""
    },
    "ClosedComment": "",
    "ClosedDate": null,
    "CommentCount": 1,
    "Custom": null,
    "Description": "I am presently using an IMutableBidirectionalGraph, and any time a vertex or edge is deleted it likes to relayout itself. My XAML setup is:\r\n\r\n        <v:StateGraphLayout Graph=\"{Binding Path=GraphData}\"\r\n                            LayoutAlgorithmType=\"KK\"\r\n                            OverlapRemovalAlgorithmType=\"FSA\"\r\n\t\t\t\t\t\t\tHighlightAlgorithmType=\"Simple\">\r\n\r\nIn any case, every time it does a relayout it seems to shift down and to the right. As a result, the graph quickly disappears off the screen. You may want to fix this, as I suspect it is not the intended behavior for layout. :)",
    "LastUpdatedDate": "2011-04-20T01:07:12.237-07:00",
    "PlannedForRelease": "GraphSharp v1.5",
    "ReleaseVisibleToPublic": true,
    "Priority": {
      "Name": "Low",
      "Severity": 50,
      "Id": 1
    },
    "ProjectName": "graphsharp",
    "ReportedDate": "2009-10-20T16:44:21.677-07:00",
    "Status": {
      "Name": "Proposed",
      "Id": 1
    },
    "ReasonClosed": {
      "Name": "Unassigned"
    },
    "Summary": "Layout likes to dance off the screen",
    "Type": {
      "Name": "Issue",
      "Id": 3
    },
    "VoteCount": 1,
    "Id": 4456
  },
  "FileAttachments": [],
  "Comments": [
    {
      "Message": "Followup for this one:\r\n\r\nIn GraphCanvas.MeasureOverride,\r\n\r\n                child.Measure(constraint);\r\n\r\n                    //get the position of the vertex\r\n                    double left = GetX(child);\r\n\r\nneeds\r\n\r\n                if (child is VertexControl)\r\n                {\r\n\r\nEdgeControls don't have a position so they cause the left and top to always be zero, meaning the graph will not center.",
      "PostedDate": "2009-10-21T21:39:41.91-07:00",
      "Id": 29776
    }
  ]
}