{
  "WorkItem": {
    "AffectedComponent": {
      "Name": "",
      "DisplayName": ""
    },
    "ClosedComment": "",
    "ClosedDate": null,
    "CommentCount": 0,
    "Custom": null,
    "Description": "If my code adds and then removes (or removes then adds) an edge (or vertex) in rapid succession (in the same Windows message pump cycle), GraphSharp gets confused as the edge is added to _edgesAdded *and* _edgesRemoved, with the result that the visualized graph no longer correctly reflects the underlying graph after the mutations are processed.\r\n\r\nI have attached a patch which fixes this problem.",
    "LastUpdatedDate": "2013-04-23T05:31:15.13-07:00",
    "PlannedForRelease": "",
    "ReleaseVisibleToPublic": false,
    "Priority": {
      "Name": "Unassigned",
      "Severity": 0,
      "Id": 0
    },
    "ProjectName": "graphsharp",
    "ReportedDate": "2013-04-23T05:31:14.88-07:00",
    "Status": {
      "Name": "Proposed",
      "Id": 1
    },
    "ReasonClosed": {
      "Name": "Unassigned"
    },
    "Summary": "Incorrect handling of rapid add/remove edge/vertex mutations",
    "Type": {
      "Name": "Unassigned",
      "Id": 5
    },
    "VoteCount": 1,
    "Id": 8285
  },
  "FileAttachments": [
    {
      "FileId": 667608,
      "FileName": "graphsharp multiple updates.patch",
      "DownloadUrl": ".\\667608"
    }
  ],
  "Comments": []
}