{
  "WorkItem": {
    "AffectedComponent": {
      "Name": "",
      "DisplayName": ""
    },
    "ClosedComment": "",
    "ClosedDate": null,
    "CommentCount": 0,
    "Custom": "",
    "Description": "I am getting this issue becauses the _layers array is empty. SugiyamaPhase2Sweep is called with the start argument set to 1 in the sweeping up stage of Phase2, but the number of layers is never examined before checking that there are at least two layers.\n\nIn the SugiyamaPhase1 method, there is a guard clause like this:\n    if (_layers.Count < 2)\n        return false;\n\nShould there be something similar at the start of the Phase2 method? If so, what should the unorderedLayerIndex and baryCentering out parameters be set to in this case?",
    "LastUpdatedDate": "2009-09-06T17:23:32.09-07:00",
    "PlannedForRelease": "",
    "ReleaseVisibleToPublic": false,
    "Priority": {
      "Name": "Low",
      "Severity": 50,
      "Id": 1
    },
    "ProjectName": "graphsharp",
    "ReportedDate": "2009-09-06T17:23:32.09-07:00",
    "Status": {
      "Name": "Proposed",
      "Id": 1
    },
    "ReasonClosed": {
      "Name": "Unassigned"
    },
    "Summary": "ArgumentOutOfRangeException thrown in SugiyamaLayoutAlgorithm.SugiyamaPhase2Sweep()",
    "Type": {
      "Name": "Issue",
      "Id": 3
    },
    "VoteCount": 1,
    "Id": 3933
  },
  "FileAttachments": [],
  "Comments": []
}