{
  "WorkItem": {
    "AffectedComponent": {
      "Name": "",
      "DisplayName": ""
    },
    "ClosedComment": "",
    "ClosedDate": null,
    "CommentCount": 3,
    "Custom": null,
    "Description": "Only the status of the process should be reported, the vertex positions, ... should not be reported.",
    "LastUpdatedDate": "2011-04-20T01:23:02.2-07:00",
    "PlannedForRelease": "GraphSharp v1.5",
    "ReleaseVisibleToPublic": true,
    "Priority": {
      "Name": "Low",
      "Severity": 50,
      "Id": 1
    },
    "ProjectName": "graphsharp",
    "ReportedDate": "2009-03-30T12:58:49.987-07:00",
    "Status": {
      "Name": "Proposed",
      "Id": 1
    },
    "ReasonClosed": {
      "Name": "Unassigned"
    },
    "Summary": "'Light' status reporting on async computing",
    "Type": {
      "Name": "Issue",
      "Id": 3
    },
    "VoteCount": 0,
    "Id": 2519
  },
  "FileAttachments": [],
  "Comments": [
    {
      "Message": "\n\r\n\r** Closed by palesz 07/08/2009 2:10PM",
      "PostedDate": "2009-07-08T14:10:14.387-07:00",
      "Id": 34495
    },
    {
      "Message": "",
      "PostedDate": "2011-04-20T01:21:58.537-07:00",
      "Id": 34496
    },
    {
      "Message": "See if we can improve status reporting...",
      "PostedDate": "2011-04-20T01:23:02.2-07:00",
      "Id": 34497
    }
  ]
}