{
  "WorkItem": {
    "AffectedComponent": {
      "Name": "",
      "DisplayName": ""
    },
    "ClosedComment": "",
    "ClosedDate": "2013-01-11T09:10:16.22-08:00",
    "CommentCount": 2,
    "Custom": null,
    "Description": "Upon clicking the DOWNLOAD, button to download the framework file(s), it keeps on attempting to download several times, without actually downloading any file(s).  Have attempted unsuccessfully to download the file(s) from both IE and Chrome.  \r\n   Any guidance in resolving the issue with downloading the framework file(s), would be highly appreciated.\r\n\r\nThanks\r\n\r\n",
    "LastUpdatedDate": "2013-01-11T09:10:16.22-08:00",
    "PlannedForRelease": "",
    "ReleaseVisibleToPublic": false,
    "Priority": {
      "Name": "Low",
      "Severity": 50,
      "Id": 1
    },
    "ProjectName": "graphsharp",
    "ReportedDate": "2013-01-10T12:22:16.83-08:00",
    "Status": {
      "Name": "Closed",
      "Id": 4
    },
    "ReasonClosed": {
      "Name": "Unassigned"
    },
    "Summary": "Unable to download the framework file(s)",
    "Type": {
      "Name": "Issue",
      "Id": 3
    },
    "VoteCount": 1,
    "Id": 8284
  },
  "FileAttachments": [],
  "Comments": [
    {
      "Message": "See Description for the issue details.",
      "PostedDate": "2013-01-10T12:24:05.023-08:00",
      "Id": 85724
    },
    {
      "Message": "It must be a problem on your side (or it could have been a transient problem with the codeplex service).",
      "PostedDate": "2013-01-11T09:10:09.893-08:00",
      "Id": 85779
    }
  ]
}