{
  "WorkItem": {
    "AffectedComponent": {
      "Name": "",
      "DisplayName": ""
    },
    "ClosedComment": "",
    "ClosedDate": null,
    "CommentCount": 0,
    "Custom": null,
    "Description": "Hi all - spotted a typo that scuppers the final layout state (which is important to those of us tring to build our own layout control) - the code at line 260 is as below, but the line:\r\nLayoutStateProperty = LayoutStatusPercentPropertyKey.DependencyProperty;\r\nshould read:\r\nLayoutStateProperty = LayoutStatePropertyKey.DependencyProperty;\r\n\r\nCan I just add that Graph# is an astonishing effort - congratulations and thanks to all involved.\r\n\r\nRegards\r\nMike\r\n\r\nstatic GraphLayout()\r\n        {\r\n            //initialize the readonly dependency properties\r\n            StateCountProperty = StateCountPropertyKey.DependencyProperty;\r\n            LayoutStatusPercentProperty = LayoutStatusPercentPropertyKey.DependencyProperty;\r\n            LayoutAlgorithmProperty = LayoutAlgorithmPropertyKey.DependencyProperty;\r\n            OverlapRemovalAlgorithmProperty = OverlapRemovalAlgorithmPropertyKey.DependencyProperty;\r\n            EdgeRoutingAlgorithmProperty = EdgeRoutingAlgorithmPropertyKey.DependencyProperty;\r\n            LayoutStateProperty = LayoutStatusPercentPropertyKey.DependencyProperty;\r\n            HighlightAlgorithmProperty = HighlightAlgorithmPropertyKey.DependencyProperty;\r\n        }",
    "LastUpdatedDate": "2011-04-20T01:08:13.053-07:00",
    "PlannedForRelease": "GraphSharp v1.5",
    "ReleaseVisibleToPublic": true,
    "Priority": {
      "Name": "Low",
      "Severity": 50,
      "Id": 1
    },
    "ProjectName": "graphsharp",
    "ReportedDate": "2010-12-10T02:01:11.457-08:00",
    "Status": {
      "Name": "Proposed",
      "Id": 1
    },
    "ReasonClosed": {
      "Name": "Unassigned"
    },
    "Summary": "Typo Bug in Graph#.Controls\\Controls\\GraphLayout.DependencyProperties.cs",
    "Type": {
      "Name": "Issue",
      "Id": 3
    },
    "VoteCount": 2,
    "Id": 7882
  },
  "FileAttachments": [],
  "Comments": []
}