{
  "WorkItem": {
    "AffectedComponent": {
      "Name": "",
      "DisplayName": ""
    },
    "ClosedComment": "",
    "ClosedDate": null,
    "CommentCount": 1,
    "Custom": null,
    "Description": "It is very difficult to drag a vertex around the GraphLayout.\r\n\r\nIf the item being dragged is moved near the edge of the established graph, it appears to shoot off in one direction or another, making it very hard to place the items accurately.",
    "LastUpdatedDate": "2014-05-20T05:27:10.377-07:00",
    "PlannedForRelease": "",
    "ReleaseVisibleToPublic": false,
    "Priority": {
      "Name": "Low",
      "Severity": 50,
      "Id": 1
    },
    "ProjectName": "graphsharp",
    "ReportedDate": "2012-09-07T01:35:20.42-07:00",
    "Status": {
      "Name": "Proposed",
      "Id": 1
    },
    "ReasonClosed": {
      "Name": "Unassigned"
    },
    "Summary": "Vertex Dragging is very over sensitive.",
    "Type": {
      "Name": "Issue",
      "Id": 3
    },
    "VoteCount": 5,
    "Id": 8283
  },
  "FileAttachments": [],
  "Comments": [
    {
      "Message": "in the dragbehavior.cs \n\n```\n private static void OnDragging(object sender, MouseEventArgs e)\n        {\n            if (sender != null)\n            {\n                var obj = sender as DependencyObject;\n                if (obj == null) return;\n\n                if (!GetIsDragging(obj))\n                {\n                    return;\n                }\n\n                Point pos = e.GetPosition(obj as IInputElement);\n                double horizontalChange = (pos.X - GetOriginalX(obj))*_scale.X;\n                double verticalChange = (pos.Y - GetOriginalY(obj))*_scale.Y;\n\n                if (double.IsNaN(GetX(obj)))\n                {\n                    SetX(obj, 0);\n                }\n                if (double.IsNaN(GetY(obj)))\n                {\n                    SetY(obj, 0);\n                }\n\n\n               if (GetX(obj) < 0)\n                    horizontalChange /=30;\n\n                if (GetY(obj) < 0)\n                    verticalChange /= 30;\n\n                if (GetX(obj) > 0)\n                    horizontalChange /= 10;\n\n                if (GetY(obj) > 0)\n                    verticalChange /= 10;\n                SetX(obj, GetX(obj)+ horizontalChange);\n                SetY(obj, GetY(obj)+ verticalChange);\n             \n            }\n\n            e.Handled = true;\n        }\n```",
      "PostedDate": "2013-03-21T01:50:59.08-07:00",
      "Id": 93864
    }
  ]
}