{
  "WorkItem": {
    "AffectedComponent": {
      "Name": "",
      "DisplayName": ""
    },
    "ClosedComment": "",
    "ClosedDate": null,
    "CommentCount": 1,
    "Custom": null,
    "Description": "This mouse event is not catched on the graph contol.",
    "LastUpdatedDate": "2011-04-20T01:05:13.217-07:00",
    "PlannedForRelease": "GraphSharp v1.5",
    "ReleaseVisibleToPublic": true,
    "Priority": {
      "Name": "Low",
      "Severity": 50,
      "Id": 1
    },
    "ProjectName": "graphsharp",
    "ReportedDate": "2009-07-02T08:29:33.053-07:00",
    "Status": {
      "Name": "Proposed",
      "Id": 1
    },
    "ReasonClosed": {
      "Name": "Unassigned"
    },
    "Summary": "Unable to fire MouseRightButtonDown on VertexControl",
    "Type": {
      "Name": "Issue",
      "Id": 3
    },
    "VoteCount": 2,
    "Id": 3433
  },
  "FileAttachments": [],
  "Comments": [
    {
      "Message": "Do you mean on the VertexControl or on the GraphLayout control?",
      "PostedDate": "2009-07-04T02:08:07.607-07:00",
      "Id": 29774
    }
  ]
}