{
  "WorkItem": {
    "AffectedComponent": {
      "Name": "",
      "DisplayName": ""
    },
    "ClosedComment": "",
    "ClosedDate": null,
    "CommentCount": 2,
    "Custom": null,
    "Description": "When I use EfficientSugiyamaLayoutAlgorithm and there are only nodes and no links OutOfRangeException is thrown in EfficientSugiyamaLayoutAlgorithm.DoCrossingMinimazation.cs in line 87 at the function Sweeping",
    "LastUpdatedDate": "2012-11-12T04:14:24.227-08:00",
    "PlannedForRelease": "",
    "ReleaseVisibleToPublic": false,
    "Priority": {
      "Name": "Low",
      "Severity": 50,
      "Id": 1
    },
    "ProjectName": "graphsharp",
    "ReportedDate": "2011-09-13T10:48:22.583-07:00",
    "Status": {
      "Name": "Proposed",
      "Id": 1
    },
    "ReasonClosed": {
      "Name": "Unassigned"
    },
    "Summary": "EfficientSugiyamaLayoutAlgorithm crash when there are no links",
    "Type": {
      "Name": "Issue",
      "Id": 3
    },
    "VoteCount": 6,
    "Id": 8276
  },
  "FileAttachments": [],
  "Comments": [
    {
      "Message": "It also happen when there are no nodes in the graph",
      "PostedDate": "2011-09-13T10:50:03.633-07:00",
      "Id": 44624
    },
    {
      "Message": "It also happens to me if the graph consists of only one single vertex. In my application this will happen very often, and prevents me from using this layout algorithm - so far...",
      "PostedDate": "2011-09-23T05:13:24.927-07:00",
      "Id": 45402
    }
  ]
}