{
  "WorkItem": {
    "AffectedComponent": {
      "Name": "",
      "DisplayName": ""
    },
    "ClosedComment": "",
    "ClosedDate": null,
    "CommentCount": 1,
    "Custom": "",
    "Description": "In a simple 3 node graph described in the attached gml file, the disconnected node ends up laying out on top of another node.",
    "LastUpdatedDate": "2012-09-22T00:35:24.58-07:00",
    "PlannedForRelease": "",
    "ReleaseVisibleToPublic": false,
    "Priority": {
      "Name": "Low",
      "Severity": 50,
      "Id": 1
    },
    "ProjectName": "graphsharp",
    "ReportedDate": "2010-03-16T06:45:34.477-07:00",
    "Status": {
      "Name": "Proposed",
      "Id": 1
    },
    "ReasonClosed": {
      "Name": "Unassigned"
    },
    "Summary": "Efficient Sugiyama laying out individual nodes on-top of one another",
    "Type": {
      "Name": "Issue",
      "Id": 3
    },
    "VoteCount": 4,
    "Id": 5679
  },
  "FileAttachments": [
    {
      "FileId": 212451,
      "FileName": "3Nodes.gml",
      "DownloadUrl": ".\\212451"
    }
  ],
  "Comments": [
    {
      "Message": "As a bit of an update, there is a way (albeit, not a very pretty way) of working around this:\r\n\r\n1.  Create a custom vertex type and custom connection type Hidden\r\n2.  create custom control templates that are invisible for both of those types.\r\n3.  Create a single false \"root\" that then has hidden edges connected to all the other roots\r\n",
      "PostedDate": "2010-04-16T11:11:58.293-07:00",
      "Id": 29782
    }
  ]
}