{
  "WorkItem": {
    "AffectedComponent": {
      "Name": "",
      "DisplayName": ""
    },
    "ClosedComment": "fixed",
    "ClosedDate": "2009-06-01T06:40:39.56-07:00",
    "CommentCount": 0,
    "Custom": "",
    "Description": "I've tried to compile your solution but both mentioned files aren't included in source control.\n\nResources.resx has been removed, Settings.settings has been added.",
    "LastUpdatedDate": "2009-06-01T06:40:39.56-07:00",
    "PlannedForRelease": "",
    "ReleaseVisibleToPublic": false,
    "Priority": {
      "Name": "Low",
      "Severity": 50,
      "Id": 1
    },
    "ProjectName": "graphsharp",
    "ReportedDate": "2009-03-25T02:27:39.147-07:00",
    "Status": {
      "Name": "Closed",
      "Id": 4
    },
    "ReasonClosed": {
      "Name": "Unassigned"
    },
    "Summary": "missing Resources.resx and settings.settings in GraphSharp.Sample project",
    "Type": {
      "Name": "Issue",
      "Id": 3
    },
    "VoteCount": 1,
    "Id": 2396
  },
  "FileAttachments": [],
  "Comments": []
}