{
  "WorkItem": {
    "AffectedComponent": {
      "Name": "",
      "DisplayName": ""
    },
    "ClosedComment": "",
    "ClosedDate": null,
    "CommentCount": 0,
    "Custom": null,
    "Description": "I have found this issue using a LinLog Layout.  Other layouts may or may not be affected.\r\n\r\nAssume you start with a single node.  The node has one button to show child nodes.\r\n\r\nIf I click the button, all the children are placed directly over the first node.\r\n\r\nTo correct this, I modified InitializePosition in GraphLayout.GraphElements.cs\r\n\r\noriginal: \r\nprotected virtual void InitializePosition(TVertex vertex)\r\n{\r\n...\r\n if (count > 0)\r\n {\r\n  pos.X /= count;\r\n  pos.Y /= count;\r\n ...\r\n }\r\n}\r\n\r\nto the following\r\n\r\nprotected virtual void InitializePosition(TVertex vertex)\r\n{\r\n...\r\n if (count > 0)\r\n {\r\n  if (count == 1)\r\n   count++;\r\n  pos.X /= count;\r\n  pos.Y /= count;\r\n ...\r\n }\r\n}",
    "LastUpdatedDate": "2011-04-26T09:07:42.333-07:00",
    "PlannedForRelease": "",
    "ReleaseVisibleToPublic": false,
    "Priority": {
      "Name": "Low",
      "Severity": 50,
      "Id": 1
    },
    "ProjectName": "graphsharp",
    "ReportedDate": "2011-04-26T09:07:42.333-07:00",
    "Status": {
      "Name": "Proposed",
      "Id": 1
    },
    "ReasonClosed": {
      "Name": "Unassigned"
    },
    "Summary": "Added nodes from a single node overlap",
    "Type": {
      "Name": "Issue",
      "Id": 3
    },
    "VoteCount": 1,
    "Id": 8275
  },
  "FileAttachments": [],
  "Comments": []
}