{
  "WorkItem": {
    "AffectedComponent": {
      "Name": "",
      "DisplayName": ""
    },
    "ClosedComment": "",
    "ClosedDate": null,
    "CommentCount": 0,
    "Custom": null,
    "Description": "## Feature Request\r\nAdd an `IsComputingLayout` property to the `GraphLayout` class. The addition should be a dependency property so that it can be bound to in XAML.\r\n\r\n## Rationale\r\nThis would allow callers to determine if the `GraphLayout` is currently executing a layout algorithm asynchronously. This, in turn, would be useful to indicate to users that the control is working on laying out the graph.\r\n\r\n## Note\r\nI intend to fork and implement this feature myself but I created this issue in case someone else can get to it before me.",
    "LastUpdatedDate": "2013-04-26T07:07:55.26-07:00",
    "PlannedForRelease": "",
    "ReleaseVisibleToPublic": false,
    "Priority": {
      "Name": "Unassigned",
      "Severity": 0,
      "Id": 0
    },
    "ProjectName": "graphsharp",
    "ReportedDate": "2013-04-26T06:13:29.677-07:00",
    "Status": {
      "Name": "Proposed",
      "Id": 1
    },
    "ReasonClosed": {
      "Name": "Unassigned"
    },
    "Summary": "Feature: Add IsComputingLayout property",
    "Type": {
      "Name": "Unassigned",
      "Id": 5
    },
    "VoteCount": 1,
    "Id": 8287
  },
  "FileAttachments": [],
  "Comments": []
}