{
  "WorkItem": {
    "AffectedComponent": {
      "Name": "",
      "DisplayName": ""
    },
    "ClosedComment": "",
    "ClosedDate": null,
    "CommentCount": 0,
    "Custom": null,
    "Description": "Basically I want to mouse down in a blank area, drag the mouse down and to the right, to make a square selection area and select all the vertices in that area. Then I want to move all the selected vertices by by dragging them to the side(like a normal vertex, only more than one at a time).\r\n\r\nAny advice will be appreciated.",
    "LastUpdatedDate": "2014-05-29T23:16:14.517-07:00",
    "PlannedForRelease": "",
    "ReleaseVisibleToPublic": false,
    "Priority": {
      "Name": "Unassigned",
      "Severity": 0,
      "Id": 0
    },
    "ProjectName": "graphsharp",
    "ReportedDate": "2014-05-29T23:16:14.517-07:00",
    "Status": {
      "Name": "Proposed",
      "Id": 1
    },
    "ReasonClosed": {
      "Name": "Unassigned"
    },
    "Summary": "Drag a selection area and select all the vertices in that area",
    "Type": {
      "Name": "Unassigned",
      "Id": 5
    },
    "VoteCount": 1,
    "Id": 8291
  },
  "FileAttachments": [],
  "Comments": []
}