{
  "WorkItem": {
    "AffectedComponent": {
      "Name": "",
      "DisplayName": ""
    },
    "ClosedComment": "",
    "ClosedDate": null,
    "CommentCount": 0,
    "Custom": null,
    "Description": "FRLayoutAlgorithm does not seems to be dealing correctly when 2 same positions appear in graph (and they do appear since: \r\n\"...\r\npos.X = Math.Min(_maxWidth, Math.Max(0, pos.X));\r\npos.Y = Math.Min(_maxHeight, Math.Max(0, pos.Y));\r\n...\").\r\nFor me - it solved to add a small random perturbation to ones position when two same vertex-pos are detected.",
    "LastUpdatedDate": "2011-10-03T07:43:44.2-07:00",
    "PlannedForRelease": "",
    "ReleaseVisibleToPublic": false,
    "Priority": {
      "Name": "Low",
      "Severity": 50,
      "Id": 1
    },
    "ProjectName": "graphsharp",
    "ReportedDate": "2011-10-03T07:43:44.2-07:00",
    "Status": {
      "Name": "Proposed",
      "Id": 1
    },
    "ReasonClosed": {
      "Name": "Unassigned"
    },
    "Summary": "FRLayoutAlgorithm",
    "Type": {
      "Name": "Issue",
      "Id": 3
    },
    "VoteCount": 1,
    "Id": 8277
  },
  "FileAttachments": [],
  "Comments": []
}