{
  "WorkItem": {
    "AffectedComponent": {
      "Name": "",
      "DisplayName": ""
    },
    "ClosedComment": "",
    "ClosedDate": "2009-03-31T02:49:12.347-07:00",
    "CommentCount": 0,
    "Custom": "",
    "Description": "Only the status of the process should be reported, the vertex positions, ... should not be reported.",
    "LastUpdatedDate": "2009-03-31T02:49:12.347-07:00",
    "PlannedForRelease": "",
    "ReleaseVisibleToPublic": false,
    "Priority": {
      "Name": "Unassigned",
      "Severity": 0,
      "Id": 0
    },
    "ProjectName": "graphsharp",
    "ReportedDate": "2009-03-30T12:58:43.32-07:00",
    "Status": {
      "Name": "Closed",
      "Id": 4
    },
    "ReasonClosed": {
      "Name": "Unassigned"
    },
    "Summary": "'Light' status reporting on async computing",
    "Type": {
      "Name": "Issue",
      "Id": 3
    },
    "VoteCount": 0,
    "Id": 2518
  },
  "FileAttachments": [],
  "Comments": []
}