{
  "WorkItem": {
    "AffectedComponent": {
      "Name": "",
      "DisplayName": ""
    },
    "ClosedComment": "Missing file has been checked in.",
    "ClosedDate": "2009-05-31T15:36:33.887-07:00",
    "CommentCount": 0,
    "Custom": "",
    "Description": "Hi guys,\n\nThere's a file missing:\n\nError\t10\tFile 'Resources\\PocGraphDataTemplates.xaml' cannot be found.\tGraphSharp.Sample\n\nThanks,\n\nWout",
    "LastUpdatedDate": "2009-05-31T15:36:33.887-07:00",
    "PlannedForRelease": "",
    "ReleaseVisibleToPublic": false,
    "Priority": {
      "Name": "Low",
      "Severity": 50,
      "Id": 1
    },
    "ProjectName": "graphsharp",
    "ReportedDate": "2009-05-31T03:46:17.723-07:00",
    "Status": {
      "Name": "Closed",
      "Id": 4
    },
    "ReasonClosed": {
      "Name": "Unassigned"
    },
    "Summary": "Error\t10\tFile 'Resources\\PocGraphDataTemplates.xaml' cannot be found.\tGraphSharp.Sample",
    "Type": {
      "Name": "Issue",
      "Id": 3
    },
    "VoteCount": 1,
    "Id": 3154
  },
  "FileAttachments": [],
  "Comments": []
}