{
  "WorkItem": {
    "AffectedComponent": {
      "Name": "",
      "DisplayName": ""
    },
    "ClosedComment": "",
    "ClosedDate": null,
    "CommentCount": 1,
    "Custom": null,
    "Description": "There seems to be no representation for graph edges where the source and target vertices are the same.\r\n\r\nThis is understandable, but would be a very useful addition.",
    "LastUpdatedDate": "2011-04-20T01:07:28.943-07:00",
    "PlannedForRelease": "GraphSharp v1.5",
    "ReleaseVisibleToPublic": true,
    "Priority": {
      "Name": "Low",
      "Severity": 50,
      "Id": 1
    },
    "ProjectName": "graphsharp",
    "ReportedDate": "2009-10-21T19:33:56.477-07:00",
    "Status": {
      "Name": "Proposed",
      "Id": 1
    },
    "ReasonClosed": {
      "Name": "Unassigned"
    },
    "Summary": "No representation for loops",
    "Type": {
      "Name": "Issue",
      "Id": 3
    },
    "VoteCount": 4,
    "Id": 4465
  },
  "FileAttachments": [],
  "Comments": [
    {
      "Message": "Loops are very useful when graphs rappresent workflows.\r\nWorkflows very often need to have loops. ",
      "PostedDate": "2009-11-16T01:16:25.697-08:00",
      "Id": 29777
    }
  ]
}