{
  "WorkItem": {
    "AffectedComponent": {
      "Name": "",
      "DisplayName": ""
    },
    "ClosedComment": "",
    "ClosedDate": null,
    "CommentCount": 0,
    "Custom": null,
    "Description": "Hello all, \r\nI need to show some additional information on vertices on mouse right click or left click. \r\nAny help would be appreciated thanks.",
    "LastUpdatedDate": "2014-09-17T04:58:06.747-07:00",
    "PlannedForRelease": "",
    "ReleaseVisibleToPublic": false,
    "Priority": {
      "Name": "Unassigned",
      "Severity": 0,
      "Id": 0
    },
    "ProjectName": "graphsharp",
    "ReportedDate": "2014-09-17T04:58:06.747-07:00",
    "Status": {
      "Name": "Proposed",
      "Id": 1
    },
    "ReasonClosed": {
      "Name": "Unassigned"
    },
    "Summary": "Mouse on click event for vertices ",
    "Type": {
      "Name": "Unassigned",
      "Id": 5
    },
    "VoteCount": 1,
    "Id": 8294
  },
  "FileAttachments": [],
  "Comments": []
}