{
  "WorkItem": {
    "AffectedComponent": {
      "Name": "",
      "DisplayName": ""
    },
    "ClosedComment": "",
    "ClosedDate": null,
    "CommentCount": 1,
    "Custom": null,
    "Description": "Incorrect location of nodes in Tree layout algorithm. \r\nNodes should be ordered with according to direction property - from roots to leafs.\r\nIn this case, with LeftToRight direction, childrens are located at left side of tree.",
    "LastUpdatedDate": "2012-08-27T09:43:54.247-07:00",
    "PlannedForRelease": "",
    "ReleaseVisibleToPublic": false,
    "Priority": {
      "Name": "Low",
      "Severity": 50,
      "Id": 1
    },
    "ProjectName": "graphsharp",
    "ReportedDate": "2012-08-27T09:35:36.22-07:00",
    "Status": {
      "Name": "Proposed",
      "Id": 1
    },
    "ReasonClosed": {
      "Name": "Unassigned"
    },
    "Summary": "Problem with ordering nodes in TreeLayout",
    "Type": {
      "Name": "Issue",
      "Id": 3
    },
    "VoteCount": 1,
    "Id": 8282
  },
  "FileAttachments": [
    {
      "FileId": 477204,
      "FileName": "SampleTreeGraph.zip",
      "DownloadUrl": ".\\477204"
    },
    {
      "FileId": 477208,
      "FileName": "SampleTreeGraph.zip",
      "DownloadUrl": ".\\477208"
    }
  ],
  "Comments": [
    {
      "Message": "Please remove first attachment",
      "PostedDate": "2012-08-27T09:43:54.247-07:00",
      "Id": 75100
    }
  ]
}