{
  "WorkItem": {
    "AffectedComponent": {
      "Name": "",
      "DisplayName": ""
    },
    "ClosedComment": "You can find the solution in the comment.",
    "ClosedDate": "2009-07-08T14:12:59.427-07:00",
    "CommentCount": 1,
    "Custom": "",
    "Description": "There is a problem if you add a mouse click event on a vertex control.\nThe event is correctly fired, but at the end of the event the vertex is not released and it stay attached to the mouse pointer until you click another time.",
    "LastUpdatedDate": "2009-07-08T14:12:59.427-07:00",
    "PlannedForRelease": "",
    "ReleaseVisibleToPublic": false,
    "Priority": {
      "Name": "Low",
      "Severity": 50,
      "Id": 1
    },
    "ProjectName": "graphsharp",
    "ReportedDate": "2009-06-15T05:15:08.39-07:00",
    "Status": {
      "Name": "Closed",
      "Id": 4
    },
    "ReasonClosed": {
      "Name": "Unassigned"
    },
    "Summary": "Trouble with vertex dragging",
    "Type": {
      "Name": "Issue",
      "Id": 3
    },
    "VoteCount": 1,
    "Id": 3280
  },
  "FileAttachments": [],
  "Comments": [
    {
      "Message": "Try this one: in your event handler of your mouse click event say that e.Handled = false\r\nI'm not sure, that it will work, but you should try this one.",
      "PostedDate": "2009-07-04T02:06:53.11-07:00",
      "Id": 29773
    }
  ]
}