{
  "WorkItem": {
    "AffectedComponent": {
      "Name": "",
      "DisplayName": ""
    },
    "ClosedComment": "",
    "ClosedDate": null,
    "CommentCount": 1,
    "Custom": "",
    "Description": "The edge of the compound shoots off if I try to drag a vertex inside a compound where that vertex is the only child in that compound.\n\nTo reproduce:\nCreate a parent vertex and add one (1) child to it.\n\nHack-solution:\nMy hack-solution is to disable dragging for any single child-item by attaching a global / class MouseDown-listener to the VertexControl-type and execute the following code: \nVertexControl vc= sender as VertexControl;\nPocVertex parent = graph.GetParent(vc.Vertex as PocVertex);\nif(parent != null && graph.GetChildrenCount(parent) < 2) \n  e.Handled = true;\n\nKind regards, Richard",
    "LastUpdatedDate": "2011-06-27T14:19:37.303-07:00",
    "PlannedForRelease": "",
    "ReleaseVisibleToPublic": false,
    "Priority": {
      "Name": "Low",
      "Severity": 50,
      "Id": 1
    },
    "ProjectName": "graphsharp",
    "ReportedDate": "2010-07-08T06:17:30.093-07:00",
    "Status": {
      "Name": "Proposed",
      "Id": 1
    },
    "ReasonClosed": {
      "Name": "Unassigned"
    },
    "Summary": "Strange behavior when a single-child vertex (in a compound) is dragged",
    "Type": {
      "Name": "Issue",
      "Id": 3
    },
    "VoteCount": 2,
    "Id": 6490
  },
  "FileAttachments": [],
  "Comments": [
    {
      "Message": "I get the same behavior, for me it happens when I drag the outermost object - the auto-zoom seems to interact badly with the drag and causes either the object to accelerate wildly or \"bounce\" in-and-out when I drag it very slowly and then stop.",
      "PostedDate": "2011-06-27T14:19:37.303-07:00",
      "Id": 38427
    }
  ]
}