{
  "WorkItem": {
    "AffectedComponent": {
      "Name": "",
      "DisplayName": ""
    },
    "ClosedComment": "Fixed in 31551.",
    "ClosedDate": "2009-10-07T02:14:22.1-07:00",
    "CommentCount": 1,
    "Custom": "",
    "Description": "Exception \"An unhandled exception of type 'System.Reflection.TargetInvocationException' occurred in mscorlib.dll  Additional information: Exception has been thrown by the target of an invocation.\" occurs on the e.RaiseEvents( args ); line.  To reproduce load up the sample app, load several graphs, switch between them rapidly and hover mouse over graph while it is transitioning.",
    "LastUpdatedDate": "2009-10-07T02:14:22.1-07:00",
    "PlannedForRelease": "",
    "ReleaseVisibleToPublic": false,
    "Priority": {
      "Name": "Low",
      "Severity": 50,
      "Id": 1
    },
    "ProjectName": "graphsharp",
    "ReportedDate": "2009-07-17T10:40:27.04-07:00",
    "Status": {
      "Name": "Closed",
      "Id": 4
    },
    "ReasonClosed": {
      "Name": "Unassigned"
    },
    "Summary": "Crash in GraphElementControl.cs|HighlightTrigger_Coerce",
    "Type": {
      "Name": "Issue",
      "Id": 3
    },
    "VoteCount": 1,
    "Id": 3540
  },
  "FileAttachments": [],
  "Comments": [
    {
      "Message": "I think I might have fixed (avoided) this in revision 31551.  The fix is a bit of a hack, and I think we need to investigate further and try to figure out a better fix, but at least it stops the exception from occurring when doing the hover.  I encountered this in my own codebase, but my use case was similar to yours, and this is the same place I think I saw the exception, so I suspect this is fixed.",
      "PostedDate": "2009-10-07T02:13:51.63-07:00",
      "Id": 29775
    }
  ]
}