[
  {
    "Id": "0",
    "Name": "GraphSharp v1.5",
    "DevelopmentStatus": "Planning",
    "Description": "- Silverlight support\n- bugfixes\n- strong naming\n\nIssue tracker permalink:\n[url:http://graphsharp.codeplex.com/workitem/list/advanced?keyword=&status=All&type=All&priority=All&release=GraphSharp%20-%201.5&assignedTo=All&component=All&sortField=LastUpdatedDate&sortDirection=Descending&page=0]",
    "ReleasedDatge": "0001-01-01T00:00:00",
    "ModifiedDate": "2011-04-20T01:16:24.637-07:00",
    "Files": []
  },
  {
    "Id": "1",
    "Name": "GraphSharp v2.0",
    "DevelopmentStatus": "Planning",
    "Description": "- Multilevel layout algorithms\n- performance tuning",
    "ReleasedDatge": "0001-01-01T00:00:00",
    "ModifiedDate": "2011-04-20T01:17:06.737-07:00",
    "Files": []
  },
  {
    "Id": "2",
    "Name": "GraphSharp v1.0",
    "DevelopmentStatus": "Stable",
    "Description": "The first release of the project.\nThe sample package contains some testgraphs (for the Efficient Sugiyama algorithm) in xml format which can be opened with the sample application.",
    "ReleasedDatge": "0001-01-01T00:00:00",
    "ModifiedDate": "2009-06-01T05:20:25.367-07:00",
    "Files": [
      {
        "Id": "2fbba411-e7b4-4097-b3f4-7559cc629bd9",
        "FileName": "GraphSharp-v1.0-sample.zip",
        "Url": "./2/2fbba411-e7b4-4097-b3f4-7559cc629bd9",
        "Type": "Example",
        "UploadDate": "2009-05-31T15:47:06.02-07:00"
      },
      {
        "Id": "162642fc-c193-43ee-ad7c-e4d46c00d969",
        "FileName": "GraphSharp-v1.0-release.zip",
        "Url": "./2/162642fc-c193-43ee-ad7c-e4d46c00d969",
        "Type": "Application",
        "UploadDate": "2009-06-01T05:20:25.243-07:00"
      },
      {
        "Id": "6c9a9e90-777e-4e50-9442-7430ccf5fd20",
        "FileName": "GraphSharp-v1.0-source.zip",
        "Url": "./2/6c9a9e90-777e-4e50-9442-7430ccf5fd20",
        "Type": "Source Code",
        "UploadDate": "2009-05-31T15:47:06.1-07:00"
      }
    ]
  }
]